﻿<?xml version="1.0" encoding="utf-8"?>
<Map>
	<Spritesheet Name="startingRoomSpritesheet" />
	<Spritesheet Name="castleTerrainSpritesheet" />
	<Spritesheet Name="dungeonTerrainSpritesheet" />
	<Spritesheet Name="towerTerrainSpritesheet" />
	<Spritesheet Name="gardenTerrainSpritesheet" />
	<RoomObject Name="Bonus" X="0" Y="0" Width="2640" Height="1440" ScaleX="1" ScaleY="1" Tag="10" SelectionMode="0" DisplayBG="False" CastlePool="True" GardenPool="True" TowerPool="True" DungeonPool="True">
		<GameObject Type="CollHullObj" Name="unknown"  X="0"  Y="0"  Width="540"  Height="1440"  ScaleX="1"  ScaleY="1"  Rotation="0"  Flip="False"  Tag=""  LevelType="0"  CollidesTop="True" CollidesBottom="True" CollidesRight="True" CollidesLeft="True" />
		<GameObject Type="DoorObj" Name="unknown"  X="540"  Y="1380"  Width="240"  Height="60"  ScaleX="1"  ScaleY="1"  Rotation="0"  Flip="False"  Tag=""  LevelType="0"  DoorPos="Bottom" BossDoor="False" />
		<GameObject Type="CollHullObj" Name="unknown"  X="780"  Y="1380"  Width="1320"  Height="60"  ScaleX="1"  ScaleY="1"  Rotation="0"  Flip="False"  Tag=""  LevelType="0"  CollidesTop="True" CollidesBottom="True" CollidesRight="True" CollidesLeft="True" />
		<GameObject Type="CollHullObj" Name="unknown"  X="540"  Y="0"  Width="1560"  Height="60"  ScaleX="1"  ScaleY="1"  Rotation="0"  Flip="False"  Tag=""  LevelType="0"  CollidesTop="True" CollidesBottom="True" CollidesRight="True" CollidesLeft="True" />
		<GameObject Type="BorderObj" Name="unknown"  X="480"  Y="60"  Width="60"  Height="1320"  ScaleX="1"  ScaleY="1"  Rotation="0"  Flip="False"  Tag=""  LevelType="0"  CollidesTop="False" CollidesBottom="False" CollidesRight="True" CollidesLeft="False" />
		<GameObject Type="BorderObj" Name="unknown"  X="780"  Y="1380"  Width="1320"  Height="30"  ScaleX="1"  ScaleY="1"  Rotation="0"  Flip="False"  Tag=""  LevelType="0"  CollidesTop="True" CollidesBottom="False" CollidesRight="False" CollidesLeft="False" />
		<GameObject Type="BorderObj" Name="unknown"  X="540"  Y="0"  Width="1560"  Height="60"  ScaleX="1"  ScaleY="1"  Rotation="0"  Flip="False"  Tag=""  LevelType="0"  CollidesTop="False" CollidesBottom="True" CollidesRight="False" CollidesLeft="False" />
		<GameObject Type="EnemyObj" Name="unknown"  X="570"  Y="86"  Width="60"  Height="60"  ScaleX="1"  ScaleY="1"  Rotation="90"  Flip="False"  Tag="delay:3.75, speed:750"  LevelType="0"  EnemyType="17" Difficulty="BASIC" InitialDelay="1.5" Procedural="False" SpriteName="EnemyTurretFire_Character" />
		<GameObject Type="EnemyObj" Name="unknown"  X="630"  Y="86"  Width="60"  Height="60"  ScaleX="1"  ScaleY="1"  Rotation="90"  Flip="False"  Tag="delay:3.75, speed:750"  LevelType="0"  EnemyType="17" Difficulty="BASIC" InitialDelay="2.25" Procedural="False" SpriteName="EnemyTurretFire_Character" />
		<GameObject Type="EnemyObj" Name="unknown"  X="690"  Y="86"  Width="60"  Height="60"  ScaleX="1"  ScaleY="1"  Rotation="90"  Flip="False"  Tag="delay:3.75, speed:750"  LevelType="0"  EnemyType="17" Difficulty="BASIC" InitialDelay="3" Procedural="False" SpriteName="EnemyTurretFire_Character" />
		<GameObject Type="EnemyObj" Name="unknown"  X="750"  Y="86"  Width="60"  Height="60"  ScaleX="1"  ScaleY="1"  Rotation="90"  Flip="False"  Tag="delay:3.75, speed:750"  LevelType="0"  EnemyType="17" Difficulty="BASIC" InitialDelay="0" Procedural="False" SpriteName="EnemyTurretFire_Character" />
		<GameObject Type="EnemyObj" Name="unknown"  X="810"  Y="86"  Width="60"  Height="60"  ScaleX="1"  ScaleY="1"  Rotation="90"  Flip="False"  Tag="delay:3.75, speed:750"  LevelType="0"  EnemyType="17" Difficulty="BASIC" InitialDelay="0.75" Procedural="False" SpriteName="EnemyTurretFire_Character" />
		<GameObject Type="EnemyObj" Name="unknown"  X="870"  Y="86"  Width="60"  Height="60"  ScaleX="1"  ScaleY="1"  Rotation="90"  Flip="False"  Tag="delay:3.75, speed:750"  LevelType="0"  EnemyType="17" Difficulty="BASIC" InitialDelay="1.5" Procedural="False" SpriteName="EnemyTurretFire_Character" />
		<GameObject Type="EnemyObj" Name="unknown"  X="930"  Y="86"  Width="60"  Height="60"  ScaleX="1"  ScaleY="1"  Rotation="90"  Flip="False"  Tag="delay:3.75, speed:750"  LevelType="0"  EnemyType="17" Difficulty="BASIC" InitialDelay="2.25" Procedural="False" SpriteName="EnemyTurretFire_Character" />
		<GameObject Type="EnemyObj" Name="unknown"  X="990"  Y="86"  Width="60"  Height="60"  ScaleX="1"  ScaleY="1"  Rotation="90"  Flip="False"  Tag="delay:3.75, speed:750"  LevelType="0"  EnemyType="17" Difficulty="BASIC" InitialDelay="3" Procedural="False" SpriteName="EnemyTurretFire_Character" />
		<GameObject Type="EnemyObj" Name="unknown"  X="1050"  Y="86"  Width="60"  Height="60"  ScaleX="1"  ScaleY="1"  Rotation="90"  Flip="False"  Tag="delay:3.75, speed:750"  LevelType="0"  EnemyType="17" Difficulty="BASIC" InitialDelay="0" Procedural="False" SpriteName="EnemyTurretFire_Character" />
		<GameObject Type="EnemyObj" Name="unknown"  X="1110"  Y="86"  Width="60"  Height="60"  ScaleX="1"  ScaleY="1"  Rotation="90"  Flip="False"  Tag="delay:3.75, speed:750"  LevelType="0"  EnemyType="17" Difficulty="BASIC" InitialDelay="0.75" Procedural="False" SpriteName="EnemyTurretFire_Character" />
		<GameObject Type="EnemyObj" Name="unknown"  X="1170"  Y="86"  Width="60"  Height="60"  ScaleX="1"  ScaleY="1"  Rotation="90"  Flip="False"  Tag="delay:3.75, speed:750"  LevelType="0"  EnemyType="17" Difficulty="BASIC" InitialDelay="1.5" Procedural="False" SpriteName="EnemyTurretFire_Character" />
		<GameObject Type="EnemyObj" Name="unknown"  X="1230"  Y="86"  Width="60"  Height="60"  ScaleX="1"  ScaleY="1"  Rotation="90"  Flip="False"  Tag="delay:3.75, speed:750"  LevelType="0"  EnemyType="17" Difficulty="BASIC" InitialDelay="2.25" Procedural="False" SpriteName="EnemyTurretFire_Character" />
		<GameObject Type="EnemyObj" Name="unknown"  X="1290"  Y="86"  Width="60"  Height="60"  ScaleX="1"  ScaleY="1"  Rotation="90"  Flip="False"  Tag="delay:3.75, speed:750"  LevelType="0"  EnemyType="17" Difficulty="BASIC" InitialDelay="3" Procedural="False" SpriteName="EnemyTurretFire_Character" />
		<GameObject Type="EnemyObj" Name="unknown"  X="1350"  Y="86"  Width="60"  Height="60"  ScaleX="1"  ScaleY="1"  Rotation="90"  Flip="False"  Tag="delay:3.75, speed:750"  LevelType="0"  EnemyType="17" Difficulty="BASIC" InitialDelay="0" Procedural="False" SpriteName="EnemyTurretFire_Character" />
		<GameObject Type="EnemyObj" Name="unknown"  X="1410"  Y="86"  Width="60"  Height="60"  ScaleX="1"  ScaleY="1"  Rotation="90"  Flip="False"  Tag="delay:3.75, speed:750"  LevelType="0"  EnemyType="17" Difficulty="BASIC" InitialDelay="3" Procedural="False" SpriteName="EnemyTurretFire_Character" />
		<GameObject Type="EnemyObj" Name="unknown"  X="1470"  Y="86"  Width="60"  Height="60"  ScaleX="1"  ScaleY="1"  Rotation="90"  Flip="False"  Tag="delay:3.75, speed:750"  LevelType="0"  EnemyType="17" Difficulty="BASIC" InitialDelay="2.25" Procedural="False" SpriteName="EnemyTurretFire_Character" />
		<GameObject Type="EnemyObj" Name="unknown"  X="1530"  Y="86"  Width="60"  Height="60"  ScaleX="1"  ScaleY="1"  Rotation="90"  Flip="False"  Tag="delay:3.75, speed:750"  LevelType="0"  EnemyType="17" Difficulty="BASIC" InitialDelay="1.5" Procedural="False" SpriteName="EnemyTurretFire_Character" />
		<GameObject Type="EnemyObj" Name="unknown"  X="1590"  Y="86"  Width="60"  Height="60"  ScaleX="1"  ScaleY="1"  Rotation="90"  Flip="False"  Tag="delay:3.75, speed:750"  LevelType="0"  EnemyType="17" Difficulty="BASIC" InitialDelay="0.75" Procedural="False" SpriteName="EnemyTurretFire_Character" />
		<GameObject Type="EnemyObj" Name="unknown"  X="1650"  Y="86"  Width="60"  Height="60"  ScaleX="1"  ScaleY="1"  Rotation="90"  Flip="False"  Tag="delay:3.75, speed:750"  LevelType="0"  EnemyType="17" Difficulty="BASIC" InitialDelay="0" Procedural="False" SpriteName="EnemyTurretFire_Character" />
		<GameObject Type="EnemyObj" Name="unknown"  X="1710"  Y="86"  Width="60"  Height="60"  ScaleX="1"  ScaleY="1"  Rotation="90"  Flip="False"  Tag="delay:3.75, speed:750"  LevelType="0"  EnemyType="17" Difficulty="BASIC" InitialDelay="3" Procedural="False" SpriteName="EnemyTurretFire_Character" />
		<GameObject Type="EnemyObj" Name="unknown"  X="1770"  Y="86"  Width="60"  Height="60"  ScaleX="1"  ScaleY="1"  Rotation="90"  Flip="False"  Tag="delay:3.75, speed:750"  LevelType="0"  EnemyType="17" Difficulty="BASIC" InitialDelay="2.25" Procedural="False" SpriteName="EnemyTurretFire_Character" />
		<GameObject Type="EnemyObj" Name="unknown"  X="1830"  Y="86"  Width="60"  Height="60"  ScaleX="1"  ScaleY="1"  Rotation="90"  Flip="False"  Tag="delay:3.75, speed:750"  LevelType="0"  EnemyType="17" Difficulty="BASIC" InitialDelay="1.5" Procedural="False" SpriteName="EnemyTurretFire_Character" />
		<GameObject Type="EnemyObj" Name="unknown"  X="1890"  Y="86"  Width="60"  Height="60"  ScaleX="1"  ScaleY="1"  Rotation="90"  Flip="False"  Tag="delay:3.75, speed:750"  LevelType="0"  EnemyType="17" Difficulty="BASIC" InitialDelay="0" Procedural="False" SpriteName="EnemyTurretFire_Character" />
		<GameObject Type="EnemyObj" Name="unknown"  X="1950"  Y="86"  Width="60"  Height="60"  ScaleX="1"  ScaleY="1"  Rotation="90"  Flip="False"  Tag="delay:3.75, speed:750"  LevelType="0"  EnemyType="17" Difficulty="BASIC" InitialDelay="3" Procedural="False" SpriteName="EnemyTurretFire_Character" />
		<GameObject Type="EnemyObj" Name="unknown"  X="2010"  Y="86"  Width="60"  Height="60"  ScaleX="1"  ScaleY="1"  Rotation="90"  Flip="False"  Tag="delay:3.75, speed:750"  LevelType="0"  EnemyType="17" Difficulty="BASIC" InitialDelay="2.25" Procedural="False" SpriteName="EnemyTurretFire_Character" />
		<GameObject Type="EnemyObj" Name="unknown"  X="2070"  Y="86"  Width="60"  Height="60"  ScaleX="1"  ScaleY="1"  Rotation="90"  Flip="False"  Tag="delay:3.75, speed:750"  LevelType="0"  EnemyType="17" Difficulty="BASIC" InitialDelay="1.5" Procedural="False" SpriteName="EnemyTurretFire_Character" />
		<GameObject Type="EnemyObj" Name="unknown"  X="810"  Y="1395"  Width="60"  Height="30"  ScaleX="1"  ScaleY="1"  Rotation="0"  Flip="False"  Tag=""  LevelType="0"  EnemyType="21" Difficulty="BASIC" InitialDelay="0" Procedural="False" SpriteName="EnemySpikeTrap_Character" />
		<GameObject Type="EnemyObj" Name="unknown"  X="870"  Y="1395"  Width="60"  Height="30"  ScaleX="1"  ScaleY="1"  Rotation="0"  Flip="False"  Tag=""  LevelType="0"  EnemyType="21" Difficulty="BASIC" InitialDelay="0" Procedural="False" SpriteName="EnemySpikeTrap_Character" />
		<GameObject Type="EnemyObj" Name="unknown"  X="930"  Y="1395"  Width="60"  Height="30"  ScaleX="1"  ScaleY="1"  Rotation="0"  Flip="False"  Tag=""  LevelType="0"  EnemyType="21" Difficulty="BASIC" InitialDelay="0" Procedural="False" SpriteName="EnemySpikeTrap_Character" />
		<GameObject Type="EnemyObj" Name="unknown"  X="990"  Y="1395"  Width="60"  Height="30"  ScaleX="1"  ScaleY="1"  Rotation="0"  Flip="False"  Tag=""  LevelType="0"  EnemyType="21" Difficulty="BASIC" InitialDelay="0" Procedural="False" SpriteName="EnemySpikeTrap_Character" />
		<GameObject Type="EnemyObj" Name="unknown"  X="1050"  Y="1395"  Width="60"  Height="30"  ScaleX="1"  ScaleY="1"  Rotation="0"  Flip="False"  Tag=""  LevelType="0"  EnemyType="21" Difficulty="BASIC" InitialDelay="0" Procedural="False" SpriteName="EnemySpikeTrap_Character" />
		<GameObject Type="EnemyObj" Name="unknown"  X="1110"  Y="1395"  Width="60"  Height="30"  ScaleX="1"  ScaleY="1"  Rotation="0"  Flip="False"  Tag=""  LevelType="0"  EnemyType="21" Difficulty="BASIC" InitialDelay="0" Procedural="False" SpriteName="EnemySpikeTrap_Character" />
		<GameObject Type="EnemyObj" Name="unknown"  X="1170"  Y="1395"  Width="60"  Height="30"  ScaleX="1"  ScaleY="1"  Rotation="0"  Flip="False"  Tag=""  LevelType="0"  EnemyType="21" Difficulty="BASIC" InitialDelay="0" Procedural="False" SpriteName="EnemySpikeTrap_Character" />
		<GameObject Type="EnemyObj" Name="unknown"  X="1230"  Y="1395"  Width="60"  Height="30"  ScaleX="1"  ScaleY="1"  Rotation="0"  Flip="False"  Tag=""  LevelType="0"  EnemyType="21" Difficulty="BASIC" InitialDelay="0" Procedural="False" SpriteName="EnemySpikeTrap_Character" />
		<GameObject Type="EnemyObj" Name="unknown"  X="1290"  Y="1395"  Width="60"  Height="30"  ScaleX="1"  ScaleY="1"  Rotation="0"  Flip="False"  Tag=""  LevelType="0"  EnemyType="21" Difficulty="BASIC" InitialDelay="0" Procedural="False" SpriteName="EnemySpikeTrap_Character" />
		<GameObject Type="EnemyObj" Name="unknown"  X="1350"  Y="1395"  Width="60"  Height="30"  ScaleX="1"  ScaleY="1"  Rotation="0"  Flip="False"  Tag=""  LevelType="0"  EnemyType="21" Difficulty="BASIC" InitialDelay="0" Procedural="False" SpriteName="EnemySpikeTrap_Character" />
		<GameObject Type="EnemyObj" Name="unknown"  X="1410"  Y="1395"  Width="60"  Height="30"  ScaleX="1"  ScaleY="1"  Rotation="0"  Flip="False"  Tag=""  LevelType="0"  EnemyType="21" Difficulty="BASIC" InitialDelay="0" Procedural="False" SpriteName="EnemySpikeTrap_Character" />
		<GameObject Type="EnemyObj" Name="unknown"  X="1470"  Y="1395"  Width="60"  Height="30"  ScaleX="1"  ScaleY="1"  Rotation="0"  Flip="False"  Tag=""  LevelType="0"  EnemyType="21" Difficulty="BASIC" InitialDelay="0" Procedural="False" SpriteName="EnemySpikeTrap_Character" />
		<GameObject Type="EnemyObj" Name="unknown"  X="1530"  Y="1395"  Width="60"  Height="30"  ScaleX="1"  ScaleY="1"  Rotation="0"  Flip="False"  Tag=""  LevelType="0"  EnemyType="21" Difficulty="BASIC" InitialDelay="0" Procedural="False" SpriteName="EnemySpikeTrap_Character" />
		<GameObject Type="EnemyObj" Name="unknown"  X="1590"  Y="1395"  Width="60"  Height="30"  ScaleX="1"  ScaleY="1"  Rotation="0"  Flip="False"  Tag=""  LevelType="0"  EnemyType="21" Difficulty="BASIC" InitialDelay="0" Procedural="False" SpriteName="EnemySpikeTrap_Character" />
		<GameObject Type="EnemyObj" Name="unknown"  X="1650"  Y="1395"  Width="60"  Height="30"  ScaleX="1"  ScaleY="1"  Rotation="0"  Flip="False"  Tag=""  LevelType="0"  EnemyType="21" Difficulty="BASIC" InitialDelay="0" Procedural="False" SpriteName="EnemySpikeTrap_Character" />
		<GameObject Type="EnemyObj" Name="unknown"  X="1710"  Y="1395"  Width="60"  Height="30"  ScaleX="1"  ScaleY="1"  Rotation="0"  Flip="False"  Tag=""  LevelType="0"  EnemyType="21" Difficulty="BASIC" InitialDelay="0" Procedural="False" SpriteName="EnemySpikeTrap_Character" />
		<GameObject Type="EnemyObj" Name="unknown"  X="1770"  Y="1395"  Width="60"  Height="30"  ScaleX="1"  ScaleY="1"  Rotation="0"  Flip="False"  Tag=""  LevelType="0"  EnemyType="21" Difficulty="BASIC" InitialDelay="0" Procedural="False" SpriteName="EnemySpikeTrap_Character" />
		<GameObject Type="EnemyObj" Name="unknown"  X="1830"  Y="1395"  Width="60"  Height="30"  ScaleX="1"  ScaleY="1"  Rotation="0"  Flip="False"  Tag=""  LevelType="0"  EnemyType="21" Difficulty="BASIC" InitialDelay="0" Procedural="False" SpriteName="EnemySpikeTrap_Character" />
		<GameObject Type="EnemyObj" Name="unknown"  X="1890"  Y="1395"  Width="60"  Height="30"  ScaleX="1"  ScaleY="1"  Rotation="0"  Flip="False"  Tag=""  LevelType="0"  EnemyType="21" Difficulty="BASIC" InitialDelay="0" Procedural="False" SpriteName="EnemySpikeTrap_Character" />
		<GameObject Type="EnemyObj" Name="unknown"  X="1950"  Y="1395"  Width="60"  Height="30"  ScaleX="1"  ScaleY="1"  Rotation="0"  Flip="False"  Tag=""  LevelType="0"  EnemyType="21" Difficulty="BASIC" InitialDelay="0" Procedural="False" SpriteName="EnemySpikeTrap_Character" />
		<GameObject Type="EnemyObj" Name="unknown"  X="2010"  Y="1395"  Width="60"  Height="30"  ScaleX="1"  ScaleY="1"  Rotation="0"  Flip="False"  Tag=""  LevelType="0"  EnemyType="21" Difficulty="BASIC" InitialDelay="0" Procedural="False" SpriteName="EnemySpikeTrap_Character" />
		<GameObject Type="EnemyObj" Name="unknown"  X="2070"  Y="1395"  Width="60"  Height="30"  ScaleX="1"  ScaleY="1"  Rotation="0"  Flip="False"  Tag=""  LevelType="0"  EnemyType="21" Difficulty="BASIC" InitialDelay="0" Procedural="False" SpriteName="EnemySpikeTrap_Character" />
		<GameObject Type="ChestObj" Name="unknown"  X="1290"  Y="810"  Width="60"  Height="60"  ScaleX="1"  ScaleY="1"  Rotation="0"  Flip="False"  Tag=""  LevelType="0"  Fairy="False" />
		<GameObject Type="CollHullObj" Name="unknown"  X="1230"  Y="870"  Width="180"  Height="60"  ScaleX="1"  ScaleY="1"  Rotation="0"  Flip="False"  Tag=""  LevelType="0"  CollidesTop="True" CollidesBottom="False" CollidesRight="False" CollidesLeft="False" />
		<GameObject Type="BorderObj" Name="unknown"  X="1230"  Y="870"  Width="180"  Height="30"  ScaleX="1"  ScaleY="1"  Rotation="0"  Flip="False"  Tag=""  LevelType="0"  CollidesTop="True" CollidesBottom="False" CollidesRight="False" CollidesLeft="False" />
		<GameObject Type="EnemyObj" Name="unknown"  X="900"  Y="1080"  Width="60"  Height="60"  ScaleX="1"  ScaleY="1"  Rotation="0"  Flip="False"  Tag=""  LevelType="0"  EnemyType="27" Difficulty="BASIC" InitialDelay="0" Procedural="False" SpriteName="EnemyPlatform_Character" />
		<GameObject Type="EnemyObj" Name="unknown"  X="1740"  Y="1080"  Width="60"  Height="60"  ScaleX="1"  ScaleY="1"  Rotation="0"  Flip="True"  Tag=""  LevelType="0"  EnemyType="27" Difficulty="BASIC" InitialDelay="0" Procedural="False" SpriteName="EnemyPlatform_Character" />
		<GameObject Type="CollHullObj" Name="unknown"  X="2100"  Y="0"  Width="540"  Height="1440"  ScaleX="1"  ScaleY="1"  Rotation="0"  Flip="False"  Tag=""  LevelType="0"  CollidesTop="True" CollidesBottom="True" CollidesRight="True" CollidesLeft="True" />
		<GameObject Type="BorderObj" Name="unknown"  X="2100"  Y="60"  Width="60"  Height="1320"  ScaleX="1"  ScaleY="1"  Rotation="0"  Flip="False"  Tag=""  LevelType="0"  CollidesTop="False" CollidesBottom="False" CollidesRight="False" CollidesLeft="True" />
		<GameObject Type="ObjContainer" Name="unknown"  X="780"  Y="60"  Width="60"  Height="60"  ScaleX="2"  ScaleY="2"  Rotation="0"  Flip="False"  Tag=""  LevelType="1"  BGLayer="True" Weighted="False" Collidable="False" Breakable="False" SpriteName="CastleBGPillar_Character" />
		<GameObject Type="ObjContainer" Name="unknown"  X="900"  Y="60"  Width="60"  Height="60"  ScaleX="2"  ScaleY="2"  Rotation="0"  Flip="False"  Tag=""  LevelType="1"  BGLayer="True" Weighted="False" Collidable="False" Breakable="False" SpriteName="CastleBGPillar_Character" />
		<GameObject Type="ObjContainer" Name="unknown"  X="900"  Y="780"  Width="60"  Height="60"  ScaleX="2"  ScaleY="2"  Rotation="0"  Flip="False"  Tag=""  LevelType="1"  BGLayer="True" Weighted="False" Collidable="False" Breakable="False" SpriteName="CastleBGPillar_Character" />
		<GameObject Type="ObjContainer" Name="unknown"  X="1020"  Y="60"  Width="60"  Height="60"  ScaleX="2"  ScaleY="2"  Rotation="0"  Flip="False"  Tag=""  LevelType="1"  BGLayer="True" Weighted="False" Collidable="False" Breakable="False" SpriteName="CastleBGPillar_Character" />
		<GameObject Type="ObjContainer" Name="unknown"  X="1620"  Y="60"  Width="60"  Height="60"  ScaleX="2"  ScaleY="2"  Rotation="0"  Flip="True"  Tag=""  LevelType="1"  BGLayer="True" Weighted="False" Collidable="False" Breakable="False" SpriteName="CastleBGPillar_Character" />
		<GameObject Type="ObjContainer" Name="unknown"  X="1740"  Y="60"  Width="60"  Height="60"  ScaleX="2"  ScaleY="2"  Rotation="0"  Flip="True"  Tag=""  LevelType="1"  BGLayer="True" Weighted="False" Collidable="False" Breakable="False" SpriteName="CastleBGPillar_Character" />
		<GameObject Type="ObjContainer" Name="unknown"  X="1740"  Y="780"  Width="60"  Height="60"  ScaleX="2"  ScaleY="2"  Rotation="0"  Flip="True"  Tag=""  LevelType="1"  BGLayer="True" Weighted="False" Collidable="False" Breakable="False" SpriteName="CastleBGPillar_Character" />
		<GameObject Type="ObjContainer" Name="unknown"  X="1860"  Y="60"  Width="60"  Height="60"  ScaleX="2"  ScaleY="2"  Rotation="0"  Flip="True"  Tag=""  LevelType="1"  BGLayer="True" Weighted="False" Collidable="False" Breakable="False" SpriteName="CastleBGPillar_Character" />
		<GameObject Type="SpriteObj" Name="unknown"  X="1320"  Y="1080"  Width="60"  Height="60"  ScaleX="2"  ScaleY="2"  Rotation="0"  Flip="True"  Tag=""  LevelType="1"  BGLayer="True" SpriteName="CastleAssetWindow1_Sprite" />
		<GameObject Type="ObjContainer" Name="unknown"  X="780"  Y="900"  Width="60"  Height="60"  ScaleX="2"  ScaleY="2"  Rotation="0"  Flip="False"  Tag=""  LevelType="1"  BGLayer="False" Weighted="False" Collidable="False" Breakable="False" SpriteName="CastleAssetBackTorch_Character" />
		<GameObject Type="ObjContainer" Name="unknown"  X="900"  Y="840"  Width="60"  Height="60"  ScaleX="2"  ScaleY="2"  Rotation="0"  Flip="False"  Tag=""  LevelType="1"  BGLayer="False" Weighted="False" Collidable="False" Breakable="False" SpriteName="CastleAssetBackTorch_Character" />
		<GameObject Type="ObjContainer" Name="unknown"  X="1620"  Y="900"  Width="60"  Height="60"  ScaleX="2"  ScaleY="2"  Rotation="0"  Flip="False"  Tag=""  LevelType="1"  BGLayer="False" Weighted="False" Collidable="False" Breakable="False" SpriteName="CastleAssetBackTorch_Character" />
		<GameObject Type="ObjContainer" Name="unknown"  X="1740"  Y="840"  Width="60"  Height="60"  ScaleX="2"  ScaleY="2"  Rotation="0"  Flip="True"  Tag=""  LevelType="1"  BGLayer="False" Weighted="False" Collidable="False" Breakable="False" SpriteName="CastleAssetBackTorch_Character" />
		<GameObject Type="ObjContainer" Name="unknown"  X="1860"  Y="900"  Width="60"  Height="60"  ScaleX="2"  ScaleY="2"  Rotation="0"  Flip="True"  Tag=""  LevelType="1"  BGLayer="False" Weighted="False" Collidable="False" Breakable="False" SpriteName="CastleAssetBackTorch_Character" />
		<GameObject Type="ObjContainer" Name="unknown"  X="1020"  Y="900"  Width="60"  Height="60"  ScaleX="2"  ScaleY="2"  Rotation="0"  Flip="True"  Tag=""  LevelType="1"  BGLayer="False" Weighted="False" Collidable="False" Breakable="False" SpriteName="CastleAssetBackTorch_Character" />
		<GameObject Type="EnemyObj" Name="unknown"  X="1740"  Y="1080"  Width="60"  Height="60"  ScaleX="1"  ScaleY="1"  Rotation="0"  Flip="False"  Tag=""  LevelType="0"  EnemyType="16" Difficulty="MINIBOSS" InitialDelay="0" Procedural="False" SpriteName="EnemySwordKnightIdle_Character" />
		<GameObject Type="ObjContainer" Name="unknown"  X="780"  Y="420"  Width="60"  Height="60"  ScaleX="2"  ScaleY="2"  Rotation="0"  Flip="False"  Tag=""  LevelType="1"  BGLayer="False" Weighted="False" Collidable="False" Breakable="False" SpriteName="CastleAssetBackTorch_Character" />
		<GameObject Type="ObjContainer" Name="unknown"  X="900"  Y="360"  Width="60"  Height="60"  ScaleX="2"  ScaleY="2"  Rotation="0"  Flip="False"  Tag=""  LevelType="1"  BGLayer="False" Weighted="False" Collidable="False" Breakable="False" SpriteName="CastleAssetBackTorch_Character" />
		<GameObject Type="ObjContainer" Name="unknown"  X="1020"  Y="420"  Width="60"  Height="60"  ScaleX="2"  ScaleY="2"  Rotation="0"  Flip="True"  Tag=""  LevelType="1"  BGLayer="False" Weighted="False" Collidable="False" Breakable="False" SpriteName="CastleAssetBackTorch_Character" />
		<GameObject Type="ObjContainer" Name="unknown"  X="1620"  Y="420"  Width="60"  Height="60"  ScaleX="2"  ScaleY="2"  Rotation="0"  Flip="False"  Tag=""  LevelType="1"  BGLayer="False" Weighted="False" Collidable="False" Breakable="False" SpriteName="CastleAssetBackTorch_Character" />
		<GameObject Type="ObjContainer" Name="unknown"  X="1740"  Y="360"  Width="60"  Height="60"  ScaleX="2"  ScaleY="2"  Rotation="0"  Flip="True"  Tag=""  LevelType="1"  BGLayer="False" Weighted="False" Collidable="False" Breakable="False" SpriteName="CastleAssetBackTorch_Character" />
		<GameObject Type="ObjContainer" Name="unknown"  X="1860"  Y="420"  Width="60"  Height="60"  ScaleX="2"  ScaleY="2"  Rotation="0"  Flip="True"  Tag=""  LevelType="1"  BGLayer="False" Weighted="False" Collidable="False" Breakable="False" SpriteName="CastleAssetBackTorch_Character" />
		<GameObject Type="SpriteObj" Name="unknown"  X="1320"  Y="480"  Width="60"  Height="60"  ScaleX="6"  ScaleY="6"  Rotation="0"  Flip="False"  Tag=""  LevelType="1"  BGLayer="True" SpriteName="CastleAssetFrame_Sprite" />
		<GameObject Type="ObjContainer" Name="unknown"  X="900"  Y="1380"  Width="60"  Height="60"  ScaleX="2"  ScaleY="2"  Rotation="0"  Flip="False"  Tag=""  LevelType="1"  BGLayer="False" Weighted="False" Collidable="False" Breakable="False" SpriteName="CastleAssetFireplace_Character" />
		<GameObject Type="ObjContainer" Name="unknown"  X="1740"  Y="1380"  Width="60"  Height="60"  ScaleX="2"  ScaleY="2"  Rotation="0"  Flip="True"  Tag=""  LevelType="1"  BGLayer="False" Weighted="False" Collidable="False" Breakable="False" SpriteName="CastleAssetFireplace_Character" />
		<GameObject Type="ObjContainer" Name="unknown"  X="780"  Y="660"  Width="60"  Height="60"  ScaleX="2"  ScaleY="2"  Rotation="0"  Flip="False"  Tag=""  LevelType="1"  BGLayer="True" Weighted="False" Collidable="False" Breakable="False" SpriteName="CastleBGPillar_Character" />
		<GameObject Type="ObjContainer" Name="unknown"  X="1020"  Y="780"  Width="60"  Height="60"  ScaleX="2"  ScaleY="2"  Rotation="0"  Flip="False"  Tag=""  LevelType="1"  BGLayer="True" Weighted="False" Collidable="False" Breakable="False" SpriteName="CastleBGPillar_Character" />
		<GameObject Type="ObjContainer" Name="unknown"  X="1620"  Y="780"  Width="60"  Height="60"  ScaleX="2"  ScaleY="2"  Rotation="0"  Flip="True"  Tag=""  LevelType="1"  BGLayer="True" Weighted="False" Collidable="False" Breakable="False" SpriteName="CastleBGPillar_Character" />
		<GameObject Type="ObjContainer" Name="unknown"  X="1860"  Y="780"  Width="60"  Height="60"  ScaleX="2"  ScaleY="2"  Rotation="0"  Flip="True"  Tag=""  LevelType="1"  BGLayer="True" Weighted="False" Collidable="False" Breakable="False" SpriteName="CastleBGPillar_Character" />
		<GameObject Type="PhysicsObjContainer" Name="unknown"  X="660"  Y="1380"  Width="60"  Height="60"  ScaleX="2"  ScaleY="2"  Rotation="0"  Flip="True"  Tag=""  LevelType="0"  BGLayer="False" Weighted="False" Collidable="False" Breakable="True" SpriteName="CastleAssetKnightStatue_Character" />
		<GameObject Type="PhysicsObjContainer" Name="unknown"  X="1980"  Y="1380"  Width="60"  Height="60"  ScaleX="2"  ScaleY="2"  Rotation="0"  Flip="False"  Tag=""  LevelType="0"  BGLayer="False" Weighted="False" Collidable="False" Breakable="True" SpriteName="CastleAssetKnightStatue_Character" />
		<GameObject Type="PhysicsObjContainer" Name="unknown"  X="1170"  Y="1380"  Width="60"  Height="60"  ScaleX="2"  ScaleY="2"  Rotation="0"  Flip="True"  Tag=""  LevelType="1"  BGLayer="False" Weighted="False" Collidable="False" Breakable="True" SpriteName="CastleAssetCandle2_Character" />
		<GameObject Type="PhysicsObjContainer" Name="unknown"  X="1320"  Y="1380"  Width="60"  Height="60"  ScaleX="2"  ScaleY="2"  Rotation="0"  Flip="True"  Tag=""  LevelType="1"  BGLayer="False" Weighted="False" Collidable="False" Breakable="True" SpriteName="CastleAssetCandle1_Character" />
		<GameObject Type="PhysicsObjContainer" Name="unknown"  X="1470"  Y="1380"  Width="60"  Height="60"  ScaleX="2"  ScaleY="2"  Rotation="0"  Flip="False"  Tag=""  LevelType="1"  BGLayer="False" Weighted="False" Collidable="False" Breakable="True" SpriteName="CastleAssetCandle2_Character" />
		<GameObject Type="PhysicsObjContainer" Name="unknown"  X="660"  Y="60"  Width="60"  Height="60"  ScaleX="2"  ScaleY="2"  Rotation="0"  Flip="True"  Tag=""  LevelType="1"  BGLayer="False" Weighted="False" Collidable="False" Breakable="True" SpriteName="CastleAssetChandelier2_Character" />
		<GameObject Type="PhysicsObjContainer" Name="unknown"  X="1500"  Y="60"  Width="60"  Height="60"  ScaleX="2"  ScaleY="2"  Rotation="0"  Flip="True"  Tag=""  LevelType="1"  BGLayer="False" Weighted="False" Collidable="False" Breakable="True" SpriteName="CastleAssetChandelier1_Character" />
		<GameObject Type="PhysicsObjContainer" Name="unknown"  X="1980"  Y="60"  Width="60"  Height="60"  ScaleX="2"  ScaleY="2"  Rotation="0"  Flip="False"  Tag=""  LevelType="1"  BGLayer="False" Weighted="False" Collidable="False" Breakable="True" SpriteName="CastleAssetChandelier2_Character" />
		<GameObject Type="PhysicsObjContainer" Name="unknown"  X="1140"  Y="60"  Width="60"  Height="60"  ScaleX="2"  ScaleY="2"  Rotation="0"  Flip="False"  Tag=""  LevelType="1"  BGLayer="False" Weighted="False" Collidable="False" Breakable="True" SpriteName="CastleAssetChandelier1_Character" />
	</RoomObject>
</Map>