﻿<?xml version="1.0" encoding="utf-8"?>
<Map>
	<Spritesheet Name="startingRoomSpritesheet" />
	<Spritesheet Name="castleTerrainSpritesheet" />
	<Spritesheet Name="dungeonTerrainSpritesheet" />
	<Spritesheet Name="towerTerrainSpritesheet" />
	<Spritesheet Name="gardenTerrainSpritesheet" />
	<RoomObject Name="unknown" X="0" Y="0" Width="1320" Height="720" ScaleX="1" ScaleY="1" Tag="" SelectionMode="0" DisplayBG="False" CastlePool="True" GardenPool="True" TowerPool="True" DungeonPool="True">
		<GameObject Type="CollHullObj" Name="unknown"  X="0"  Y="660"  Width="540"  Height="60"  ScaleX="1"  ScaleY="1"  Rotation="0"  Flip="False"  Tag=""  LevelType="0"  CollidesTop="True" CollidesBottom="True" CollidesRight="True" CollidesLeft="True" />
		<GameObject Type="CollHullObj" Name="unknown"  X="0"  Y="420"  Width="120"  Height="240"  ScaleX="1"  ScaleY="1"  Rotation="0"  Flip="False"  Tag=""  LevelType="0"  CollidesTop="True" CollidesBottom="True" CollidesRight="True" CollidesLeft="True" />
		<GameObject Type="DoorObj" Name="unknown"  X="0"  Y="240"  Width="120"  Height="180"  ScaleX="1"  ScaleY="1"  Rotation="0"  Flip="False"  Tag=""  LevelType="0"  DoorPos="Left" BossDoor="False" />
		<GameObject Type="DoorObj" Name="unknown"  X="1200"  Y="240"  Width="120"  Height="180"  ScaleX="1"  ScaleY="1"  Rotation="0"  Flip="False"  Tag=""  LevelType="0"  DoorPos="Right" BossDoor="False" />
		<GameObject Type="DoorObj" Name="unknown"  X="540"  Y="660"  Width="240"  Height="60"  ScaleX="1"  ScaleY="1"  Rotation="0"  Flip="False"  Tag=""  LevelType="0"  DoorPos="Bottom" BossDoor="False" />
		<GameObject Type="CollHullObj" Name="unknown"  X="0"  Y="60"  Width="120"  Height="180"  ScaleX="1"  ScaleY="1"  Rotation="0"  Flip="False"  Tag=""  LevelType="0"  CollidesTop="True" CollidesBottom="True" CollidesRight="True" CollidesLeft="True" />
		<GameObject Type="CollHullObj" Name="unknown"  X="0"  Y="0"  Width="1320"  Height="60"  ScaleX="1"  ScaleY="1"  Rotation="0"  Flip="False"  Tag=""  LevelType="0"  CollidesTop="True" CollidesBottom="True" CollidesRight="True" CollidesLeft="True" />
		<GameObject Type="CollHullObj" Name="unknown"  X="1200"  Y="60"  Width="120"  Height="180"  ScaleX="1"  ScaleY="1"  Rotation="0"  Flip="False"  Tag=""  LevelType="0"  CollidesTop="True" CollidesBottom="True" CollidesRight="True" CollidesLeft="True" />
		<GameObject Type="CollHullObj" Name="unknown"  X="1200"  Y="420"  Width="120"  Height="240"  ScaleX="1"  ScaleY="1"  Rotation="0"  Flip="False"  Tag=""  LevelType="0"  CollidesTop="True" CollidesBottom="True" CollidesRight="True" CollidesLeft="True" />
		<GameObject Type="CollHullObj" Name="unknown"  X="780"  Y="660"  Width="540"  Height="60"  ScaleX="1"  ScaleY="1"  Rotation="0"  Flip="False"  Tag=""  LevelType="0"  CollidesTop="True" CollidesBottom="True" CollidesRight="True" CollidesLeft="True" />
		<GameObject Type="CollHullObj" Name="unknown"  X="330"  Y="420"  Width="660"  Height="30"  ScaleX="1"  ScaleY="1"  Rotation="0"  Flip="False"  Tag=""  LevelType="0"  CollidesTop="True" CollidesBottom="True" CollidesRight="True" CollidesLeft="True" />
		<GameObject Type="CollHullObj" Name="unknown"  X="330"  Y="300"  Width="30"  Height="120"  ScaleX="1"  ScaleY="1"  Rotation="0"  Flip="False"  Tag=""  LevelType="0"  CollidesTop="True" CollidesBottom="True" CollidesRight="True" CollidesLeft="True" />
		<GameObject Type="CollHullObj" Name="unknown"  X="960"  Y="300"  Width="30"  Height="120"  ScaleX="1"  ScaleY="1"  Rotation="0"  Flip="False"  Tag=""  LevelType="0"  CollidesTop="True" CollidesBottom="True" CollidesRight="True" CollidesLeft="True" />
		<GameObject Type="CollHullObj" Name="unknown"  X="330"  Y="270"  Width="270"  Height="30"  ScaleX="1"  ScaleY="1"  Rotation="0"  Flip="False"  Tag=""  LevelType="0"  CollidesTop="True" CollidesBottom="True" CollidesRight="True" CollidesLeft="True" />
		<GameObject Type="CollHullObj" Name="unknown"  X="720"  Y="270"  Width="270"  Height="30"  ScaleX="1"  ScaleY="1"  Rotation="0"  Flip="False"  Tag=""  LevelType="0"  CollidesTop="True" CollidesBottom="True" CollidesRight="True" CollidesLeft="True" />
		<GameObject Type="CollHullObj" Name="unknown"  X="330"  Y="270"  Width="660"  Height="180"  ScaleX="1"  ScaleY="1"  Rotation="0"  Flip="False"  Tag=""  LevelType="0"  CollidesTop="False" CollidesBottom="False" CollidesRight="False" CollidesLeft="False" />
		<GameObject Type="CollHullObj" Name="unknown"  X="600"  Y="270"  Width="120"  Height="60"  ScaleX="1"  ScaleY="1"  Rotation="0"  Flip="False"  Tag=""  LevelType="0"  CollidesTop="False" CollidesBottom="False" CollidesRight="False" CollidesLeft="False" />
		<GameObject Type="BorderObj" Name="unknown"  X="600"  Y="270"  Width="120"  Height="30"  ScaleX="1"  ScaleY="1"  Rotation="0"  Flip="False"  Tag=""  LevelType="0"  CollidesTop="True" CollidesBottom="False" CollidesRight="False" CollidesLeft="False" />
		<GameObject Type="CollHullObj" Name="unknown"  X="600"  Y="270"  Width="120"  Height="30"  ScaleX="1"  ScaleY="1"  Rotation="0"  Flip="False"  Tag=""  LevelType="0"  CollidesTop="True" CollidesBottom="False" CollidesRight="False" CollidesLeft="False" />
		<GameObject Type="BorderObj" Name="unknown"  X="330"  Y="270"  Width="270"  Height="180"  ScaleX="1"  ScaleY="1"  Rotation="0"  Flip="False"  Tag=""  LevelType="0"  CollidesTop="True" CollidesBottom="True" CollidesRight="False" CollidesLeft="True" />
		<GameObject Type="BorderObj" Name="unknown"  X="720"  Y="270"  Width="270"  Height="180"  ScaleX="1"  ScaleY="1"  Rotation="0"  Flip="False"  Tag=""  LevelType="0"  CollidesTop="True" CollidesBottom="True" CollidesRight="True" CollidesLeft="False" />
		<GameObject Type="BorderObj" Name="unknown"  X="600"  Y="390"  Width="120"  Height="60"  ScaleX="1"  ScaleY="1"  Rotation="0"  Flip="False"  Tag=""  LevelType="0"  CollidesTop="False" CollidesBottom="True" CollidesRight="False" CollidesLeft="False" />
		<GameObject Type="ChestObj" Name="unknown"  X="390"  Y="360"  Width="60"  Height="60"  ScaleX="1"  ScaleY="1"  Rotation="0"  Flip="True"  Tag="10"  LevelType="0"  Fairy="True" />
		<GameObject Type="ChestObj" Name="unknown"  X="870"  Y="360"  Width="60"  Height="60"  ScaleX="1"  ScaleY="1"  Rotation="0"  Flip="False"  Tag="10"  LevelType="0"  Fairy="True" />
		<GameObject Type="EnemyObj" Name="unknown"  X="420"  Y="150"  Width="60"  Height="60"  ScaleX="1"  ScaleY="1"  Rotation="0"  Flip="False"  Tag=""  LevelType="0"  EnemyType="31" Difficulty="EXPERT" InitialDelay="0" Procedural="False" SpriteName="EnemyStarburstIdle_Character" />
		<GameObject Type="EnemyObj" Name="unknown"  X="900"  Y="150"  Width="60"  Height="60"  ScaleX="1"  ScaleY="1"  Rotation="0"  Flip="False"  Tag=""  LevelType="0"  EnemyType="31" Difficulty="EXPERT" InitialDelay="0" Procedural="False" SpriteName="EnemyStarburstIdle_Character" />
		<GameObject Type="BorderObj" Name="unknown"  X="120"  Y="660"  Width="420"  Height="60"  ScaleX="1"  ScaleY="1"  Rotation="0"  Flip="False"  Tag=""  LevelType="0"  CollidesTop="True" CollidesBottom="False" CollidesRight="False" CollidesLeft="False" />
		<GameObject Type="BorderObj" Name="unknown"  X="780"  Y="660"  Width="420"  Height="60"  ScaleX="1"  ScaleY="1"  Rotation="0"  Flip="False"  Tag=""  LevelType="0"  CollidesTop="True" CollidesBottom="False" CollidesRight="False" CollidesLeft="False" />
		<GameObject Type="BorderObj" Name="unknown"  X="120"  Y="0"  Width="1080"  Height="60"  ScaleX="1"  ScaleY="1"  Rotation="0"  Flip="False"  Tag=""  LevelType="0"  CollidesTop="False" CollidesBottom="True" CollidesRight="False" CollidesLeft="False" />
		<GameObject Type="BorderObj" Name="unknown"  X="60"  Y="60"  Width="60"  Height="180"  ScaleX="1"  ScaleY="1"  Rotation="0"  Flip="False"  Tag=""  LevelType="0"  CollidesTop="False" CollidesBottom="False" CollidesRight="True" CollidesLeft="False" />
		<GameObject Type="BorderObj" Name="unknown"  X="60"  Y="420"  Width="60"  Height="240"  ScaleX="1"  ScaleY="1"  Rotation="0"  Flip="False"  Tag=""  LevelType="0"  CollidesTop="False" CollidesBottom="False" CollidesRight="True" CollidesLeft="False" />
		<GameObject Type="BorderObj" Name="unknown"  X="1200"  Y="60"  Width="60"  Height="180"  ScaleX="1"  ScaleY="1"  Rotation="0"  Flip="False"  Tag=""  LevelType="0"  CollidesTop="False" CollidesBottom="False" CollidesRight="False" CollidesLeft="True" />
		<GameObject Type="BorderObj" Name="unknown"  X="1200"  Y="420"  Width="60"  Height="240"  ScaleX="1"  ScaleY="1"  Rotation="0"  Flip="False"  Tag=""  LevelType="0"  CollidesTop="False" CollidesBottom="False" CollidesRight="False" CollidesLeft="True" />
		<GameObject Type="EnemyObj" Name="unknown"  X="660"  Y="150"  Width="60"  Height="60"  ScaleX="1"  ScaleY="1"  Rotation="0"  Flip="False"  Tag=""  LevelType="0"  EnemyType="7" Difficulty="EXPERT" InitialDelay="0" Procedural="False" SpriteName="EnemyFairyGhostIdle_Character" />
		<GameObject Type="ObjContainer" Name="unknown"  X="930"  Y="660"  Width="60"  Height="60"  ScaleX="2"  ScaleY="2"  Rotation="0"  Flip="False"  Tag=""  LevelType="1"  BGLayer="False" Weighted="False" Collidable="True" Breakable="False" SpriteName="CastleAssetFireplace_Character" />
		<GameObject Type="ObjContainer" Name="unknown"  X="1200"  Y="180"  Width="60"  Height="60"  ScaleX="2"  ScaleY="2"  Rotation="0"  Flip="True"  Tag=""  LevelType="1"  BGLayer="False" Weighted="False" Collidable="False" Breakable="False" SpriteName="CastleAssetSideTorch_Character" />
		<GameObject Type="SpriteObj" Name="unknown"  X="510"  Y="540"  Width="60"  Height="60"  ScaleX="2"  ScaleY="2"  Rotation="0"  Flip="True"  Tag=""  LevelType="1"  BGLayer="False" SpriteName="CastleAssetFrame_Sprite" />
		<GameObject Type="ObjContainer" Name="unknown"  X="330"  Y="330"  Width="60"  Height="60"  ScaleX="2"  ScaleY="2"  Rotation="0"  Flip="True"  Tag=""  LevelType="1"  BGLayer="False" Weighted="False" Collidable="False" Breakable="False" SpriteName="CastleAssetSideTorch_Character" />
		<GameObject Type="ObjContainer" Name="unknown"  X="990"  Y="330"  Width="60"  Height="60"  ScaleX="2"  ScaleY="2"  Rotation="0"  Flip="False"  Tag=""  LevelType="1"  BGLayer="False" Weighted="False" Collidable="False" Breakable="False" SpriteName="CastleAssetSideTorch_Character" />
		<GameObject Type="ObjContainer" Name="unknown"  X="120"  Y="180"  Width="60"  Height="60"  ScaleX="2"  ScaleY="2"  Rotation="0"  Flip="False"  Tag=""  LevelType="1"  BGLayer="False" Weighted="False" Collidable="False" Breakable="False" SpriteName="CastleAssetSideTorch_Character" />
		<GameObject Type="PhysicsObjContainer" Name="unknown"  X="510"  Y="270"  Width="60"  Height="60"  ScaleX="2"  ScaleY="2"  Rotation="0"  Flip="False"  Tag=""  LevelType="0"  BGLayer="False" Weighted="False" Collidable="False" Breakable="True" SpriteName="CastleAssetAngelStatue_Character" />
		<GameObject Type="PhysicsObjContainer" Name="unknown"  X="810"  Y="270"  Width="60"  Height="60"  ScaleX="2"  ScaleY="2"  Rotation="0"  Flip="True"  Tag=""  LevelType="0"  BGLayer="False" Weighted="False" Collidable="False" Breakable="True" SpriteName="CastleAssetAngelStatue_Character" />
		<GameObject Type="PhysicsObjContainer" Name="unknown"  X="840"  Y="660"  Width="60"  Height="60"  ScaleX="2"  ScaleY="2"  Rotation="0"  Flip="True"  Tag=""  LevelType="1"  BGLayer="False" Weighted="True" Collidable="False" Breakable="True" SpriteName="CastleAssetUrn1_Character" />
		<GameObject Type="PhysicsObjContainer" Name="unknown"  X="540"  Y="660"  Width="60"  Height="60"  ScaleX="2"  ScaleY="2"  Rotation="0"  Flip="False"  Tag=""  LevelType="1"  BGLayer="False" Weighted="True" Collidable="False" Breakable="True" SpriteName="CastleAssetUrn2_Character" />
		<GameObject Type="PhysicsObjContainer" Name="unknown"  X="420"  Y="660"  Width="60"  Height="60"  ScaleX="2"  ScaleY="2"  Rotation="0"  Flip="False"  Tag=""  LevelType="1"  BGLayer="False" Weighted="True" Collidable="False" Breakable="True" SpriteName="CastleAssetUrn1_Character" />
		<GameObject Type="CollHullObj" Name="unknown"  X="120"  Y="420"  Width="210"  Height="60"  ScaleX="1"  ScaleY="1"  Rotation="0"  Flip="False"  Tag=""  LevelType="0"  CollidesTop="True" CollidesBottom="False" CollidesRight="False" CollidesLeft="False" />
		<GameObject Type="CollHullObj" Name="unknown"  X="990"  Y="420"  Width="210"  Height="60"  ScaleX="1"  ScaleY="1"  Rotation="0"  Flip="False"  Tag=""  LevelType="0"  CollidesTop="True" CollidesBottom="False" CollidesRight="False" CollidesLeft="False" />
		<GameObject Type="BorderObj" Name="unknown"  X="120"  Y="420"  Width="210"  Height="30"  ScaleX="1"  ScaleY="1"  Rotation="0"  Flip="False"  Tag=""  LevelType="0"  CollidesTop="True" CollidesBottom="False" CollidesRight="False" CollidesLeft="False" />
		<GameObject Type="BorderObj" Name="unknown"  X="990"  Y="420"  Width="210"  Height="30"  ScaleX="1"  ScaleY="1"  Rotation="0"  Flip="False"  Tag=""  LevelType="0"  CollidesTop="True" CollidesBottom="False" CollidesRight="False" CollidesLeft="False" />
		<GameObject Type="PhysicsObj" Name="unknown"  X="300"  Y="660"  Width="60"  Height="60"  ScaleX="2"  ScaleY="2"  Rotation="0"  Flip="True"  Tag=""  LevelType="1"  SpriteName="CastleAssetBookcase_Sprite" BGLayer="True"  Weighted="False" Collidable="True" />
		<GameObject Type="PhysicsObj" Name="unknown"  X="180"  Y="660"  Width="60"  Height="60"  ScaleX="2"  ScaleY="2"  Rotation="0"  Flip="False"  Tag=""  LevelType="1"  SpriteName="CastleAssetBookCase3_Sprite" BGLayer="True"  Weighted="False" Collidable="True" />
		<GameObject Type="PhysicsObj" Name="unknown"  X="1140"  Y="660"  Width="60"  Height="60"  ScaleX="2"  ScaleY="2"  Rotation="0"  Flip="False"  Tag=""  LevelType="1"  SpriteName="CastleAssetBookCase2_Sprite"  BGLayer="True" Weighted="False" Collidable="True" />
	</RoomObject>
</Map>