﻿<?xml version="1.0" encoding="utf-8"?>
<Map>
	<Spritesheet Name="startingRoomSpritesheet" />
	<Spritesheet Name="castleTerrainSpritesheet" />
	<Spritesheet Name="dungeonTerrainSpritesheet" />
	<Spritesheet Name="towerTerrainSpritesheet" />
	<Spritesheet Name="gardenTerrainSpritesheet" />
	<RoomObject Name="Bonus" X="0" Y="0" Width="2640" Height="2160" ScaleX="1" ScaleY="1" Tag="3" SelectionMode="0" DisplayBG="False" CastlePool="False" GardenPool="False" TowerPool="False" DungeonPool="True">
		<GameObject Type="CollHullObj" Name="unknown"  X="0"  Y="0"  Width="540"  Height="60"  ScaleX="1"  ScaleY="1"  Rotation="0"  Flip="False"  Tag=""  LevelType="0"  CollidesTop="True" CollidesBottom="True" CollidesRight="True" CollidesLeft="True" />
		<GameObject Type="CollHullObj" Name="unknown"  X="0"  Y="60"  Width="120"  Height="2100"  ScaleX="1"  ScaleY="1"  Rotation="0"  Flip="False"  Tag=""  LevelType="0"  CollidesTop="True" CollidesBottom="True" CollidesRight="True" CollidesLeft="True" />
		<GameObject Type="CollHullObj" Name="unknown"  X="120"  Y="2100"  Width="1920"  Height="60"  ScaleX="1"  ScaleY="1"  Rotation="0"  Flip="False"  Tag=""  LevelType="0"  CollidesTop="True" CollidesBottom="True" CollidesRight="True" CollidesLeft="True" />
		<GameObject Type="CollHullObj" Name="unknown"  X="1200"  Y="0"  Width="120"  Height="1620"  ScaleX="1"  ScaleY="1"  Rotation="0"  Flip="False"  Tag=""  LevelType="0"  CollidesTop="True" CollidesBottom="True" CollidesRight="True" CollidesLeft="True" />
		<GameObject Type="CollHullObj" Name="unknown"  X="780"  Y="0"  Width="420"  Height="60"  ScaleX="1"  ScaleY="1"  Rotation="0"  Flip="False"  Tag=""  LevelType="0"  CollidesTop="True" CollidesBottom="True" CollidesRight="True" CollidesLeft="True" />
		<GameObject Type="DoorObj" Name="unknown"  X="540"  Y="0"  Width="240"  Height="60"  ScaleX="1"  ScaleY="1"  Rotation="0"  Flip="False"  Tag=""  LevelType="0"  DoorPos="Top" BossDoor="False" />
		<GameObject Type="CollHullObj" Name="unknown"  X="120"  Y="60"  Width="360"  Height="840"  ScaleX="1"  ScaleY="1"  Rotation="0"  Flip="False"  Tag=""  LevelType="0"  CollidesTop="True" CollidesBottom="True" CollidesRight="True" CollidesLeft="True" />
		<GameObject Type="CollHullObj" Name="unknown"  X="840"  Y="60"  Width="360"  Height="840"  ScaleX="1"  ScaleY="1"  Rotation="0"  Flip="False"  Tag=""  LevelType="0"  CollidesTop="True" CollidesBottom="True" CollidesRight="True" CollidesLeft="True" />
		<GameObject Type="CollHullObj" Name="unknown"  X="480"  Y="720"  Width="360"  Height="180"  ScaleX="1"  ScaleY="1"  Rotation="0"  Flip="False"  Tag=""  LevelType="0"  CollidesTop="False" CollidesBottom="True" CollidesRight="False" CollidesLeft="False" />
		<GameObject Type="BorderObj" Name="unknown"  X="480"  Y="720"  Width="360"  Height="30"  ScaleX="1"  ScaleY="1"  Rotation="0"  Flip="False"  Tag=""  LevelType="0"  CollidesTop="True" CollidesBottom="False" CollidesRight="False" CollidesLeft="False" />
		<GameObject Type="HazardObj" Name="unknown"  X="540"  Y="60"  Width="660"  Height="60"  ScaleX="1"  ScaleY="1"  Rotation="90"  Flip="False"  Tag=""  LevelType="0"  />
		<GameObject Type="HazardObj" Name="unknown"  X="780"  Y="720"  Width="660"  Height="60"  ScaleX="1"  ScaleY="1"  Rotation="-90"  Flip="False"  Tag=""  LevelType="0"  />
		<GameObject Type="EnemyObj" Name="unknown"  X="690"  Y="540"  Width="60"  Height="60"  ScaleX="1"  ScaleY="1"  Rotation="0"  Flip="False"  Tag=""  LevelType="0"  EnemyType="27" Difficulty="BASIC" InitialDelay="0" Procedural="False" SpriteName="EnemyPlatform_Character" />
		<GameObject Type="EnemyObj" Name="unknown"  X="630"  Y="240"  Width="60"  Height="60"  ScaleX="1"  ScaleY="1"  Rotation="0"  Flip="False"  Tag=""  LevelType="0"  EnemyType="27" Difficulty="BASIC" InitialDelay="0" Procedural="False" SpriteName="EnemyPlatform_Character" />
		<GameObject Type="PhysicsObjContainer" Name="unknown"  X="570"  Y="900"  Width="60"  Height="60"  ScaleX="2"  ScaleY="2"  Rotation="0"  Flip="False"  Tag=""  LevelType="0"  BGLayer="False" Weighted="False" Collidable="False" Breakable="True" SpriteName="DungeonHangingCell1_Character" />
		<GameObject Type="PhysicsObjContainer" Name="unknown"  X="750"  Y="900"  Width="60"  Height="60"  ScaleX="2"  ScaleY="2"  Rotation="0"  Flip="False"  Tag=""  LevelType="0"  BGLayer="False" Weighted="False" Collidable="False" Breakable="True" SpriteName="DungeonHangingCell2_Character" />
		<GameObject Type="PhysicsObjContainer" Name="unknown"  X="660"  Y="1020"  Width="60"  Height="60"  ScaleX="2"  ScaleY="2"  Rotation="0"  Flip="False"  Tag=""  LevelType="0"  BGLayer="False" Weighted="False" Collidable="False" Breakable="True" SpriteName="DungeonHangingCell1_Character" />
		<GameObject Type="CollHullObj" Name="unknown"  X="900"  Y="900"  Width="300"  Height="480"  ScaleX="1"  ScaleY="1"  Rotation="0"  Flip="False"  Tag=""  LevelType="0"  CollidesTop="True" CollidesBottom="True" CollidesRight="True" CollidesLeft="True" />
		<GameObject Type="CollHullObj" Name="unknown"  X="600"  Y="1380"  Width="600"  Height="60"  ScaleX="1"  ScaleY="1"  Rotation="0"  Flip="False"  Tag=""  LevelType="0"  CollidesTop="True" CollidesBottom="True" CollidesRight="True" CollidesLeft="True" />
		<GameObject Type="CollHullObj" Name="unknown"  X="840"  Y="1320"  Width="60"  Height="60"  ScaleX="1"  ScaleY="1"  Rotation="0"  Flip="False"  Tag=""  LevelType="0"  CollidesTop="True" CollidesBottom="True" CollidesRight="True" CollidesLeft="True" />
		<GameObject Type="HazardObj" Name="unknown"  X="840"  Y="1320"  Width="420"  Height="60"  ScaleX="1"  ScaleY="1"  Rotation="-90"  Flip="False"  Tag=""  LevelType="0"  />
		<GameObject Type="HazardObj" Name="unknown"  X="600"  Y="1320"  Width="240"  Height="60"  ScaleX="1"  ScaleY="1"  Rotation="0"  Flip="False"  Tag=""  LevelType="0"  />
		<GameObject Type="CollHullObj" Name="unknown"  X="120"  Y="900"  Width="240"  Height="300"  ScaleX="1"  ScaleY="1"  Rotation="0"  Flip="False"  Tag=""  LevelType="0"  CollidesTop="True" CollidesBottom="True" CollidesRight="True" CollidesLeft="True" />
		<GameObject Type="HazardObj" Name="unknown"  X="420"  Y="900"  Width="300"  Height="60"  ScaleX="1"  ScaleY="1"  Rotation="90"  Flip="False"  Tag=""  LevelType="0"  />
		<GameObject Type="HazardObj" Name="unknown"  X="540"  Y="1440"  Width="60"  Height="60"  ScaleX="1"  ScaleY="1"  Rotation="-90"  Flip="False"  Tag=""  LevelType="0"  />
		<GameObject Type="PhysicsObjContainer" Name="unknown"  X="420"  Y="1290"  Width="60"  Height="60"  ScaleX="2"  ScaleY="2"  Rotation="0"  Flip="False"  Tag=""  LevelType="0"  BGLayer="False" Weighted="False" Collidable="False" Breakable="True" SpriteName="DungeonHangingCell1_Character" />
		<GameObject Type="CollHullObj" Name="unknown"  X="120"  Y="1200"  Width="60"  Height="60"  ScaleX="1"  ScaleY="1"  Rotation="0"  Flip="False"  Tag=""  LevelType="0"  CollidesTop="True" CollidesBottom="True" CollidesRight="True" CollidesLeft="True" />
		<GameObject Type="HazardObj" Name="unknown"  X="360"  Y="1260"  Width="180"  Height="60"  ScaleX="1"  ScaleY="1"  Rotation="180"  Flip="False"  Tag=""  LevelType="0"  />
		<GameObject Type="HazardObj" Name="unknown"  X="180"  Y="1260"  Width="720"  Height="60"  ScaleX="1"  ScaleY="1"  Rotation="90"  Flip="False"  Tag=""  LevelType="0"  />
		<GameObject Type="PhysicsObjContainer" Name="unknown"  X="270"  Y="1470"  Width="60"  Height="60"  ScaleX="2"  ScaleY="2"  Rotation="0"  Flip="False"  Tag=""  LevelType="0"  BGLayer="False" Weighted="False" Collidable="False" Breakable="True" SpriteName="DungeonHangingCell2_Character" />
		<GameObject Type="PhysicsObjContainer" Name="unknown"  X="450"  Y="1710"  Width="60"  Height="60"  ScaleX="2"  ScaleY="2"  Rotation="0"  Flip="False"  Tag=""  LevelType="0"  BGLayer="False" Weighted="False" Collidable="False" Breakable="True" SpriteName="DungeonHangingCell1_Character" />
		<GameObject Type="CollHullObj" Name="unknown"  X="120"  Y="2040"  Width="480"  Height="60"  ScaleX="1"  ScaleY="1"  Rotation="0"  Flip="False"  Tag=""  LevelType="0"  CollidesTop="True" CollidesBottom="True" CollidesRight="True" CollidesLeft="True" />
		<GameObject Type="CollHullObj" Name="unknown"  X="120"  Y="1980"  Width="60"  Height="60"  ScaleX="1"  ScaleY="1"  Rotation="0"  Flip="False"  Tag=""  LevelType="0"  CollidesTop="True" CollidesBottom="True" CollidesRight="True" CollidesLeft="True" />
		<GameObject Type="HazardObj" Name="unknown"  X="180"  Y="1980"  Width="360"  Height="60"  ScaleX="1"  ScaleY="1"  Rotation="0"  Flip="False"  Tag=""  LevelType="0"  />
		<GameObject Type="CollHullObj" Name="unknown"  X="1140"  Y="1440"  Width="60"  Height="60"  ScaleX="1"  ScaleY="1"  Rotation="0"  Flip="False"  Tag=""  LevelType="0"  CollidesTop="True" CollidesBottom="True" CollidesRight="True" CollidesLeft="True" />
		<GameObject Type="HazardObj" Name="unknown"  X="1140"  Y="1620"  Width="120"  Height="60"  ScaleX="1"  ScaleY="1"  Rotation="-90"  Flip="False"  Tag=""  LevelType="0"  />
		<GameObject Type="HazardObj" Name="unknown"  X="1140"  Y="1500"  Width="540"  Height="60"  ScaleX="1"  ScaleY="1"  Rotation="180"  Flip="False"  Tag=""  LevelType="0"  />
		<GameObject Type="PhysicsObjContainer" Name="unknown"  X="810"  Y="1500"  Width="60"  Height="60"  ScaleX="2"  ScaleY="2"  Rotation="0"  Flip="False"  Tag=""  LevelType="0"  BGLayer="False" Weighted="False" Collidable="False" Breakable="True" SpriteName="DungeonHangingCell2_Character" />
		<GameObject Type="PhysicsObjContainer" Name="unknown"  X="1500"  Y="1500"  Width="60"  Height="60"  ScaleX="2"  ScaleY="2"  Rotation="0"  Flip="False"  Tag=""  LevelType="0"  BGLayer="False" Weighted="False" Collidable="False" Breakable="True" SpriteName="DungeonHangingCell1_Character" />
		<GameObject Type="CollHullObj" Name="unknown"  X="600"  Y="1800"  Width="60"  Height="300"  ScaleX="1"  ScaleY="1"  Rotation="0"  Flip="False"  Tag=""  LevelType="0"  CollidesTop="True" CollidesBottom="True" CollidesRight="True" CollidesLeft="True" />
		<GameObject Type="CollHullObj" Name="unknown"  X="540"  Y="1980"  Width="60"  Height="60"  ScaleX="1"  ScaleY="1"  Rotation="0"  Flip="False"  Tag=""  LevelType="0"  CollidesTop="True" CollidesBottom="True" CollidesRight="True" CollidesLeft="True" />
		<GameObject Type="HazardObj" Name="unknown"  X="600"  Y="1740"  Width="60"  Height="60"  ScaleX="1"  ScaleY="1"  Rotation="0"  Flip="False"  Tag=""  LevelType="0"  />
		<GameObject Type="HazardObj" Name="unknown"  X="540"  Y="1980"  Width="180"  Height="60"  ScaleX="1"  ScaleY="1"  Rotation="-90"  Flip="False"  Tag=""  LevelType="0"  />
		<GameObject Type="HazardObj" Name="unknown"  X="720"  Y="1800"  Width="240"  Height="60"  ScaleX="1"  ScaleY="1"  Rotation="90"  Flip="False"  Tag=""  LevelType="0"  />
		<GameObject Type="ObjContainer" Name="unknown"  X="660"  Y="900"  Width="60"  Height="60"  ScaleX="2"  ScaleY="2"  Rotation="0"  Flip="False"  Tag=""  LevelType="0"  BGLayer="True" Weighted="False" Collidable="False" Breakable="False" SpriteName="DungeonChain1_Character" />
		<GameObject Type="ObjContainer" Name="unknown"  X="420"  Y="810"  Width="60"  Height="60"  ScaleX="2"  ScaleY="2"  Rotation="0"  Flip="False"  Tag=""  LevelType="0"  BGLayer="True" Weighted="False" Collidable="False" Breakable="False" SpriteName="DungeonChain1_Character" />
		<GameObject Type="ObjContainer" Name="unknown"  X="420"  Y="930"  Width="60"  Height="60"  ScaleX="2"  ScaleY="2"  Rotation="0"  Flip="False"  Tag=""  LevelType="0"  BGLayer="True" Weighted="False" Collidable="False" Breakable="False" SpriteName="DungeonChain1_Character" />
		<GameObject Type="ObjContainer" Name="unknown"  X="420"  Y="1050"  Width="60"  Height="60"  ScaleX="2"  ScaleY="2"  Rotation="0"  Flip="False"  Tag=""  LevelType="0"  BGLayer="True" Weighted="False" Collidable="False" Breakable="False" SpriteName="DungeonChain1_Character" />
		<GameObject Type="ObjContainer" Name="unknown"  X="420"  Y="1170"  Width="60"  Height="60"  ScaleX="2"  ScaleY="2"  Rotation="0"  Flip="False"  Tag=""  LevelType="0"  BGLayer="True" Weighted="False" Collidable="False" Breakable="False" SpriteName="DungeonChain1_Character" />
		<GameObject Type="ObjContainer" Name="unknown"  X="450"  Y="870"  Width="60"  Height="60"  ScaleX="2"  ScaleY="2"  Rotation="0"  Flip="False"  Tag=""  LevelType="0"  BGLayer="True" Weighted="False" Collidable="False" Breakable="False" SpriteName="DungeonChain1_Character" />
		<GameObject Type="ObjContainer" Name="unknown"  X="450"  Y="990"  Width="60"  Height="60"  ScaleX="2"  ScaleY="2"  Rotation="0"  Flip="False"  Tag=""  LevelType="0"  BGLayer="True" Weighted="False" Collidable="False" Breakable="False" SpriteName="DungeonChain1_Character" />
		<GameObject Type="ObjContainer" Name="unknown"  X="450"  Y="1110"  Width="60"  Height="60"  ScaleX="2"  ScaleY="2"  Rotation="0"  Flip="False"  Tag=""  LevelType="0"  BGLayer="True" Weighted="False" Collidable="False" Breakable="False" SpriteName="DungeonChain1_Character" />
		<GameObject Type="ObjContainer" Name="unknown"  X="450"  Y="1230"  Width="60"  Height="60"  ScaleX="2"  ScaleY="2"  Rotation="0"  Flip="False"  Tag=""  LevelType="0"  BGLayer="True" Weighted="False" Collidable="False" Breakable="False" SpriteName="DungeonChain1_Character" />
		<GameObject Type="ObjContainer" Name="unknown"  X="450"  Y="1350"  Width="60"  Height="60"  ScaleX="2"  ScaleY="2"  Rotation="0"  Flip="False"  Tag=""  LevelType="0"  BGLayer="True" Weighted="False" Collidable="False" Breakable="False" SpriteName="DungeonChain1_Character" />
		<GameObject Type="ObjContainer" Name="unknown"  X="450"  Y="1470"  Width="60"  Height="60"  ScaleX="2"  ScaleY="2"  Rotation="0"  Flip="False"  Tag=""  LevelType="0"  BGLayer="True" Weighted="False" Collidable="False" Breakable="False" SpriteName="DungeonChain1_Character" />
		<GameObject Type="ObjContainer" Name="unknown"  X="450"  Y="1590"  Width="60"  Height="60"  ScaleX="2"  ScaleY="2"  Rotation="0"  Flip="False"  Tag=""  LevelType="0"  BGLayer="True" Weighted="False" Collidable="False" Breakable="False" SpriteName="DungeonChain1_Character" />
		<GameObject Type="ObjContainer" Name="unknown"  X="1500"  Y="1260"  Width="60"  Height="60"  ScaleX="2"  ScaleY="2"  Rotation="0"  Flip="False"  Tag=""  LevelType="0"  BGLayer="True" Weighted="False" Collidable="False" Breakable="False" SpriteName="DungeonChain1_Character" />
		<GameObject Type="ObjContainer" Name="unknown"  X="1500"  Y="1380"  Width="60"  Height="60"  ScaleX="2"  ScaleY="2"  Rotation="0"  Flip="False"  Tag=""  LevelType="0"  BGLayer="True" Weighted="False" Collidable="False" Breakable="False" SpriteName="DungeonChain1_Character" />
		<GameObject Type="ObjContainer" Name="unknown"  X="256"  Y="1110"  Width="60"  Height="60"  ScaleX="2"  ScaleY="2"  Rotation="0"  Flip="False"  Tag=""  LevelType="0"  BGLayer="True" Weighted="False" Collidable="False" Breakable="False" SpriteName="DungeonChain1_Character" />
		<GameObject Type="ObjContainer" Name="unknown"  X="282"  Y="1110"  Width="60"  Height="60"  ScaleX="2"  ScaleY="2"  Rotation="0"  Flip="False"  Tag=""  LevelType="0"  BGLayer="True" Weighted="False" Collidable="False" Breakable="False" SpriteName="DungeonChain1_Character" />
		<GameObject Type="ObjContainer" Name="unknown"  X="256"  Y="1230"  Width="60"  Height="60"  ScaleX="2"  ScaleY="2"  Rotation="0"  Flip="False"  Tag=""  LevelType="0"  BGLayer="True" Weighted="False" Collidable="False" Breakable="False" SpriteName="DungeonChain1_Character" />
		<GameObject Type="ObjContainer" Name="unknown"  X="282"  Y="1230"  Width="60"  Height="60"  ScaleX="2"  ScaleY="2"  Rotation="0"  Flip="False"  Tag=""  LevelType="0"  BGLayer="True" Weighted="False" Collidable="False" Breakable="False" SpriteName="DungeonChain1_Character" />
		<GameObject Type="ObjContainer" Name="unknown"  X="256"  Y="1350"  Width="60"  Height="60"  ScaleX="2"  ScaleY="2"  Rotation="0"  Flip="False"  Tag=""  LevelType="0"  BGLayer="True" Weighted="False" Collidable="False" Breakable="False" SpriteName="DungeonChain1_Character" />
		<GameObject Type="ObjContainer" Name="unknown"  X="282"  Y="1350"  Width="60"  Height="60"  ScaleX="2"  ScaleY="2"  Rotation="0"  Flip="False"  Tag=""  LevelType="0"  BGLayer="True" Weighted="False" Collidable="False" Breakable="False" SpriteName="DungeonChain1_Character" />
		<GameObject Type="ObjContainer" Name="unknown"  X="1036"  Y="1350"  Width="60"  Height="60"  ScaleX="2"  ScaleY="2"  Rotation="0"  Flip="False"  Tag=""  LevelType="0"  BGLayer="True" Weighted="False" Collidable="False" Breakable="False" SpriteName="DungeonChain1_Character" />
		<GameObject Type="ObjContainer" Name="unknown"  X="1062"  Y="1350"  Width="60"  Height="60"  ScaleX="2"  ScaleY="2"  Rotation="0"  Flip="False"  Tag=""  LevelType="0"  BGLayer="True" Weighted="False" Collidable="False" Breakable="False" SpriteName="DungeonChain1_Character" />
		<GameObject Type="ObjContainer" Name="unknown"  X="1036"  Y="1470"  Width="60"  Height="60"  ScaleX="2"  ScaleY="2"  Rotation="0"  Flip="False"  Tag=""  LevelType="0"  BGLayer="True" Weighted="False" Collidable="False" Breakable="False" SpriteName="DungeonChain1_Character" />
		<GameObject Type="ObjContainer" Name="unknown"  X="1062"  Y="1470"  Width="60"  Height="60"  ScaleX="2"  ScaleY="2"  Rotation="0"  Flip="False"  Tag=""  LevelType="0"  BGLayer="True" Weighted="False" Collidable="False" Breakable="False" SpriteName="DungeonChain1_Character" />
		<GameObject Type="ObjContainer" Name="unknown"  X="1036"  Y="1590"  Width="60"  Height="60"  ScaleX="2"  ScaleY="2"  Rotation="0"  Flip="False"  Tag=""  LevelType="0"  BGLayer="True" Weighted="False" Collidable="False" Breakable="False" SpriteName="DungeonChain1_Character" />
		<GameObject Type="ObjContainer" Name="unknown"  X="1062"  Y="1590"  Width="60"  Height="60"  ScaleX="2"  ScaleY="2"  Rotation="0"  Flip="False"  Tag=""  LevelType="0"  BGLayer="True" Weighted="False" Collidable="False" Breakable="False" SpriteName="DungeonChain1_Character" />
		<GameObject Type="ObjContainer" Name="unknown"  X="660"  Y="720"  Width="60"  Height="60"  ScaleX="2"  ScaleY="2"  Rotation="0"  Flip="False"  Tag=""  LevelType="0"  BGLayer="False" Weighted="False" Collidable="False" Breakable="False" SpriteName="DungeonMaiden2_Character" />
		<GameObject Type="ObjContainer" Name="unknown"  X="540"  Y="1710"  Width="60"  Height="60"  ScaleX="2"  ScaleY="2"  Rotation="0"  Flip="False"  Tag=""  LevelType="0"  BGLayer="False" Weighted="False" Collidable="False" Breakable="False" SpriteName="DungeonMaiden1_Character" />
		<GameObject Type="ObjContainer" Name="unknown"  X="1035"  Y="1815"  Width="60"  Height="60"  ScaleX="2"  ScaleY="2"  Rotation="0"  Flip="False"  Tag=""  LevelType="0"  BGLayer="False" Weighted="False" Collidable="False" Breakable="False" SpriteName="DungeonMaiden3_Character" />
		<GameObject Type="ObjContainer" Name="unknown"  X="540"  Y="900"  Width="60"  Height="60"  ScaleX="2"  ScaleY="2"  Rotation="0"  Flip="False"  Tag=""  LevelType="0"  BGLayer="True" Weighted="False" Collidable="False" Breakable="False" SpriteName="DungeonChain1_Character" />
		<GameObject Type="ObjContainer" Name="unknown"  X="540"  Y="1020"  Width="60"  Height="60"  ScaleX="2"  ScaleY="2"  Rotation="0"  Flip="False"  Tag=""  LevelType="0"  BGLayer="True" Weighted="False" Collidable="False" Breakable="False" SpriteName="DungeonChain1_Character" />
		<GameObject Type="ObjContainer" Name="unknown"  X="540"  Y="1140"  Width="60"  Height="60"  ScaleX="2"  ScaleY="2"  Rotation="0"  Flip="False"  Tag=""  LevelType="0"  BGLayer="True" Weighted="False" Collidable="False" Breakable="False" SpriteName="DungeonChain1_Character" />
		<GameObject Type="ObjContainer" Name="unknown"  X="540"  Y="1260"  Width="60"  Height="60"  ScaleX="2"  ScaleY="2"  Rotation="0"  Flip="False"  Tag=""  LevelType="0"  BGLayer="True" Weighted="False" Collidable="False" Breakable="False" SpriteName="DungeonChain1_Character" />
		<GameObject Type="ObjContainer" Name="unknown"  X="540"  Y="1380"  Width="60"  Height="60"  ScaleX="2"  ScaleY="2"  Rotation="0"  Flip="False"  Tag=""  LevelType="0"  BGLayer="True" Weighted="False" Collidable="False" Breakable="False" SpriteName="DungeonChain1_Character" />
		<GameObject Type="ObjContainer" Name="unknown"  X="540"  Y="1500"  Width="60"  Height="60"  ScaleX="2"  ScaleY="2"  Rotation="0"  Flip="False"  Tag=""  LevelType="0"  BGLayer="True" Weighted="False" Collidable="False" Breakable="False" SpriteName="DungeonChain1_Character" />
		<GameObject Type="BorderObj" Name="unknown"  X="480"  Y="0"  Width="60"  Height="60"  ScaleX="1"  ScaleY="1"  Rotation="0"  Flip="False"  Tag=""  LevelType="0"  CollidesTop="False" CollidesBottom="True" CollidesRight="False" CollidesLeft="False" />
		<GameObject Type="BorderObj" Name="unknown"  X="780"  Y="0"  Width="60"  Height="60"  ScaleX="1"  ScaleY="1"  Rotation="0"  Flip="False"  Tag=""  LevelType="0"  CollidesTop="False" CollidesBottom="True" CollidesRight="False" CollidesLeft="False" />
		<GameObject Type="BorderObj" Name="unknown"  X="420"  Y="60"  Width="60"  Height="660"  ScaleX="1"  ScaleY="1"  Rotation="0"  Flip="False"  Tag=""  LevelType="0"  CollidesTop="False" CollidesBottom="False" CollidesRight="True" CollidesLeft="False" />
		<GameObject Type="BorderObj" Name="unknown"  X="840"  Y="60"  Width="60"  Height="660"  ScaleX="1"  ScaleY="1"  Rotation="0"  Flip="False"  Tag=""  LevelType="0"  CollidesTop="False" CollidesBottom="False" CollidesRight="False" CollidesLeft="True" />
		<GameObject Type="BorderObj" Name="unknown"  X="360"  Y="840"  Width="540"  Height="60"  ScaleX="1"  ScaleY="1"  Rotation="0"  Flip="False"  Tag=""  LevelType="0"  CollidesTop="False" CollidesBottom="True" CollidesRight="False" CollidesLeft="False" />
		<GameObject Type="BorderObj" Name="unknown"  X="900"  Y="900"  Width="60"  Height="420"  ScaleX="1"  ScaleY="1"  Rotation="0"  Flip="False"  Tag=""  LevelType="0"  CollidesTop="False" CollidesBottom="False" CollidesRight="False" CollidesLeft="True" />
		<GameObject Type="BorderObj" Name="unknown"  X="840"  Y="1320"  Width="60"  Height="60"  ScaleX="1"  ScaleY="1"  Rotation="0"  Flip="False"  Tag=""  LevelType="0"  CollidesTop="True" CollidesBottom="False" CollidesRight="False" CollidesLeft="True" />
		<GameObject Type="BorderObj" Name="unknown"  X="600"  Y="1380"  Width="240"  Height="60"  ScaleX="1"  ScaleY="1"  Rotation="0"  Flip="False"  Tag=""  LevelType="0"  CollidesTop="True" CollidesBottom="True" CollidesRight="False" CollidesLeft="True" />
		<GameObject Type="BorderObj" Name="unknown"  X="840"  Y="1380"  Width="300"  Height="60"  ScaleX="1"  ScaleY="1"  Rotation="0"  Flip="False"  Tag=""  LevelType="0"  CollidesTop="False" CollidesBottom="True" CollidesRight="False" CollidesLeft="False" />
		<GameObject Type="BorderObj" Name="unknown"  X="1140"  Y="1440"  Width="60"  Height="60"  ScaleX="1"  ScaleY="1"  Rotation="0"  Flip="False"  Tag=""  LevelType="0"  CollidesTop="False" CollidesBottom="True" CollidesRight="False" CollidesLeft="True" />
		<GameObject Type="BorderObj" Name="unknown"  X="1200"  Y="1500"  Width="120"  Height="120"  ScaleX="1"  ScaleY="1"  Rotation="0"  Flip="False"  Tag=""  LevelType="0"  CollidesTop="False" CollidesBottom="True" CollidesRight="True" CollidesLeft="True" />
		<GameObject Type="BorderObj" Name="unknown"  X="720"  Y="2100"  Width="720"  Height="60"  ScaleX="1"  ScaleY="1"  Rotation="0"  Flip="False"  Tag=""  LevelType="0"  CollidesTop="True" CollidesBottom="False" CollidesRight="False" CollidesLeft="False" />
		<GameObject Type="BorderObj" Name="unknown"  X="600"  Y="1980"  Width="60"  Height="60"  ScaleX="1"  ScaleY="1"  Rotation="0"  Flip="False"  Tag=""  LevelType="0"  CollidesTop="False" CollidesBottom="False" CollidesRight="True" CollidesLeft="False" />
		<GameObject Type="BorderObj" Name="unknown"  X="600"  Y="1800"  Width="60"  Height="180"  ScaleX="1"  ScaleY="1"  Rotation="0"  Flip="False"  Tag=""  LevelType="0"  CollidesTop="True" CollidesBottom="False" CollidesRight="True" CollidesLeft="True" />
		<GameObject Type="BorderObj" Name="unknown"  X="540"  Y="1980"  Width="60"  Height="60"  ScaleX="1"  ScaleY="1"  Rotation="0"  Flip="False"  Tag=""  LevelType="0"  CollidesTop="True" CollidesBottom="False" CollidesRight="False" CollidesLeft="True" />
		<GameObject Type="BorderObj" Name="unknown"  X="180"  Y="2040"  Width="360"  Height="60"  ScaleX="1"  ScaleY="1"  Rotation="0"  Flip="False"  Tag=""  LevelType="0"  CollidesTop="True" CollidesBottom="False" CollidesRight="False" CollidesLeft="False" />
		<GameObject Type="BorderObj" Name="unknown"  X="120"  Y="1980"  Width="60"  Height="60"  ScaleX="1"  ScaleY="1"  Rotation="0"  Flip="False"  Tag=""  LevelType="0"  CollidesTop="True" CollidesBottom="False" CollidesRight="True" CollidesLeft="False" />
		<GameObject Type="BorderObj" Name="unknown"  X="60"  Y="1260"  Width="60"  Height="720"  ScaleX="1"  ScaleY="1"  Rotation="0"  Flip="False"  Tag=""  LevelType="0"  CollidesTop="False" CollidesBottom="False" CollidesRight="True" CollidesLeft="False" />
		<GameObject Type="BorderObj" Name="unknown"  X="120"  Y="1200"  Width="60"  Height="60"  ScaleX="1"  ScaleY="1"  Rotation="0"  Flip="False"  Tag=""  LevelType="0"  CollidesTop="False" CollidesBottom="True" CollidesRight="True" CollidesLeft="False" />
		<GameObject Type="BorderObj" Name="unknown"  X="180"  Y="900"  Width="180"  Height="300"  ScaleX="1"  ScaleY="1"  Rotation="0"  Flip="False"  Tag=""  LevelType="0"  CollidesTop="False" CollidesBottom="True" CollidesRight="True" CollidesLeft="False" />
		<GameObject Type="ObjContainer" Name="unknown"  X="300"  Y="1770"  Width="60"  Height="60"  ScaleX="2"  ScaleY="2"  Rotation="0"  Flip="False"  Tag=""  LevelType="0"  BGLayer="True" Weighted="False" Collidable="False" Breakable="False" SpriteName="DungeonChain2_Character" />
		<GameObject Type="HazardObj" Name="unknown"  X="720"  Y="2040"  Width="720"  Height="60"  ScaleX="1"  ScaleY="1"  Rotation="0"  Flip="False"  Tag=""  LevelType="0"  />
		<GameObject Type="PhysicsObjContainer" Name="unknown"  X="1260"  Y="1830"  Width="60"  Height="60"  ScaleX="2"  ScaleY="2"  Rotation="0"  Flip="False"  Tag=""  LevelType="0"  BGLayer="False" Weighted="False" Collidable="False" Breakable="True" SpriteName="DungeonHangingCell2_Character" />
		<GameObject Type="PhysicsObjContainer" Name="unknown"  X="870"  Y="1740"  Width="60"  Height="60"  ScaleX="2"  ScaleY="2"  Rotation="0"  Flip="False"  Tag=""  LevelType="0"  BGLayer="False" Weighted="False" Collidable="False" Breakable="True" SpriteName="DungeonHangingCell1_Character" />
		<GameObject Type="CollHullObj" Name="unknown"  X="660"  Y="2040"  Width="60"  Height="60"  ScaleX="1"  ScaleY="1"  Rotation="0"  Flip="False"  Tag=""  LevelType="0"  CollidesTop="True" CollidesBottom="True" CollidesRight="True" CollidesLeft="True" />
		<GameObject Type="HazardObj" Name="unknown"  X="1320"  Y="1680"  Width="120"  Height="60"  ScaleX="1"  ScaleY="1"  Rotation="180"  Flip="False"  Tag=""  LevelType="0"  />
		<GameObject Type="HazardObj" Name="unknown"  X="1380"  Y="1260"  Width="360"  Height="60"  ScaleX="1"  ScaleY="1"  Rotation="90"  Flip="False"  Tag=""  LevelType="0"  />
		<GameObject Type="BorderObj" Name="unknown"  X="660"  Y="2040"  Width="60"  Height="60"  ScaleX="1"  ScaleY="1"  Rotation="0"  Flip="False"  Tag=""  LevelType="0"  CollidesTop="True" CollidesBottom="False" CollidesRight="True" CollidesLeft="False" />
		<GameObject Type="CollHullObj" Name="unknown"  X="1440"  Y="2040"  Width="60"  Height="60"  ScaleX="1"  ScaleY="1"  Rotation="0"  Flip="False"  Tag=""  LevelType="0"  CollidesTop="True" CollidesBottom="True" CollidesRight="True" CollidesLeft="True" />
		<GameObject Type="CollHullObj" Name="unknown"  X="1740"  Y="1680"  Width="300"  Height="420"  ScaleX="1"  ScaleY="1"  Rotation="0"  Flip="False"  Tag=""  LevelType="0"  CollidesTop="True" CollidesBottom="True" CollidesRight="True" CollidesLeft="True" />
		<GameObject Type="HazardObj" Name="unknown"  X="1680"  Y="1860"  Width="180"  Height="60"  ScaleX="1"  ScaleY="1"  Rotation="-90"  Flip="False"  Tag=""  LevelType="0"  />
		<GameObject Type="CollHullObj" Name="unknown"  X="1320"  Y="0"  Width="1200"  Height="60"  ScaleX="1"  ScaleY="1"  Rotation="0"  Flip="False"  Tag=""  LevelType="0"  CollidesTop="True" CollidesBottom="True" CollidesRight="True" CollidesLeft="True" />
		<GameObject Type="CollHullObj" Name="unknown"  X="2520"  Y="0"  Width="120"  Height="2160"  ScaleX="1"  ScaleY="1"  Rotation="0"  Flip="False"  Tag=""  LevelType="0"  CollidesTop="True" CollidesBottom="True" CollidesRight="True" CollidesLeft="True" />
		<GameObject Type="CollHullObj" Name="unknown"  X="1740"  Y="540"  Width="780"  Height="120"  ScaleX="1"  ScaleY="1"  Rotation="0"  Flip="False"  Tag=""  LevelType="0"  CollidesTop="True" CollidesBottom="True" CollidesRight="True" CollidesLeft="True" />
		<GameObject Type="CollHullObj" Name="unknown"  X="1320"  Y="540"  Width="180"  Height="120"  ScaleX="1"  ScaleY="1"  Rotation="0"  Flip="False"  Tag=""  LevelType="0"  CollidesTop="True" CollidesBottom="True" CollidesRight="True" CollidesLeft="True" />
		<GameObject Type="CollHullObj" Name="unknown"  X="1320"  Y="60"  Width="540"  Height="240"  ScaleX="1"  ScaleY="1"  Rotation="0"  Flip="False"  Tag=""  LevelType="0"  CollidesTop="True" CollidesBottom="True" CollidesRight="True" CollidesLeft="True" />
		<GameObject Type="CollHullObj" Name="unknown"  X="2400"  Y="60"  Width="120"  Height="240"  ScaleX="1"  ScaleY="1"  Rotation="0"  Flip="False"  Tag=""  LevelType="0"  CollidesTop="True" CollidesBottom="True" CollidesRight="True" CollidesLeft="True" />
		<GameObject Type="CollHullObj" Name="unknown"  X="2280"  Y="60"  Width="120"  Height="150"  ScaleX="1"  ScaleY="1"  Rotation="0"  Flip="False"  Tag=""  LevelType="0"  CollidesTop="True" CollidesBottom="True" CollidesRight="True" CollidesLeft="True" />
		<GameObject Type="CollHullObj" Name="unknown"  X="1860"  Y="60"  Width="120"  Height="150"  ScaleX="1"  ScaleY="1"  Rotation="0"  Flip="False"  Tag=""  LevelType="0"  CollidesTop="True" CollidesBottom="True" CollidesRight="True" CollidesLeft="True" />
		<GameObject Type="SpriteObj" Name="teleporter"  X="2130"  Y="540"  Width="60"  Height="60"  ScaleX="2"  ScaleY="2"  Rotation="0"  Flip="False"  Tag=""  LevelType="0"  BGLayer="False" SpriteName="TeleporterBase_Sprite" />
		<GameObject Type="CollHullObj" Name="unknown"  X="1500"  Y="540"  Width="240"  Height="60"  ScaleX="1"  ScaleY="1"  Rotation="0"  Flip="False"  Tag=""  LevelType="0"  CollidesTop="True" CollidesBottom="False" CollidesRight="False" CollidesLeft="False" />
		<GameObject Type="BorderObj" Name="unknown"  X="1500"  Y="540"  Width="240"  Height="30"  ScaleX="1"  ScaleY="1"  Rotation="0"  Flip="False"  Tag=""  LevelType="0"  CollidesTop="True" CollidesBottom="False" CollidesRight="False" CollidesLeft="False" />
		<GameObject Type="CollHullObj" Name="unknown"  X="1320"  Y="660"  Width="120"  Height="480"  ScaleX="1"  ScaleY="1"  Rotation="0"  Flip="False"  Tag=""  LevelType="0"  CollidesTop="True" CollidesBottom="True" CollidesRight="True" CollidesLeft="True" />
		<GameObject Type="CollHullObj" Name="unknown"  X="1320"  Y="1200"  Width="60"  Height="60"  ScaleX="1"  ScaleY="1"  Rotation="0"  Flip="False"  Tag=""  LevelType="0"  CollidesTop="True" CollidesBottom="True" CollidesRight="True" CollidesLeft="True" />
		<GameObject Type="CollHullObj" Name="unknown"  X="1320"  Y="1140"  Width="660"  Height="60"  ScaleX="1"  ScaleY="1"  Rotation="0"  Flip="False"  Tag=""  LevelType="0"  CollidesTop="True" CollidesBottom="True" CollidesRight="True" CollidesLeft="True" />
		<GameObject Type="CollHullObj" Name="unknown"  X="2160"  Y="660"  Width="60"  Height="60"  ScaleX="1"  ScaleY="1"  Rotation="0"  Flip="False"  Tag=""  LevelType="0"  CollidesTop="True" CollidesBottom="True" CollidesRight="True" CollidesLeft="True" />
		<GameObject Type="CollHullObj" Name="unknown"  X="1440"  Y="900"  Width="60"  Height="60"  ScaleX="1"  ScaleY="1"  Rotation="0"  Flip="False"  Tag=""  LevelType="0"  CollidesTop="True" CollidesBottom="True" CollidesRight="True" CollidesLeft="True" />
		<GameObject Type="HazardObj" Name="unknown"  X="1740"  Y="1620"  Width="300"  Height="60"  ScaleX="1"  ScaleY="1"  Rotation="0"  Flip="False"  Tag=""  LevelType="0"  />
		<GameObject Type="HazardObj" Name="unknown"  X="1980"  Y="1260"  Width="600"  Height="60"  ScaleX="1"  ScaleY="1"  Rotation="180"  Flip="False"  Tag=""  LevelType="0"  />
		<GameObject Type="HazardObj" Name="unknown"  X="2040"  Y="1140"  Width="60"  Height="60"  ScaleX="1"  ScaleY="1"  Rotation="90"  Flip="False"  Tag=""  LevelType="0"  />
		<GameObject Type="HazardObj" Name="unknown"  X="1500"  Y="660"  Width="240"  Height="60"  ScaleX="1"  ScaleY="1"  Rotation="90"  Flip="False"  Tag=""  LevelType="0"  />
		<GameObject Type="BorderObj" Name="unknown"  X="1440"  Y="2040"  Width="60"  Height="60"  ScaleX="1"  ScaleY="1"  Rotation="0"  Flip="False"  Tag=""  LevelType="0"  CollidesTop="True" CollidesBottom="False" CollidesRight="False" CollidesLeft="True" />
		<GameObject Type="BorderObj" Name="unknown"  X="1740"  Y="1680"  Width="240"  Height="180"  ScaleX="1"  ScaleY="1"  Rotation="0"  Flip="False"  Tag=""  LevelType="0"  CollidesTop="True" CollidesBottom="False" CollidesRight="False" CollidesLeft="True" />
		<GameObject Type="BorderObj" Name="unknown"  X="2520"  Y="1020"  Width="60"  Height="360"  ScaleX="1"  ScaleY="1"  Rotation="0"  Flip="False"  Tag=""  LevelType="0"  CollidesTop="False" CollidesBottom="False" CollidesRight="False" CollidesLeft="True" />
		<GameObject Type="BorderObj" Name="unknown"  X="2160"  Y="660"  Width="60"  Height="60"  ScaleX="1"  ScaleY="1"  Rotation="0"  Flip="False"  Tag=""  LevelType="0"  CollidesTop="False" CollidesBottom="True" CollidesRight="False" CollidesLeft="True" />
		<GameObject Type="BorderObj" Name="unknown"  X="1740"  Y="540"  Width="420"  Height="120"  ScaleX="1"  ScaleY="1"  Rotation="0"  Flip="False"  Tag=""  LevelType="0"  CollidesTop="True" CollidesBottom="True" CollidesRight="False" CollidesLeft="True" />
		<GameObject Type="BorderObj" Name="unknown"  X="1260"  Y="1260"  Width="60"  Height="240"  ScaleX="1"  ScaleY="1"  Rotation="0"  Flip="False"  Tag=""  LevelType="0"  CollidesTop="False" CollidesBottom="False" CollidesRight="True" CollidesLeft="False" />
		<GameObject Type="BorderObj" Name="unknown"  X="1320"  Y="1200"  Width="60"  Height="60"  ScaleX="1"  ScaleY="1"  Rotation="0"  Flip="False"  Tag=""  LevelType="0"  CollidesTop="False" CollidesBottom="True" CollidesRight="True" CollidesLeft="False" />
		<GameObject Type="BorderObj" Name="unknown"  X="1680"  Y="1140"  Width="300"  Height="60"  ScaleX="1"  ScaleY="1"  Rotation="0"  Flip="False"  Tag=""  LevelType="0"  CollidesTop="True" CollidesBottom="True" CollidesRight="True" CollidesLeft="False" />
		<GameObject Type="BorderObj" Name="unknown"  X="1440"  Y="900"  Width="60"  Height="60"  ScaleX="1"  ScaleY="1"  Rotation="0"  Flip="False"  Tag=""  LevelType="0"  CollidesTop="True" CollidesBottom="False" CollidesRight="True" CollidesLeft="False" />
		<GameObject Type="BorderObj" Name="unknown"  X="1380"  Y="660"  Width="60"  Height="240"  ScaleX="1"  ScaleY="1"  Rotation="0"  Flip="False"  Tag=""  LevelType="0"  CollidesTop="False" CollidesBottom="False" CollidesRight="True" CollidesLeft="False" />
		<GameObject Type="BorderObj" Name="unknown"  X="1440"  Y="540"  Width="60"  Height="120"  ScaleX="1"  ScaleY="1"  Rotation="0"  Flip="False"  Tag=""  LevelType="0"  CollidesTop="True" CollidesBottom="True" CollidesRight="True" CollidesLeft="False" />
		<GameObject Type="BorderObj" Name="unknown"  X="1320"  Y="540"  Width="120"  Height="60"  ScaleX="1"  ScaleY="1"  Rotation="0"  Flip="False"  Tag=""  LevelType="0"  CollidesTop="True" CollidesBottom="False" CollidesRight="False" CollidesLeft="False" />
		<GameObject Type="BorderObj" Name="unknown"  X="1260"  Y="300"  Width="60"  Height="240"  ScaleX="1"  ScaleY="1"  Rotation="0"  Flip="False"  Tag=""  LevelType="0"  CollidesTop="False" CollidesBottom="False" CollidesRight="True" CollidesLeft="False" />
		<GameObject Type="BorderObj" Name="unknown"  X="1320"  Y="210"  Width="540"  Height="90"  ScaleX="1"  ScaleY="1"  Rotation="0"  Flip="False"  Tag=""  LevelType="0"  CollidesTop="False" CollidesBottom="True" CollidesRight="True" CollidesLeft="False" />
		<GameObject Type="BorderObj" Name="unknown"  X="1860"  Y="150"  Width="120"  Height="60"  ScaleX="1"  ScaleY="1"  Rotation="0"  Flip="False"  Tag=""  LevelType="0"  CollidesTop="False" CollidesBottom="True" CollidesRight="True" CollidesLeft="False" />
		<GameObject Type="BorderObj" Name="unknown"  X="2280"  Y="150"  Width="120"  Height="60"  ScaleX="1"  ScaleY="1"  Rotation="0"  Flip="False"  Tag=""  LevelType="0"  CollidesTop="False" CollidesBottom="True" CollidesRight="False" CollidesLeft="True" />
		<GameObject Type="BorderObj" Name="unknown"  X="2400"  Y="210"  Width="120"  Height="90"  ScaleX="1"  ScaleY="1"  Rotation="0"  Flip="False"  Tag=""  LevelType="0"  CollidesTop="False" CollidesBottom="True" CollidesRight="False" CollidesLeft="True" />
		<GameObject Type="BorderObj" Name="unknown"  X="2520"  Y="300"  Width="60"  Height="240"  ScaleX="1"  ScaleY="1"  Rotation="0"  Flip="False"  Tag=""  LevelType="0"  CollidesTop="False" CollidesBottom="False" CollidesRight="False" CollidesLeft="True" />
		<GameObject Type="BorderObj" Name="unknown"  X="2160"  Y="540"  Width="360"  Height="60"  ScaleX="1"  ScaleY="1"  Rotation="0"  Flip="False"  Tag=""  LevelType="0"  CollidesTop="True" CollidesBottom="False" CollidesRight="False" CollidesLeft="False" />
		<GameObject Type="BorderObj" Name="unknown"  X="1380"  Y="1140"  Width="300"  Height="60"  ScaleX="1"  ScaleY="1"  Rotation="0"  Flip="False"  Tag=""  LevelType="0"  CollidesTop="False" CollidesBottom="True" CollidesRight="False" CollidesLeft="False" />
		<GameObject Type="CollHullObj" Name="unknown"  X="1980"  Y="60"  Width="300"  Height="90"  ScaleX="1"  ScaleY="1"  Rotation="0"  Flip="False"  Tag=""  LevelType="0"  CollidesTop="True" CollidesBottom="True" CollidesRight="True" CollidesLeft="True" />
		<GameObject Type="BorderObj" Name="unknown"  X="1980"  Y="90"  Width="300"  Height="60"  ScaleX="1"  ScaleY="1"  Rotation="0"  Flip="False"  Tag=""  LevelType="0"  CollidesTop="False" CollidesBottom="True" CollidesRight="False" CollidesLeft="False" />
		<GameObject Type="CollHullObj" Name="unknown"  X="2040"  Y="1980"  Width="480"  Height="180"  ScaleX="1"  ScaleY="1"  Rotation="0"  Flip="False"  Tag=""  LevelType="0"  CollidesTop="True" CollidesBottom="True" CollidesRight="True" CollidesLeft="True" />
		<GameObject Type="HazardObj" Name="unknown"  X="2100"  Y="1920"  Width="300"  Height="60"  ScaleX="1"  ScaleY="1"  Rotation="0"  Flip="False"  Tag=""  LevelType="0"  />
		<GameObject Type="CollHullObj" Name="unknown"  X="2400"  Y="1920"  Width="60"  Height="60"  ScaleX="1"  ScaleY="1"  Rotation="0"  Flip="False"  Tag=""  LevelType="0"  CollidesTop="True" CollidesBottom="True" CollidesRight="True" CollidesLeft="True" />
		<GameObject Type="CollHullObj" Name="unknown"  X="2040"  Y="1920"  Width="60"  Height="60"  ScaleX="1"  ScaleY="1"  Rotation="0"  Flip="False"  Tag=""  LevelType="0"  CollidesTop="True" CollidesBottom="True" CollidesRight="True" CollidesLeft="True" />
		<GameObject Type="HazardObj" Name="unknown"  X="2100"  Y="1680"  Width="240"  Height="60"  ScaleX="1"  ScaleY="1"  Rotation="90"  Flip="False"  Tag=""  LevelType="0"  />
		<GameObject Type="BorderObj" Name="unknown"  X="1980"  Y="1680"  Width="60"  Height="240"  ScaleX="1"  ScaleY="1"  Rotation="0"  Flip="False"  Tag=""  LevelType="0"  CollidesTop="True" CollidesBottom="False" CollidesRight="True" CollidesLeft="False" />
		<GameObject Type="BorderObj" Name="unknown"  X="2040"  Y="1920"  Width="60"  Height="60"  ScaleX="1"  ScaleY="1"  Rotation="0"  Flip="False"  Tag=""  LevelType="0"  CollidesTop="True" CollidesBottom="False" CollidesRight="True" CollidesLeft="False" />
		<GameObject Type="BorderObj" Name="unknown"  X="2100"  Y="1980"  Width="300"  Height="60"  ScaleX="1"  ScaleY="1"  Rotation="0"  Flip="False"  Tag=""  LevelType="0"  CollidesTop="True" CollidesBottom="False" CollidesRight="False" CollidesLeft="False" />
		<GameObject Type="BorderObj" Name="unknown"  X="2400"  Y="1920"  Width="60"  Height="60"  ScaleX="1"  ScaleY="1"  Rotation="0"  Flip="False"  Tag=""  LevelType="0"  CollidesTop="True" CollidesBottom="False" CollidesRight="False" CollidesLeft="True" />
		<GameObject Type="PhysicsObjContainer" Name="unknown"  X="1860"  Y="1320"  Width="60"  Height="60"  ScaleX="2"  ScaleY="2"  Rotation="0"  Flip="False"  Tag=""  LevelType="0"  BGLayer="False" Weighted="False" Collidable="False" Breakable="True" SpriteName="DungeonHangingCell1_Character" />
		<GameObject Type="PhysicsObjContainer" Name="unknown"  X="2190"  Y="1530"  Width="60"  Height="60"  ScaleX="2"  ScaleY="2"  Rotation="0"  Flip="False"  Tag=""  LevelType="0"  BGLayer="False" Weighted="False" Collidable="False" Breakable="True" SpriteName="DungeonHangingCell1_Character" />
		<GameObject Type="PhysicsObjContainer" Name="unknown"  X="2070"  Y="1230"  Width="60"  Height="60"  ScaleX="2"  ScaleY="2"  Rotation="0"  Flip="False"  Tag=""  LevelType="0"  BGLayer="False" Weighted="False" Collidable="False" Breakable="True" SpriteName="DungeonHangingCell2_Character" />
		<GameObject Type="PhysicsObjContainer" Name="unknown"  X="2130"  Y="960"  Width="60"  Height="60"  ScaleX="2"  ScaleY="2"  Rotation="0"  Flip="False"  Tag=""  LevelType="0"  BGLayer="False" Weighted="False" Collidable="False" Breakable="True" SpriteName="DungeonHangingCell1_Character" />
		<GameObject Type="CollHullObj" Name="unknown"  X="2220"  Y="660"  Width="300"  Height="300"  ScaleX="1"  ScaleY="1"  Rotation="0"  Flip="False"  Tag=""  LevelType="0"  CollidesTop="True" CollidesBottom="True" CollidesRight="True" CollidesLeft="True" />
		<GameObject Type="HazardObj" Name="unknown"  X="2160"  Y="720"  Width="420"  Height="60"  ScaleX="1"  ScaleY="1"  Rotation="180"  Flip="False"  Tag=""  LevelType="0"  />
		<GameObject Type="CollHullObj" Name="unknown"  X="2460"  Y="960"  Width="60"  Height="60"  ScaleX="1"  ScaleY="1"  Rotation="0"  Flip="False"  Tag=""  LevelType="0"  CollidesTop="True" CollidesBottom="True" CollidesRight="True" CollidesLeft="True" />
		<GameObject Type="HazardObj" Name="unknown"  X="2160"  Y="960"  Width="240"  Height="60"  ScaleX="1"  ScaleY="1"  Rotation="-90"  Flip="False"  Tag=""  LevelType="0"  />
		<GameObject Type="HazardObj" Name="unknown"  X="2460"  Y="1020"  Width="240"  Height="60"  ScaleX="1"  ScaleY="1"  Rotation="180"  Flip="False"  Tag=""  LevelType="0"  />
		<GameObject Type="BorderObj" Name="unknown"  X="2220"  Y="720"  Width="240"  Height="240"  ScaleX="1"  ScaleY="1"  Rotation="0"  Flip="False"  Tag=""  LevelType="0"  CollidesTop="False" CollidesBottom="True" CollidesRight="False" CollidesLeft="True" />
		<GameObject Type="BorderObj" Name="unknown"  X="2460"  Y="960"  Width="60"  Height="60"  ScaleX="1"  ScaleY="1"  Rotation="0"  Flip="False"  Tag=""  LevelType="0"  CollidesTop="False" CollidesBottom="True" CollidesRight="False" CollidesLeft="True" />
		<GameObject Type="CollHullObj" Name="unknown"  X="1440"  Y="960"  Width="180"  Height="180"  ScaleX="1"  ScaleY="1"  Rotation="0"  Flip="False"  Tag=""  LevelType="0"  CollidesTop="True" CollidesBottom="True" CollidesRight="True" CollidesLeft="True" />
		<GameObject Type="CollHullObj" Name="unknown"  X="1620"  Y="1080"  Width="60"  Height="60"  ScaleX="1"  ScaleY="1"  Rotation="0"  Flip="False"  Tag=""  LevelType="0"  CollidesTop="True" CollidesBottom="True" CollidesRight="True" CollidesLeft="True" />
		<GameObject Type="HazardObj" Name="unknown"  X="1680"  Y="1080"  Width="300"  Height="60"  ScaleX="1"  ScaleY="1"  Rotation="0"  Flip="False"  Tag=""  LevelType="0"  />
		<GameObject Type="HazardObj" Name="unknown"  X="1680"  Y="960"  Width="120"  Height="60"  ScaleX="1"  ScaleY="1"  Rotation="90"  Flip="False"  Tag=""  LevelType="0"  />
		<GameObject Type="BorderObj" Name="unknown"  X="1620"  Y="1080"  Width="60"  Height="60"  ScaleX="1"  ScaleY="1"  Rotation="0"  Flip="False"  Tag=""  LevelType="0"  CollidesTop="True" CollidesBottom="False" CollidesRight="True" CollidesLeft="False" />
		<GameObject Type="BorderObj" Name="unknown"  X="1500"  Y="960"  Width="120"  Height="120"  ScaleX="1"  ScaleY="1"  Rotation="0"  Flip="False"  Tag=""  LevelType="0"  CollidesTop="True" CollidesBottom="False" CollidesRight="True" CollidesLeft="False" />
		<GameObject Type="PhysicsObjContainer" Name="unknown"  X="1770"  Y="780"  Width="60"  Height="60"  ScaleX="2"  ScaleY="2"  Rotation="0"  Flip="False"  Tag=""  LevelType="0"  BGLayer="False" Weighted="False" Collidable="False" Breakable="True" SpriteName="DungeonHangingCell1_Character" />
		<GameObject Type="HazardObj" Name="unknown"  X="1500"  Y="900"  Width="120"  Height="60"  ScaleX="1"  ScaleY="1"  Rotation="0"  Flip="False"  Tag=""  LevelType="0"  />
		<GameObject Type="CollHullObj" Name="unknown"  X="1500"  Y="1920"  Width="240"  Height="180"  ScaleX="1"  ScaleY="1"  Rotation="0"  Flip="False"  Tag=""  LevelType="0"  CollidesTop="True" CollidesBottom="True" CollidesRight="True" CollidesLeft="True" />
		<GameObject Type="CollHullObj" Name="unknown"  X="1680"  Y="1860"  Width="60"  Height="60"  ScaleX="1"  ScaleY="1"  Rotation="0"  Flip="False"  Tag=""  LevelType="0"  CollidesTop="True" CollidesBottom="True" CollidesRight="True" CollidesLeft="True" />
		<GameObject Type="HazardObj" Name="unknown"  X="1440"  Y="2040"  Width="120"  Height="60"  ScaleX="1"  ScaleY="1"  Rotation="-90"  Flip="False"  Tag=""  LevelType="0"  />
		<GameObject Type="HazardObj" Name="unknown"  X="1500"  Y="1860"  Width="180"  Height="60"  ScaleX="1"  ScaleY="1"  Rotation="0"  Flip="False"  Tag=""  LevelType="0"  />
		<GameObject Type="BorderObj" Name="unknown"  X="1500"  Y="1920"  Width="180"  Height="120"  ScaleX="1"  ScaleY="1"  Rotation="0"  Flip="False"  Tag=""  LevelType="0"  CollidesTop="True" CollidesBottom="False" CollidesRight="False" CollidesLeft="True" />
		<GameObject Type="BorderObj" Name="unknown"  X="1680"  Y="1860"  Width="60"  Height="60"  ScaleX="1"  ScaleY="1"  Rotation="0"  Flip="False"  Tag=""  LevelType="0"  CollidesTop="True" CollidesBottom="False" CollidesRight="False" CollidesLeft="True" />
		<GameObject Type="CollHullObj" Name="unknown"  X="2280"  Y="1440"  Width="240"  Height="60"  ScaleX="1"  ScaleY="1"  Rotation="0"  Flip="False"  Tag=""  LevelType="0"  CollidesTop="True" CollidesBottom="True" CollidesRight="True" CollidesLeft="True" />
		<GameObject Type="CollHullObj" Name="unknown"  X="2460"  Y="1380"  Width="60"  Height="60"  ScaleX="1"  ScaleY="1"  Rotation="0"  Flip="False"  Tag=""  LevelType="0"  CollidesTop="True" CollidesBottom="True" CollidesRight="True" CollidesLeft="True" />
		<GameObject Type="CollHullObj" Name="unknown"  X="2400"  Y="1500"  Width="60"  Height="60"  ScaleX="1"  ScaleY="1"  Rotation="0"  Flip="False"  Tag=""  LevelType="0"  CollidesTop="True" CollidesBottom="True" CollidesRight="True" CollidesLeft="True" />
		<GameObject Type="HazardObj" Name="unknown"  X="2400"  Y="1920"  Width="360"  Height="60"  ScaleX="1"  ScaleY="1"  Rotation="-90"  Flip="False"  Tag=""  LevelType="0"  />
		<GameObject Type="CollHullObj" Name="unknown"  X="2460"  Y="1500"  Width="60"  Height="480"  ScaleX="1"  ScaleY="1"  Rotation="0"  Flip="False"  Tag=""  LevelType="0"  CollidesTop="True" CollidesBottom="True" CollidesRight="True" CollidesLeft="True" />
		<GameObject Type="BorderObj" Name="unknown"  X="2460"  Y="1560"  Width="60"  Height="360"  ScaleX="1"  ScaleY="1"  Rotation="0"  Flip="False"  Tag=""  LevelType="0"  CollidesTop="False" CollidesBottom="False" CollidesRight="False" CollidesLeft="True" />
		<GameObject Type="BorderObj" Name="unknown"  X="2400"  Y="1500"  Width="60"  Height="60"  ScaleX="1"  ScaleY="1"  Rotation="0"  Flip="False"  Tag=""  LevelType="0"  CollidesTop="False" CollidesBottom="True" CollidesRight="False" CollidesLeft="True" />
		<GameObject Type="BorderObj" Name="unknown"  X="2280"  Y="1440"  Width="120"  Height="60"  ScaleX="1"  ScaleY="1"  Rotation="0"  Flip="False"  Tag=""  LevelType="0"  CollidesTop="True" CollidesBottom="True" CollidesRight="False" CollidesLeft="True" />
		<GameObject Type="BorderObj" Name="unknown"  X="2400"  Y="1440"  Width="60"  Height="60"  ScaleX="1"  ScaleY="1"  Rotation="0"  Flip="False"  Tag=""  LevelType="0"  CollidesTop="True" CollidesBottom="False" CollidesRight="False" CollidesLeft="False" />
		<GameObject Type="BorderObj" Name="unknown"  X="2460"  Y="1380"  Width="60"  Height="60"  ScaleX="1"  ScaleY="1"  Rotation="0"  Flip="False"  Tag=""  LevelType="0"  CollidesTop="True" CollidesBottom="False" CollidesRight="False" CollidesLeft="True" />
		<GameObject Type="HazardObj" Name="unknown"  X="2280"  Y="1380"  Width="180"  Height="60"  ScaleX="1"  ScaleY="1"  Rotation="0"  Flip="False"  Tag=""  LevelType="0"  />
		<GameObject Type="HazardObj" Name="unknown"  X="2460"  Y="1380"  Width="360"  Height="60"  ScaleX="1"  ScaleY="1"  Rotation="-90"  Flip="False"  Tag=""  LevelType="0"  />
		<GameObject Type="HazardObj" Name="unknown"  X="2400"  Y="1560"  Width="120"  Height="60"  ScaleX="1"  ScaleY="1"  Rotation="180"  Flip="False"  Tag=""  LevelType="0"  />
		<GameObject Type="HazardObj" Name="unknown"  X="2220"  Y="1500"  Width="60"  Height="60"  ScaleX="1"  ScaleY="1"  Rotation="-90"  Flip="False"  Tag=""  LevelType="0"  />
		<GameObject Type="ObjContainer" Name="unknown"  X="2370"  Y="1320"  Width="60"  Height="60"  ScaleX="2"  ScaleY="2"  Rotation="0"  Flip="False"  Tag=""  LevelType="0"  BGLayer="False" Weighted="False" Collidable="False" Breakable="False" SpriteName="DungeonMaiden1_Character" />
		<GameObject Type="ObjContainer" Name="unknown"  X="1965"  Y="990"  Width="60"  Height="60"  ScaleX="2"  ScaleY="2"  Rotation="0"  Flip="False"  Tag=""  LevelType="0"  BGLayer="False" Weighted="False" Collidable="False" Breakable="False" SpriteName="DungeonMaiden3_Character" />
		<GameObject Type="ObjContainer" Name="unknown"  X="2310"  Y="1710"  Width="60"  Height="60"  ScaleX="2"  ScaleY="2"  Rotation="0"  Flip="True"  Tag=""  LevelType="0"  BGLayer="True" Weighted="False" Collidable="False" Breakable="False" SpriteName="DungeonChain2_Character" />
		<GameObject Type="ObjContainer" Name="unknown"  X="1500"  Y="1140"  Width="60"  Height="60"  ScaleX="2"  ScaleY="2"  Rotation="0"  Flip="False"  Tag=""  LevelType="0"  BGLayer="True" Weighted="False" Collidable="False" Breakable="False" SpriteName="DungeonChain1_Character" />
		<GameObject Type="ObjContainer" Name="unknown"  X="1860"  Y="1200"  Width="60"  Height="60"  ScaleX="2"  ScaleY="2"  Rotation="0"  Flip="False"  Tag=""  LevelType="0"  BGLayer="True" Weighted="False" Collidable="False" Breakable="False" SpriteName="DungeonChain1_Character" />
		<GameObject Type="ObjContainer" Name="unknown"  X="2190"  Y="1410"  Width="60"  Height="60"  ScaleX="2"  ScaleY="2"  Rotation="0"  Flip="False"  Tag=""  LevelType="0"  BGLayer="True" Weighted="False" Collidable="False" Breakable="False" SpriteName="DungeonChain1_Character" />
		<GameObject Type="ObjContainer" Name="unknown"  X="2190"  Y="1290"  Width="60"  Height="60"  ScaleX="2"  ScaleY="2"  Rotation="0"  Flip="False"  Tag=""  LevelType="0"  BGLayer="True" Weighted="False" Collidable="False" Breakable="False" SpriteName="DungeonChain1_Character" />
		<GameObject Type="ObjContainer" Name="unknown"  X="2190"  Y="1170"  Width="60"  Height="60"  ScaleX="2"  ScaleY="2"  Rotation="0"  Flip="False"  Tag=""  LevelType="0"  BGLayer="True" Weighted="False" Collidable="False" Breakable="False" SpriteName="DungeonChain1_Character" />
		<GameObject Type="ObjContainer" Name="unknown"  X="2190"  Y="1050"  Width="60"  Height="60"  ScaleX="2"  ScaleY="2"  Rotation="0"  Flip="False"  Tag=""  LevelType="0"  BGLayer="True" Weighted="False" Collidable="False" Breakable="False" SpriteName="DungeonChain1_Character" />
		<GameObject Type="ObjContainer" Name="unknown"  X="2190"  Y="930"  Width="60"  Height="60"  ScaleX="2"  ScaleY="2"  Rotation="0"  Flip="False"  Tag=""  LevelType="0"  BGLayer="True" Weighted="False" Collidable="False" Breakable="False" SpriteName="DungeonChain1_Character" />
		<GameObject Type="ObjContainer" Name="unknown"  X="2190"  Y="810"  Width="60"  Height="60"  ScaleX="2"  ScaleY="2"  Rotation="0"  Flip="False"  Tag=""  LevelType="0"  BGLayer="True" Weighted="False" Collidable="False" Breakable="False" SpriteName="DungeonChain1_Character" />
		<GameObject Type="ObjContainer" Name="unknown"  X="2190"  Y="690"  Width="60"  Height="60"  ScaleX="2"  ScaleY="2"  Rotation="0"  Flip="False"  Tag=""  LevelType="0"  BGLayer="True" Weighted="False" Collidable="False" Breakable="False" SpriteName="DungeonChain1_Character" />
		<GameObject Type="ObjContainer" Name="unknown"  X="2130"  Y="840"  Width="60"  Height="60"  ScaleX="2"  ScaleY="2"  Rotation="0"  Flip="False"  Tag=""  LevelType="0"  BGLayer="True" Weighted="False" Collidable="False" Breakable="False" SpriteName="DungeonChain1_Character" />
		<GameObject Type="ObjContainer" Name="unknown"  X="2130"  Y="720"  Width="60"  Height="60"  ScaleX="2"  ScaleY="2"  Rotation="0"  Flip="False"  Tag=""  LevelType="0"  BGLayer="True" Weighted="False" Collidable="False" Breakable="False" SpriteName="DungeonChain1_Character" />
		<GameObject Type="ObjContainer" Name="unknown"  X="2130"  Y="600"  Width="60"  Height="60"  ScaleX="2"  ScaleY="2"  Rotation="0"  Flip="False"  Tag=""  LevelType="0"  BGLayer="True" Weighted="False" Collidable="False" Breakable="False" SpriteName="DungeonChain1_Character" />
		<GameObject Type="ObjContainer" Name="unknown"  X="1770"  Y="660"  Width="60"  Height="60"  ScaleX="2"  ScaleY="2"  Rotation="0"  Flip="False"  Tag=""  LevelType="0"  BGLayer="True" Weighted="False" Collidable="False" Breakable="False" SpriteName="DungeonChain1_Character" />
		<GameObject Type="ObjContainer" Name="unknown"  X="1980"  Y="780"  Width="60"  Height="60"  ScaleX="2"  ScaleY="2"  Rotation="0"  Flip="False"  Tag=""  LevelType="0"  BGLayer="True" Weighted="False" Collidable="False" Breakable="False" SpriteName="DungeonChain1_Character" />
		<GameObject Type="ObjContainer" Name="unknown"  X="1980"  Y="660"  Width="60"  Height="60"  ScaleX="2"  ScaleY="2"  Rotation="0"  Flip="False"  Tag=""  LevelType="0"  BGLayer="True" Weighted="False" Collidable="False" Breakable="False" SpriteName="DungeonChain1_Character" />
		<GameObject Type="ObjContainer" Name="unknown"  X="870"  Y="1620"  Width="60"  Height="60"  ScaleX="2"  ScaleY="2"  Rotation="0"  Flip="False"  Tag=""  LevelType="0"  BGLayer="True" Weighted="False" Collidable="False" Breakable="False" SpriteName="DungeonChain1_Character" />
		<GameObject Type="ObjContainer" Name="unknown"  X="870"  Y="1500"  Width="60"  Height="60"  ScaleX="2"  ScaleY="2"  Rotation="0"  Flip="False"  Tag=""  LevelType="0"  BGLayer="True" Weighted="False" Collidable="False" Breakable="False" SpriteName="DungeonChain1_Character" />
		<GameObject Type="ObjContainer" Name="unknown"  X="870"  Y="1380"  Width="60"  Height="60"  ScaleX="2"  ScaleY="2"  Rotation="0"  Flip="False"  Tag=""  LevelType="0"  BGLayer="True" Weighted="False" Collidable="False" Breakable="False" SpriteName="DungeonChain1_Character" />
		<GameObject Type="ObjContainer" Name="unknown"  X="796"  Y="1380"  Width="60"  Height="60"  ScaleX="2"  ScaleY="2"  Rotation="0"  Flip="False"  Tag=""  LevelType="0"  BGLayer="True" Weighted="False" Collidable="False" Breakable="False" SpriteName="DungeonChain1_Character" />
		<GameObject Type="ObjContainer" Name="unknown"  X="822"  Y="1380"  Width="60"  Height="60"  ScaleX="2"  ScaleY="2"  Rotation="0"  Flip="False"  Tag=""  LevelType="0"  BGLayer="True" Weighted="False" Collidable="False" Breakable="False" SpriteName="DungeonChain1_Character" />
		<GameObject Type="ObjContainer" Name="unknown"  X="1246"  Y="1710"  Width="60"  Height="60"  ScaleX="2"  ScaleY="2"  Rotation="0"  Flip="False"  Tag=""  LevelType="0"  BGLayer="True" Weighted="False" Collidable="False" Breakable="False" SpriteName="DungeonChain1_Character" />
		<GameObject Type="ObjContainer" Name="unknown"  X="1272"  Y="1710"  Width="60"  Height="60"  ScaleX="2"  ScaleY="2"  Rotation="0"  Flip="False"  Tag=""  LevelType="0"  BGLayer="True" Weighted="False" Collidable="False" Breakable="False" SpriteName="DungeonChain1_Character" />
		<GameObject Type="ObjContainer" Name="unknown"  X="1246"  Y="1590"  Width="60"  Height="60"  ScaleX="2"  ScaleY="2"  Rotation="0"  Flip="False"  Tag=""  LevelType="0"  BGLayer="True" Weighted="False" Collidable="False" Breakable="False" SpriteName="DungeonChain1_Character" />
		<GameObject Type="ObjContainer" Name="unknown"  X="1272"  Y="1590"  Width="60"  Height="60"  ScaleX="2"  ScaleY="2"  Rotation="0"  Flip="False"  Tag=""  LevelType="0"  BGLayer="True" Weighted="False" Collidable="False" Breakable="False" SpriteName="DungeonChain1_Character" />
		<GameObject Type="ObjContainer" Name="unknown"  X="1576"  Y="1170"  Width="60"  Height="60"  ScaleX="2"  ScaleY="2"  Rotation="0"  Flip="False"  Tag=""  LevelType="0"  BGLayer="True" Weighted="False" Collidable="False" Breakable="False" SpriteName="DungeonChain1_Character" />
		<GameObject Type="ObjContainer" Name="unknown"  X="1602"  Y="1170"  Width="60"  Height="60"  ScaleX="2"  ScaleY="2"  Rotation="0"  Flip="False"  Tag=""  LevelType="0"  BGLayer="True" Weighted="False" Collidable="False" Breakable="False" SpriteName="DungeonChain1_Character" />
		<GameObject Type="ObjContainer" Name="unknown"  X="2056"  Y="1110"  Width="60"  Height="60"  ScaleX="2"  ScaleY="2"  Rotation="0"  Flip="False"  Tag=""  LevelType="0"  BGLayer="True" Weighted="False" Collidable="False" Breakable="False" SpriteName="DungeonChain1_Character" />
		<GameObject Type="ObjContainer" Name="unknown"  X="2082"  Y="1110"  Width="60"  Height="60"  ScaleX="2"  ScaleY="2"  Rotation="0"  Flip="False"  Tag=""  LevelType="0"  BGLayer="True" Weighted="False" Collidable="False" Breakable="False" SpriteName="DungeonChain1_Character" />
		<GameObject Type="ObjContainer" Name="unknown"  X="2056"  Y="990"  Width="60"  Height="60"  ScaleX="2"  ScaleY="2"  Rotation="0"  Flip="False"  Tag=""  LevelType="0"  BGLayer="True" Weighted="False" Collidable="False" Breakable="False" SpriteName="DungeonChain1_Character" />
		<GameObject Type="ObjContainer" Name="unknown"  X="2082"  Y="990"  Width="60"  Height="60"  ScaleX="2"  ScaleY="2"  Rotation="0"  Flip="False"  Tag=""  LevelType="0"  BGLayer="True" Weighted="False" Collidable="False" Breakable="False" SpriteName="DungeonChain1_Character" />
		<GameObject Type="ObjContainer" Name="unknown"  X="2056"  Y="870"  Width="60"  Height="60"  ScaleX="2"  ScaleY="2"  Rotation="0"  Flip="False"  Tag=""  LevelType="0"  BGLayer="True" Weighted="False" Collidable="False" Breakable="False" SpriteName="DungeonChain1_Character" />
		<GameObject Type="ObjContainer" Name="unknown"  X="2082"  Y="870"  Width="60"  Height="60"  ScaleX="2"  ScaleY="2"  Rotation="0"  Flip="False"  Tag=""  LevelType="0"  BGLayer="True" Weighted="False" Collidable="False" Breakable="False" SpriteName="DungeonChain1_Character" />
		<GameObject Type="ObjContainer" Name="unknown"  X="2056"  Y="750"  Width="60"  Height="60"  ScaleX="2"  ScaleY="2"  Rotation="0"  Flip="False"  Tag=""  LevelType="0"  BGLayer="True" Weighted="False" Collidable="False" Breakable="False" SpriteName="DungeonChain1_Character" />
		<GameObject Type="ObjContainer" Name="unknown"  X="2082"  Y="750"  Width="60"  Height="60"  ScaleX="2"  ScaleY="2"  Rotation="0"  Flip="False"  Tag=""  LevelType="0"  BGLayer="True" Weighted="False" Collidable="False" Breakable="False" SpriteName="DungeonChain1_Character" />
		<GameObject Type="ObjContainer" Name="unknown"  X="2056"  Y="630"  Width="60"  Height="60"  ScaleX="2"  ScaleY="2"  Rotation="0"  Flip="False"  Tag=""  LevelType="0"  BGLayer="True" Weighted="False" Collidable="False" Breakable="False" SpriteName="DungeonChain1_Character" />
		<GameObject Type="ObjContainer" Name="unknown"  X="2082"  Y="630"  Width="60"  Height="60"  ScaleX="2"  ScaleY="2"  Rotation="0"  Flip="False"  Tag=""  LevelType="0"  BGLayer="True" Weighted="False" Collidable="False" Breakable="False" SpriteName="DungeonChain1_Character" />
		<GameObject Type="ObjContainer" Name="unknown"  X="2356"  Y="1110"  Width="60"  Height="60"  ScaleX="2"  ScaleY="2"  Rotation="0"  Flip="False"  Tag=""  LevelType="0"  BGLayer="True" Weighted="False" Collidable="False" Breakable="False" SpriteName="DungeonChain1_Character" />
		<GameObject Type="ObjContainer" Name="unknown"  X="2382"  Y="1110"  Width="60"  Height="60"  ScaleX="2"  ScaleY="2"  Rotation="0"  Flip="False"  Tag=""  LevelType="0"  BGLayer="True" Weighted="False" Collidable="False" Breakable="False" SpriteName="DungeonChain1_Character" />
		<GameObject Type="ObjContainer" Name="unknown"  X="2356"  Y="990"  Width="60"  Height="60"  ScaleX="2"  ScaleY="2"  Rotation="0"  Flip="False"  Tag=""  LevelType="0"  BGLayer="True" Weighted="False" Collidable="False" Breakable="False" SpriteName="DungeonChain1_Character" />
		<GameObject Type="ObjContainer" Name="unknown"  X="2382"  Y="990"  Width="60"  Height="60"  ScaleX="2"  ScaleY="2"  Rotation="0"  Flip="False"  Tag=""  LevelType="0"  BGLayer="True" Weighted="False" Collidable="False" Breakable="False" SpriteName="DungeonChain1_Character" />
		<GameObject Type="ObjContainer" Name="unknown"  X="2356"  Y="870"  Width="60"  Height="60"  ScaleX="2"  ScaleY="2"  Rotation="0"  Flip="False"  Tag=""  LevelType="0"  BGLayer="True" Weighted="False" Collidable="False" Breakable="False" SpriteName="DungeonChain1_Character" />
		<GameObject Type="ObjContainer" Name="unknown"  X="2382"  Y="870"  Width="60"  Height="60"  ScaleX="2"  ScaleY="2"  Rotation="0"  Flip="False"  Tag=""  LevelType="0"  BGLayer="True" Weighted="False" Collidable="False" Breakable="False" SpriteName="DungeonChain1_Character" />
		<GameObject Type="ObjContainer" Name="unknown"  X="1576"  Y="1290"  Width="60"  Height="60"  ScaleX="2"  ScaleY="2"  Rotation="0"  Flip="False"  Tag=""  LevelType="0"  BGLayer="True" Weighted="False" Collidable="False" Breakable="False" SpriteName="DungeonChain1_Character" />
		<GameObject Type="ObjContainer" Name="unknown"  X="1602"  Y="1290"  Width="60"  Height="60"  ScaleX="2"  ScaleY="2"  Rotation="0"  Flip="False"  Tag=""  LevelType="0"  BGLayer="True" Weighted="False" Collidable="False" Breakable="False" SpriteName="DungeonChain1_Character" />
		<GameObject Type="ObjContainer" Name="unknown"  X="1600"  Y="1500"  Width="60"  Height="60"  ScaleX="2"  ScaleY="2"  Rotation="0"  Flip="False"  Tag=""  LevelType="0"  BGLayer="False" Weighted="False" Collidable="False" Breakable="False" SpriteName="DungeonMaiden2_Character" />
		<GameObject Type="ObjContainer" Name="unknown"  X="1620"  Y="690"  Width="60"  Height="60"  ScaleX="2"  ScaleY="2"  Rotation="0"  Flip="True"  Tag=""  LevelType="0"  BGLayer="True" Weighted="False" Collidable="False" Breakable="False" SpriteName="DungeonChain2_Character" />
		<GameObject Type="ObjContainer" Name="unknown"  X="1830"  Y="0"  Width="60"  Height="60"  ScaleX="2"  ScaleY="1.75"  Rotation="0"  Flip="False"  Tag=""  LevelType="0"  BGLayer="True" Weighted="False" Collidable="False" Breakable="False" SpriteName="CastleBGPillar_Character" />
		<GameObject Type="ObjContainer" Name="unknown"  X="1980"  Y="0"  Width="60"  Height="60"  ScaleX="2"  ScaleY="1.75"  Rotation="0"  Flip="False"  Tag=""  LevelType="0"  BGLayer="True" Weighted="False" Collidable="False" Breakable="False" SpriteName="CastleBGPillar_Character" />
		<GameObject Type="ObjContainer" Name="unknown"  X="2280"  Y="0"  Width="60"  Height="60"  ScaleX="2"  ScaleY="1.75"  Rotation="0"  Flip="False"  Tag=""  LevelType="0"  BGLayer="True" Weighted="False" Collidable="False" Breakable="False" SpriteName="CastleBGPillar_Character" />
		<GameObject Type="ObjContainer" Name="unknown"  X="2430"  Y="0"  Width="60"  Height="60"  ScaleX="2"  ScaleY="1.75"  Rotation="0"  Flip="False"  Tag=""  LevelType="0"  BGLayer="True" Weighted="False" Collidable="False" Breakable="False" SpriteName="CastleBGPillar_Character" />
		<GameObject Type="ObjContainer" Name="unknown"  X="1830"  Y="390"  Width="60"  Height="60"  ScaleX="2"  ScaleY="2"  Rotation="0"  Flip="False"  Tag=""  LevelType="0"  BGLayer="False" Weighted="False" Collidable="False" Breakable="False" SpriteName="CastleAssetBackTorch_Character" />
		<GameObject Type="ObjContainer" Name="unknown"  X="1980"  Y="300"  Width="60"  Height="60"  ScaleX="2"  ScaleY="2"  Rotation="0"  Flip="False"  Tag=""  LevelType="0"  BGLayer="False" Weighted="False" Collidable="False" Breakable="False" SpriteName="CastleAssetBackTorch_Character" />
		<GameObject Type="ObjContainer" Name="unknown"  X="2280"  Y="300"  Width="60"  Height="60"  ScaleX="2"  ScaleY="2"  Rotation="0"  Flip="True"  Tag=""  LevelType="0"  BGLayer="False" Weighted="False" Collidable="False" Breakable="False" SpriteName="CastleAssetBackTorch_Character" />
		<GameObject Type="ObjContainer" Name="unknown"  X="2430"  Y="390"  Width="60"  Height="60"  ScaleX="2"  ScaleY="2"  Rotation="0"  Flip="True"  Tag=""  LevelType="0"  BGLayer="False" Weighted="False" Collidable="False" Breakable="False" SpriteName="CastleAssetBackTorch_Character" />
		<GameObject Type="PhysicsObjContainer" Name="Mana"  X="1920"  Y="540"  Width="60"  Height="60"  ScaleX="2"  ScaleY="2"  Rotation="0"  Flip="True"  Tag=""  LevelType="0"  BGLayer="False" Weighted="False" Collidable="False" Breakable="True" SpriteName="CastleAssetDemonStatue_Character" />
		<GameObject Type="PhysicsObjContainer" Name="Mana"  X="2340"  Y="540"  Width="60"  Height="60"  ScaleX="2"  ScaleY="2"  Rotation="0"  Flip="False"  Tag=""  LevelType="0"  BGLayer="False" Weighted="False" Collidable="False" Breakable="True" SpriteName="CastleAssetDemonStatue_Character" />
		<GameObject Type="PhysicsObjContainer" Name="Health"  X="1440"  Y="540"  Width="60"  Height="60"  ScaleX="2"  ScaleY="2"  Rotation="0"  Flip="False"  Tag=""  LevelType="1"  BGLayer="False" Weighted="True" Collidable="False" Breakable="True" SpriteName="BreakableBarrel1_Character" />
		<GameObject Type="PhysicsObjContainer" Name="Health"  X="1500"  Y="540"  Width="60"  Height="60"  ScaleX="2"  ScaleY="2"  Rotation="0"  Flip="False"  Tag=""  LevelType="1"  BGLayer="False" Weighted="True" Collidable="False" Breakable="True" SpriteName="BreakableBarrel1_Character" />
		<GameObject Type="PhysicsObjContainer" Name="Health"  X="1470"  Y="480"  Width="60"  Height="60"  ScaleX="2"  ScaleY="2"  Rotation="0"  Flip="False"  Tag=""  LevelType="1"  BGLayer="False" Weighted="True" Collidable="False" Breakable="True" SpriteName="BreakableBarrel1_Character" />
		<GameObject Type="PhysicsObjContainer" Name="unknown"  X="1680"  Y="540"  Width="60"  Height="60"  ScaleX="2"  ScaleY="2"  Rotation="0"  Flip="False"  Tag=""  LevelType="1"  BGLayer="False" Weighted="True" Collidable="False" Breakable="True" SpriteName="CastleAssetTable1_Character" />
		<GameObject Type="ObjContainer" Name="unknown"  X="1590"  Y="300"  Width="60"  Height="60"  ScaleX="2"  ScaleY="2"  Rotation="0"  Flip="False"  Tag=""  LevelType="0"  BGLayer="True" Weighted="False" Collidable="False" Breakable="False" SpriteName="DungeonChain1_Character" />
		<GameObject Type="ObjContainer" Name="unknown"  X="1650"  Y="240"  Width="60"  Height="60"  ScaleX="2"  ScaleY="2"  Rotation="0"  Flip="False"  Tag=""  LevelType="0"  BGLayer="True" Weighted="False" Collidable="False" Breakable="False" SpriteName="DungeonChain1_Character" />
		<GameObject Type="SpriteObj" Name="unknown"  X="270"  Y="2040"  Width="60"  Height="60"  ScaleX="2"  ScaleY="2"  Rotation="0"  Flip="False"  Tag=""  LevelType="0"  BGLayer="True" SpriteName="DungeonPrison2_Sprite" />
		<GameObject Type="SpriteObj" Name="unknown"  X="750"  Y="1380"  Width="60"  Height="60"  ScaleX="2"  ScaleY="2"  Rotation="0"  Flip="False"  Tag=""  LevelType="0"  BGLayer="True" SpriteName="DungeonPrison3_Sprite" />
		<GameObject Type="SpriteObj" Name="unknown"  X="900"  Y="2100"  Width="60"  Height="60"  ScaleX="2"  ScaleY="2"  Rotation="0"  Flip="True"  Tag=""  LevelType="0"  BGLayer="True" SpriteName="DungeonPrison3_Sprite" />
		<GameObject Type="SpriteObj" Name="unknown"  X="1050"  Y="2100"  Width="60"  Height="60"  ScaleX="2"  ScaleY="2"  Rotation="0"  Flip="False"  Tag=""  LevelType="0"  BGLayer="True" SpriteName="DungeonPrison1_Sprite" />
		<GameObject Type="SpriteObj" Name="unknown"  X="1590"  Y="1920"  Width="60"  Height="60"  ScaleX="2"  ScaleY="2"  Rotation="0"  Flip="False"  Tag=""  LevelType="0"  BGLayer="True" SpriteName="DungeonPrison3_Sprite" />
		<GameObject Type="SpriteObj" Name="unknown"  X="2220"  Y="1980"  Width="60"  Height="60"  ScaleX="2"  ScaleY="2"  Rotation="0"  Flip="True"  Tag=""  LevelType="0"  BGLayer="True" SpriteName="DungeonPrison2_Sprite" />
		<GameObject Type="SpriteObj" Name="unknown"  X="1290"  Y="2100"  Width="60"  Height="60"  ScaleX="2"  ScaleY="2"  Rotation="0"  Flip="True"  Tag=""  LevelType="0"  BGLayer="True" SpriteName="DungeonPrison2_Sprite" />
		<GameObject Type="SpriteObj" Name="unknown"  X="1890"  Y="1680"  Width="60"  Height="60"  ScaleX="2"  ScaleY="2"  Rotation="0"  Flip="False"  Tag=""  LevelType="0"  BGLayer="True" SpriteName="DungeonPrison2_Sprite" />
		<GameObject Type="SpriteObj" Name="unknown"  X="1830"  Y="1140"  Width="60"  Height="60"  ScaleX="2"  ScaleY="2"  Rotation="0"  Flip="True"  Tag=""  LevelType="0"  BGLayer="True" SpriteName="DungeonPrison3_Sprite" />
	</RoomObject>
</Map>