﻿<?xml version="1.0" encoding="utf-8"?>
<Map>
	<Spritesheet Name="startingRoomSpritesheet" />
	<Spritesheet Name="castleTerrainSpritesheet" />
	<Spritesheet Name="dungeonTerrainSpritesheet" />
	<Spritesheet Name="towerTerrainSpritesheet" />
	<Spritesheet Name="gardenTerrainSpritesheet" />
	<RoomObject Name="unknown" X="0" Y="0" Width="1320" Height="2160" ScaleX="1" ScaleY="1" Tag="" SelectionMode="0" DisplayBG="False" CastlePool="True" GardenPool="True" TowerPool="True" DungeonPool="True">
		<GameObject Type="CollHullObj" Name="unknown"  X="0"  Y="0"  Width="120"  Height="1680"  ScaleX="1"  ScaleY="1"  Rotation="0"  Flip="False"  Tag=""  LevelType="0"  CollidesTop="True" CollidesBottom="True" CollidesRight="True" CollidesLeft="True" />
		<GameObject Type="CollHullObj" Name="unknown"  X="0"  Y="1860"  Width="120"  Height="300"  ScaleX="1"  ScaleY="1"  Rotation="0"  Flip="False"  Tag=""  LevelType="0"  CollidesTop="True" CollidesBottom="True" CollidesRight="True" CollidesLeft="True" />
		<GameObject Type="CollHullObj" Name="unknown"  X="120"  Y="2100"  Width="1080"  Height="60"  ScaleX="1"  ScaleY="1"  Rotation="0"  Flip="False"  Tag=""  LevelType="0"  CollidesTop="True" CollidesBottom="True" CollidesRight="True" CollidesLeft="True" />
		<GameObject Type="CollHullObj" Name="unknown"  X="1200"  Y="0"  Width="120"  Height="1680"  ScaleX="1"  ScaleY="1"  Rotation="0"  Flip="False"  Tag=""  LevelType="0"  CollidesTop="True" CollidesBottom="True" CollidesRight="True" CollidesLeft="True" />
		<GameObject Type="CollHullObj" Name="unknown"  X="1200"  Y="1860"  Width="120"  Height="300"  ScaleX="1"  ScaleY="1"  Rotation="0"  Flip="False"  Tag=""  LevelType="0"  CollidesTop="True" CollidesBottom="True" CollidesRight="True" CollidesLeft="True" />
		<GameObject Type="CollHullObj" Name="unknown"  X="120"  Y="0"  Width="1080"  Height="60"  ScaleX="1"  ScaleY="1"  Rotation="0"  Flip="False"  Tag=""  LevelType="0"  CollidesTop="True" CollidesBottom="True" CollidesRight="True" CollidesLeft="True" />
		<GameObject Type="ChestObj" Name="unknown"  X="561"  Y="1470"  Width="60"  Height="60"  ScaleX="1"  ScaleY="1"  Rotation="0"  Flip="False"  Tag=""  LevelType="0"  Fairy="True" />
		<GameObject Type="CollHullObj" Name="unknown"  X="120"  Y="1230"  Width="480"  Height="60"  ScaleX="1"  ScaleY="1"  Rotation="0"  Flip="False"  Tag=""  LevelType="0"  CollidesTop="True" CollidesBottom="False" CollidesRight="False" CollidesLeft="False" />
		<GameObject Type="PhysicsObjContainer" Name="unknown"  X="660"  Y="1230"  Width="60"  Height="30"  ScaleX="4"  ScaleY="1"  Rotation="0"  Flip="True"  Tag=""  LevelType="0"  BGLayer="False" Weighted="True" Collidable="False" Breakable="True" SpriteName="BreakableCrate1_Character" />
		<GameObject Type="PhysicsObjContainer" Name="unknown"  X="720"  Y="1200"  Width="60"  Height="30"  ScaleX="4"  ScaleY="1"  Rotation="0"  Flip="False"  Tag=""  LevelType="0"  BGLayer="False" Weighted="True" Collidable="False" Breakable="True" SpriteName="BreakableCrate1_Character" />
		<GameObject Type="PhysicsObjContainer" Name="unknown"  X="660"  Y="1170"  Width="60"  Height="60"  ScaleX="2"  ScaleY="2"  Rotation="0"  Flip="False"  Tag=""  LevelType="0"  BGLayer="False" Weighted="True" Collidable="False" Breakable="True" SpriteName="BreakableBarrel1_Character" />
		<GameObject Type="PhysicsObjContainer" Name="unknown"  X="660"  Y="1110"  Width="60"  Height="30"  ScaleX="4"  ScaleY="1"  Rotation="0"  Flip="True"  Tag=""  LevelType="0"  BGLayer="False" Weighted="True" Collidable="False" Breakable="True" SpriteName="BreakableCrate1_Character" />
		<GameObject Type="PhysicsObjContainer" Name="unknown"  X="630"  Y="1080"  Width="60"  Height="30"  ScaleX="4"  ScaleY="1"  Rotation="0"  Flip="True"  Tag=""  LevelType="0"  BGLayer="False" Weighted="True" Collidable="False" Breakable="True" SpriteName="BreakableCrate1_Character" />
		<GameObject Type="PhysicsObjContainer" Name="unknown"  X="690"  Y="1050"  Width="60"  Height="60"  ScaleX="2"  ScaleY="2"  Rotation="0"  Flip="False"  Tag=""  LevelType="0"  BGLayer="False" Weighted="True" Collidable="False" Breakable="True" SpriteName="BreakableBarrel1_Character" />
		<GameObject Type="PhysicsObjContainer" Name="unknown"  X="720"  Y="990"  Width="60"  Height="30"  ScaleX="4"  ScaleY="1"  Rotation="0"  Flip="False"  Tag=""  LevelType="0"  BGLayer="False" Weighted="True" Collidable="False" Breakable="True" SpriteName="BreakableCrate1_Character" />
		<GameObject Type="PhysicsObjContainer" Name="unknown"  X="660"  Y="870"  Width="60"  Height="30"  ScaleX="4"  ScaleY="1"  Rotation="0"  Flip="True"  Tag=""  LevelType="0"  BGLayer="False" Weighted="True" Collidable="False" Breakable="True" SpriteName="BreakableCrate1_Character" />
		<GameObject Type="PhysicsObjContainer" Name="unknown"  X="600"  Y="840"  Width="60"  Height="30"  ScaleX="4"  ScaleY="1"  Rotation="0"  Flip="False"  Tag=""  LevelType="0"  BGLayer="False" Weighted="True" Collidable="False" Breakable="True" SpriteName="BreakableCrate1_Character" />
		<GameObject Type="PhysicsObjContainer" Name="unknown"  X="660"  Y="960"  Width="60"  Height="60"  ScaleX="2"  ScaleY="2"  Rotation="0"  Flip="False"  Tag=""  LevelType="0"  BGLayer="False" Weighted="True" Collidable="False" Breakable="True" SpriteName="BreakableBarrel1_Character" />
		<GameObject Type="PhysicsObjContainer" Name="unknown"  X="690"  Y="810"  Width="60"  Height="30"  ScaleX="4"  ScaleY="1"  Rotation="0"  Flip="False"  Tag=""  LevelType="0"  BGLayer="False" Weighted="True" Collidable="False" Breakable="True" SpriteName="BreakableCrate1_Character" />
		<GameObject Type="PhysicsObjContainer" Name="unknown"  X="630"  Y="780"  Width="60"  Height="60"  ScaleX="2"  ScaleY="2"  Rotation="0"  Flip="False"  Tag=""  LevelType="0"  BGLayer="False" Weighted="True" Collidable="False" Breakable="True" SpriteName="BreakableBarrel1_Character" />
		<GameObject Type="PhysicsObjContainer" Name="unknown"  X="630"  Y="720"  Width="60"  Height="30"  ScaleX="4"  ScaleY="1"  Rotation="0"  Flip="True"  Tag=""  LevelType="0"  BGLayer="False" Weighted="True" Collidable="False" Breakable="True" SpriteName="BreakableCrate1_Character" />
		<GameObject Type="PhysicsObjContainer" Name="unknown"  X="690"  Y="690"  Width="60"  Height="30"  ScaleX="4"  ScaleY="1"  Rotation="0"  Flip="False"  Tag=""  LevelType="0"  BGLayer="False" Weighted="True" Collidable="False" Breakable="True" SpriteName="BreakableCrate1_Character" />
		<GameObject Type="PhysicsObjContainer" Name="unknown"  X="660"  Y="660"  Width="60"  Height="30"  ScaleX="4"  ScaleY="1"  Rotation="0"  Flip="True"  Tag=""  LevelType="0"  BGLayer="False" Weighted="True" Collidable="False" Breakable="True" SpriteName="BreakableCrate1_Character" />
		<GameObject Type="PhysicsObjContainer" Name="unknown"  X="660"  Y="600"  Width="60"  Height="60"  ScaleX="2"  ScaleY="2"  Rotation="0"  Flip="False"  Tag=""  LevelType="0"  BGLayer="False" Weighted="True" Collidable="False" Breakable="True" SpriteName="BreakableBarrel1_Character" />
		<GameObject Type="PhysicsObjContainer" Name="unknown"  X="660"  Y="510"  Width="60"  Height="30"  ScaleX="4"  ScaleY="1"  Rotation="0"  Flip="False"  Tag=""  LevelType="0"  BGLayer="False" Weighted="True" Collidable="False" Breakable="True" SpriteName="BreakableCrate1_Character" />
		<GameObject Type="PhysicsObjContainer" Name="unknown"  X="630"  Y="480"  Width="60"  Height="30"  ScaleX="4"  ScaleY="1"  Rotation="0"  Flip="False"  Tag=""  LevelType="0"  BGLayer="False" Weighted="True" Collidable="False" Breakable="True" SpriteName="BreakableCrate1_Character" />
		<GameObject Type="PhysicsObjContainer" Name="unknown"  X="690"  Y="450"  Width="60"  Height="60"  ScaleX="2"  ScaleY="2"  Rotation="0"  Flip="False"  Tag=""  LevelType="0"  BGLayer="False" Weighted="True" Collidable="False" Breakable="True" SpriteName="BreakableBarrel1_Character" />
		<GameObject Type="PhysicsObjContainer" Name="unknown"  X="630"  Y="390"  Width="60"  Height="30"  ScaleX="4"  ScaleY="1"  Rotation="0"  Flip="True"  Tag=""  LevelType="0"  BGLayer="False" Weighted="True" Collidable="False" Breakable="True" SpriteName="BreakableCrate1_Character" />
		<GameObject Type="PhysicsObjContainer" Name="unknown"  X="720"  Y="360"  Width="60"  Height="30"  ScaleX="4"  ScaleY="1"  Rotation="0"  Flip="False"  Tag=""  LevelType="0"  BGLayer="False" Weighted="True" Collidable="False" Breakable="True" SpriteName="BreakableCrate1_Character" />
		<GameObject Type="PhysicsObjContainer" Name="unknown"  X="660"  Y="330"  Width="60"  Height="60"  ScaleX="2"  ScaleY="2"  Rotation="0"  Flip="False"  Tag=""  LevelType="0"  BGLayer="False" Weighted="True" Collidable="False" Breakable="True" SpriteName="BreakableBarrel1_Character" />
		<GameObject Type="PhysicsObjContainer" Name="unknown"  X="660"  Y="270"  Width="60"  Height="30"  ScaleX="4"  ScaleY="1"  Rotation="0"  Flip="True"  Tag=""  LevelType="0"  BGLayer="False" Weighted="True" Collidable="False" Breakable="True" SpriteName="BreakableCrate1_Character" />
		<GameObject Type="PhysicsObjContainer" Name="unknown"  X="630"  Y="240"  Width="60"  Height="30"  ScaleX="4"  ScaleY="1"  Rotation="0"  Flip="True"  Tag=""  LevelType="0"  BGLayer="False" Weighted="True" Collidable="False" Breakable="True" SpriteName="BreakableCrate1_Character" />
		<GameObject Type="PhysicsObjContainer" Name="unknown"  X="690"  Y="210"  Width="60"  Height="60"  ScaleX="2"  ScaleY="2"  Rotation="0"  Flip="False"  Tag=""  LevelType="0"  BGLayer="False" Weighted="True" Collidable="False" Breakable="True" SpriteName="BreakableBarrel1_Character" />
		<GameObject Type="PhysicsObjContainer" Name="unknown"  X="660"  Y="150"  Width="60"  Height="60"  ScaleX="2"  ScaleY="2"  Rotation="0"  Flip="False"  Tag=""  LevelType="0"  BGLayer="False" Weighted="True" Collidable="False" Breakable="True" SpriteName="BreakableBarrel1_Character" />
		<GameObject Type="CollHullObj" Name="unknown"  X="720"  Y="1230"  Width="480"  Height="60"  ScaleX="1"  ScaleY="1"  Rotation="0"  Flip="False"  Tag=""  LevelType="0"  CollidesTop="True" CollidesBottom="False" CollidesRight="False" CollidesLeft="False" />
		<GameObject Type="BorderObj" Name="unknown"  X="120"  Y="1230"  Width="480"  Height="30"  ScaleX="1"  ScaleY="1"  Rotation="0"  Flip="False"  Tag=""  LevelType="0"  CollidesTop="True" CollidesBottom="False" CollidesRight="False" CollidesLeft="False" />
		<GameObject Type="BorderObj" Name="unknown"  X="720"  Y="1230"  Width="480"  Height="30"  ScaleX="1"  ScaleY="1"  Rotation="0"  Flip="False"  Tag=""  LevelType="0"  CollidesTop="True" CollidesBottom="False" CollidesRight="False" CollidesLeft="False" />
		<GameObject Type="CollHullObj" Name="unknown"  X="120"  Y="870"  Width="480"  Height="60"  ScaleX="1"  ScaleY="1"  Rotation="0"  Flip="False"  Tag=""  LevelType="0"  CollidesTop="True" CollidesBottom="False" CollidesRight="False" CollidesLeft="False" />
		<GameObject Type="CollHullObj" Name="unknown"  X="120"  Y="510"  Width="480"  Height="60"  ScaleX="1"  ScaleY="1"  Rotation="0"  Flip="False"  Tag=""  LevelType="0"  CollidesTop="True" CollidesBottom="False" CollidesRight="False" CollidesLeft="False" />
		<GameObject Type="CollHullObj" Name="unknown"  X="720"  Y="870"  Width="480"  Height="60"  ScaleX="1"  ScaleY="1"  Rotation="0"  Flip="False"  Tag=""  LevelType="0"  CollidesTop="True" CollidesBottom="False" CollidesRight="False" CollidesLeft="False" />
		<GameObject Type="CollHullObj" Name="unknown"  X="720"  Y="510"  Width="480"  Height="60"  ScaleX="1"  ScaleY="1"  Rotation="0"  Flip="False"  Tag=""  LevelType="0"  CollidesTop="True" CollidesBottom="False" CollidesRight="False" CollidesLeft="False" />
		<GameObject Type="BorderObj" Name="unknown"  X="120"  Y="870"  Width="480"  Height="30"  ScaleX="1"  ScaleY="1"  Rotation="0"  Flip="False"  Tag=""  LevelType="0"  CollidesTop="True" CollidesBottom="False" CollidesRight="False" CollidesLeft="False" />
		<GameObject Type="BorderObj" Name="unknown"  X="120"  Y="510"  Width="480"  Height="30"  ScaleX="1"  ScaleY="1"  Rotation="0"  Flip="False"  Tag=""  LevelType="0"  CollidesTop="True" CollidesBottom="False" CollidesRight="False" CollidesLeft="False" />
		<GameObject Type="BorderObj" Name="unknown"  X="720"  Y="870"  Width="480"  Height="30"  ScaleX="1"  ScaleY="1"  Rotation="0"  Flip="False"  Tag=""  LevelType="0"  CollidesTop="True" CollidesBottom="False" CollidesRight="False" CollidesLeft="False" />
		<GameObject Type="BorderObj" Name="unknown"  X="720"  Y="510"  Width="480"  Height="30"  ScaleX="1"  ScaleY="1"  Rotation="0"  Flip="False"  Tag=""  LevelType="0"  CollidesTop="True" CollidesBottom="False" CollidesRight="False" CollidesLeft="False" />
		<GameObject Type="PhysicsObjContainer" Name="unknown"  X="600"  Y="630"  Width="60"  Height="30"  ScaleX="4"  ScaleY="1"  Rotation="0"  Flip="False"  Tag=""  LevelType="0"  BGLayer="False" Weighted="True" Collidable="False" Breakable="True" SpriteName="BreakableCrate1_Character" />
		<GameObject Type="CollHullObj" Name="unknown"  X="120"  Y="1860"  Width="240"  Height="60"  ScaleX="1"  ScaleY="1"  Rotation="0"  Flip="False"  Tag=""  LevelType="0"  CollidesTop="True" CollidesBottom="False" CollidesRight="False" CollidesLeft="False" />
		<GameObject Type="CollHullObj" Name="unknown"  X="120"  Y="1590"  Width="240"  Height="60"  ScaleX="1"  ScaleY="1"  Rotation="0"  Flip="False"  Tag=""  LevelType="0"  CollidesTop="True" CollidesBottom="False" CollidesRight="False" CollidesLeft="False" />
		<GameObject Type="CollHullObj" Name="unknown"  X="960"  Y="1860"  Width="240"  Height="60"  ScaleX="1"  ScaleY="1"  Rotation="0"  Flip="False"  Tag=""  LevelType="0"  CollidesTop="True" CollidesBottom="False" CollidesRight="False" CollidesLeft="False" />
		<GameObject Type="CollHullObj" Name="unknown"  X="960"  Y="1590"  Width="240"  Height="60"  ScaleX="1"  ScaleY="1"  Rotation="0"  Flip="False"  Tag=""  LevelType="0"  CollidesTop="True" CollidesBottom="False" CollidesRight="False" CollidesLeft="False" />
		<GameObject Type="BorderObj" Name="unknown"  X="120"  Y="1860"  Width="240"  Height="30"  ScaleX="1"  ScaleY="1"  Rotation="0"  Flip="False"  Tag=""  LevelType="0"  CollidesTop="True" CollidesBottom="False" CollidesRight="False" CollidesLeft="False" />
		<GameObject Type="BorderObj" Name="unknown"  X="120"  Y="1590"  Width="240"  Height="30"  ScaleX="1"  ScaleY="1"  Rotation="0"  Flip="False"  Tag=""  LevelType="0"  CollidesTop="True" CollidesBottom="False" CollidesRight="False" CollidesLeft="False" />
		<GameObject Type="BorderObj" Name="unknown"  X="960"  Y="1860"  Width="240"  Height="30"  ScaleX="1"  ScaleY="1"  Rotation="0"  Flip="False"  Tag=""  LevelType="0"  CollidesTop="True" CollidesBottom="False" CollidesRight="False" CollidesLeft="False" />
		<GameObject Type="BorderObj" Name="unknown"  X="960"  Y="1590"  Width="240"  Height="30"  ScaleX="1"  ScaleY="1"  Rotation="0"  Flip="False"  Tag=""  LevelType="0"  CollidesTop="True" CollidesBottom="False" CollidesRight="False" CollidesLeft="False" />
		<GameObject Type="CollHullObj" Name="unknown"  X="120"  Y="1050"  Width="240"  Height="60"  ScaleX="1"  ScaleY="1"  Rotation="0"  Flip="False"  Tag=""  LevelType="0"  CollidesTop="True" CollidesBottom="False" CollidesRight="False" CollidesLeft="False" />
		<GameObject Type="CollHullObj" Name="unknown"  X="120"  Y="690"  Width="240"  Height="60"  ScaleX="1"  ScaleY="1"  Rotation="0"  Flip="False"  Tag=""  LevelType="0"  CollidesTop="True" CollidesBottom="False" CollidesRight="False" CollidesLeft="False" />
		<GameObject Type="CollHullObj" Name="unknown"  X="960"  Y="1050"  Width="240"  Height="60"  ScaleX="1"  ScaleY="1"  Rotation="0"  Flip="False"  Tag=""  LevelType="0"  CollidesTop="True" CollidesBottom="False" CollidesRight="False" CollidesLeft="False" />
		<GameObject Type="CollHullObj" Name="unknown"  X="960"  Y="690"  Width="240"  Height="60"  ScaleX="1"  ScaleY="1"  Rotation="0"  Flip="False"  Tag=""  LevelType="0"  CollidesTop="True" CollidesBottom="False" CollidesRight="False" CollidesLeft="False" />
		<GameObject Type="CollHullObj" Name="unknown"  X="960"  Y="1410"  Width="240"  Height="60"  ScaleX="1"  ScaleY="1"  Rotation="0"  Flip="False"  Tag=""  LevelType="0"  CollidesTop="True" CollidesBottom="False" CollidesRight="False" CollidesLeft="False" />
		<GameObject Type="CollHullObj" Name="unknown"  X="120"  Y="1410"  Width="240"  Height="60"  ScaleX="1"  ScaleY="1"  Rotation="0"  Flip="False"  Tag=""  LevelType="0"  CollidesTop="True" CollidesBottom="False" CollidesRight="False" CollidesLeft="False" />
		<GameObject Type="BorderObj" Name="unknown"  X="120"  Y="1410"  Width="240"  Height="30"  ScaleX="1"  ScaleY="1"  Rotation="0"  Flip="False"  Tag=""  LevelType="0"  CollidesTop="True" CollidesBottom="False" CollidesRight="False" CollidesLeft="False" />
		<GameObject Type="BorderObj" Name="unknown"  X="120"  Y="1050"  Width="240"  Height="30"  ScaleX="1"  ScaleY="1"  Rotation="0"  Flip="False"  Tag=""  LevelType="0"  CollidesTop="True" CollidesBottom="False" CollidesRight="False" CollidesLeft="False" />
		<GameObject Type="BorderObj" Name="unknown"  X="120"  Y="690"  Width="240"  Height="30"  ScaleX="1"  ScaleY="1"  Rotation="0"  Flip="False"  Tag=""  LevelType="0"  CollidesTop="True" CollidesBottom="False" CollidesRight="False" CollidesLeft="False" />
		<GameObject Type="BorderObj" Name="unknown"  X="960"  Y="690"  Width="240"  Height="30"  ScaleX="1"  ScaleY="1"  Rotation="0"  Flip="False"  Tag=""  LevelType="0"  CollidesTop="True" CollidesBottom="False" CollidesRight="False" CollidesLeft="False" />
		<GameObject Type="BorderObj" Name="unknown"  X="960"  Y="1050"  Width="240"  Height="30"  ScaleX="1"  ScaleY="1"  Rotation="0"  Flip="False"  Tag=""  LevelType="0"  CollidesTop="True" CollidesBottom="False" CollidesRight="False" CollidesLeft="False" />
		<GameObject Type="BorderObj" Name="unknown"  X="960"  Y="1410"  Width="240"  Height="30"  ScaleX="1"  ScaleY="1"  Rotation="0"  Flip="False"  Tag=""  LevelType="0"  CollidesTop="True" CollidesBottom="False" CollidesRight="False" CollidesLeft="False" />
		<GameObject Type="ObjContainer" Name="unknown"  X="300"  Y="60"  Width="60"  Height="60"  ScaleX="2"  ScaleY="2"  Rotation="0"  Flip="False"  Tag=""  LevelType="1"  BGLayer="True" Weighted="False" Collidable="False" Breakable="False" SpriteName="CastleBGPillar_Character" />
		<GameObject Type="ObjContainer" Name="unknown"  X="540"  Y="60"  Width="60"  Height="60"  ScaleX="2"  ScaleY="2"  Rotation="0"  Flip="True"  Tag=""  LevelType="1"  BGLayer="True" Weighted="False" Collidable="False" Breakable="False" SpriteName="CastleBGPillar_Character" />
		<GameObject Type="ObjContainer" Name="unknown"  X="780"  Y="60"  Width="60"  Height="60"  ScaleX="2"  ScaleY="2"  Rotation="0"  Flip="False"  Tag=""  LevelType="1"  BGLayer="True" Weighted="False" Collidable="False" Breakable="False" SpriteName="CastleBGPillar_Character" />
		<GameObject Type="ObjContainer" Name="unknown"  X="1020"  Y="60"  Width="60"  Height="60"  ScaleX="2"  ScaleY="2"  Rotation="0"  Flip="True"  Tag=""  LevelType="1"  BGLayer="True" Weighted="False" Collidable="False" Breakable="False" SpriteName="CastleBGPillar_Character" />
		<GameObject Type="ObjContainer" Name="unknown"  X="300"  Y="750"  Width="60"  Height="60"  ScaleX="2"  ScaleY="2"  Rotation="0"  Flip="False"  Tag=""  LevelType="1"  BGLayer="True" Weighted="False" Collidable="False" Breakable="False" SpriteName="CastleBGPillar_Character" />
		<GameObject Type="ObjContainer" Name="unknown"  X="540"  Y="750"  Width="60"  Height="60"  ScaleX="2"  ScaleY="2"  Rotation="0"  Flip="True"  Tag=""  LevelType="1"  BGLayer="True" Weighted="False" Collidable="False" Breakable="False" SpriteName="CastleBGPillar_Character" />
		<GameObject Type="ObjContainer" Name="unknown"  X="780"  Y="750"  Width="60"  Height="60"  ScaleX="2"  ScaleY="2"  Rotation="0"  Flip="False"  Tag=""  LevelType="1"  BGLayer="True" Weighted="False" Collidable="False" Breakable="False" SpriteName="CastleBGPillar_Character" />
		<GameObject Type="ObjContainer" Name="unknown"  X="1020"  Y="750"  Width="60"  Height="60"  ScaleX="2"  ScaleY="2"  Rotation="0"  Flip="True"  Tag=""  LevelType="1"  BGLayer="True" Weighted="False" Collidable="False" Breakable="False" SpriteName="CastleBGPillar_Character" />
		<GameObject Type="ObjContainer" Name="unknown"  X="300"  Y="1440"  Width="60"  Height="60"  ScaleX="2"  ScaleY="2"  Rotation="0"  Flip="False"  Tag=""  LevelType="1"  BGLayer="True" Weighted="False" Collidable="False" Breakable="False" SpriteName="CastleBGPillar_Character" />
		<GameObject Type="ObjContainer" Name="unknown"  X="540"  Y="1440"  Width="60"  Height="60"  ScaleX="2"  ScaleY="2"  Rotation="0"  Flip="True"  Tag=""  LevelType="1"  BGLayer="True" Weighted="False" Collidable="False" Breakable="False" SpriteName="CastleBGPillar_Character" />
		<GameObject Type="ObjContainer" Name="unknown"  X="780"  Y="1440"  Width="60"  Height="60"  ScaleX="2"  ScaleY="2"  Rotation="0"  Flip="False"  Tag=""  LevelType="1"  BGLayer="True" Weighted="False" Collidable="False" Breakable="False" SpriteName="CastleBGPillar_Character" />
		<GameObject Type="ObjContainer" Name="unknown"  X="1020"  Y="1440"  Width="60"  Height="60"  ScaleX="2"  ScaleY="2"  Rotation="0"  Flip="True"  Tag=""  LevelType="1"  BGLayer="True" Weighted="False" Collidable="False" Breakable="False" SpriteName="CastleBGPillar_Character" />
		<GameObject Type="ObjContainer" Name="unknown"  X="630"  Y="1380"  Width="60"  Height="60"  ScaleX="2"  ScaleY="2"  Rotation="0"  Flip="False"  Tag=""  LevelType="0"  BGLayer="True" Weighted="False" Collidable="False" Breakable="False" SpriteName="DungeonChain1_Character" />
		<GameObject Type="ObjContainer" Name="unknown"  X="690"  Y="1380"  Width="60"  Height="60"  ScaleX="2"  ScaleY="2"  Rotation="0"  Flip="False"  Tag=""  LevelType="0"  BGLayer="True" Weighted="False" Collidable="False" Breakable="False" SpriteName="DungeonChain1_Character" />
		<GameObject Type="ObjContainer" Name="unknown"  X="630"  Y="1260"  Width="60"  Height="60"  ScaleX="2"  ScaleY="2"  Rotation="0"  Flip="False"  Tag=""  LevelType="0"  BGLayer="True" Weighted="False" Collidable="False" Breakable="False" SpriteName="DungeonChain1_Character" />
		<GameObject Type="ObjContainer" Name="unknown"  X="630"  Y="1140"  Width="60"  Height="60"  ScaleX="2"  ScaleY="2"  Rotation="0"  Flip="False"  Tag=""  LevelType="0"  BGLayer="True" Weighted="False" Collidable="False" Breakable="False" SpriteName="DungeonChain1_Character" />
		<GameObject Type="ObjContainer" Name="unknown"  X="630"  Y="1020"  Width="60"  Height="60"  ScaleX="2"  ScaleY="2"  Rotation="0"  Flip="False"  Tag=""  LevelType="0"  BGLayer="True" Weighted="False" Collidable="False" Breakable="False" SpriteName="DungeonChain1_Character" />
		<GameObject Type="ObjContainer" Name="unknown"  X="630"  Y="900"  Width="60"  Height="60"  ScaleX="2"  ScaleY="2"  Rotation="0"  Flip="False"  Tag=""  LevelType="0"  BGLayer="True" Weighted="False" Collidable="False" Breakable="False" SpriteName="DungeonChain1_Character" />
		<GameObject Type="ObjContainer" Name="unknown"  X="630"  Y="780"  Width="60"  Height="60"  ScaleX="2"  ScaleY="2"  Rotation="0"  Flip="False"  Tag=""  LevelType="0"  BGLayer="True" Weighted="False" Collidable="False" Breakable="False" SpriteName="DungeonChain1_Character" />
		<GameObject Type="ObjContainer" Name="unknown"  X="630"  Y="660"  Width="60"  Height="60"  ScaleX="2"  ScaleY="2"  Rotation="0"  Flip="False"  Tag=""  LevelType="0"  BGLayer="True" Weighted="False" Collidable="False" Breakable="False" SpriteName="DungeonChain1_Character" />
		<GameObject Type="ObjContainer" Name="unknown"  X="630"  Y="540"  Width="60"  Height="60"  ScaleX="2"  ScaleY="2"  Rotation="0"  Flip="False"  Tag=""  LevelType="0"  BGLayer="True" Weighted="False" Collidable="False" Breakable="False" SpriteName="DungeonChain1_Character" />
		<GameObject Type="ObjContainer" Name="unknown"  X="630"  Y="420"  Width="60"  Height="60"  ScaleX="2"  ScaleY="2"  Rotation="0"  Flip="False"  Tag=""  LevelType="0"  BGLayer="True" Weighted="False" Collidable="False" Breakable="False" SpriteName="DungeonChain1_Character" />
		<GameObject Type="ObjContainer" Name="unknown"  X="630"  Y="300"  Width="60"  Height="60"  ScaleX="2"  ScaleY="2"  Rotation="0"  Flip="False"  Tag=""  LevelType="0"  BGLayer="True" Weighted="False" Collidable="False" Breakable="False" SpriteName="DungeonChain1_Character" />
		<GameObject Type="ObjContainer" Name="unknown"  X="630"  Y="180"  Width="60"  Height="60"  ScaleX="2"  ScaleY="2"  Rotation="0"  Flip="False"  Tag=""  LevelType="0"  BGLayer="True" Weighted="False" Collidable="False" Breakable="False" SpriteName="DungeonChain1_Character" />
		<GameObject Type="ObjContainer" Name="unknown"  X="630"  Y="60"  Width="60"  Height="60"  ScaleX="2"  ScaleY="2"  Rotation="0"  Flip="False"  Tag=""  LevelType="0"  BGLayer="True" Weighted="False" Collidable="False" Breakable="False" SpriteName="DungeonChain1_Character" />
		<GameObject Type="ObjContainer" Name="unknown"  X="690"  Y="1260"  Width="60"  Height="60"  ScaleX="2"  ScaleY="2"  Rotation="0"  Flip="False"  Tag=""  LevelType="0"  BGLayer="True" Weighted="False" Collidable="False" Breakable="False" SpriteName="DungeonChain1_Character" />
		<GameObject Type="ObjContainer" Name="unknown"  X="690"  Y="1140"  Width="60"  Height="60"  ScaleX="2"  ScaleY="2"  Rotation="0"  Flip="False"  Tag=""  LevelType="0"  BGLayer="True" Weighted="False" Collidable="False" Breakable="False" SpriteName="DungeonChain1_Character" />
		<GameObject Type="ObjContainer" Name="unknown"  X="690"  Y="1020"  Width="60"  Height="60"  ScaleX="2"  ScaleY="2"  Rotation="0"  Flip="False"  Tag=""  LevelType="0"  BGLayer="True" Weighted="False" Collidable="False" Breakable="False" SpriteName="DungeonChain1_Character" />
		<GameObject Type="ObjContainer" Name="unknown"  X="690"  Y="900"  Width="60"  Height="60"  ScaleX="2"  ScaleY="2"  Rotation="0"  Flip="False"  Tag=""  LevelType="0"  BGLayer="True" Weighted="False" Collidable="False" Breakable="False" SpriteName="DungeonChain1_Character" />
		<GameObject Type="ObjContainer" Name="unknown"  X="690"  Y="780"  Width="60"  Height="60"  ScaleX="2"  ScaleY="2"  Rotation="0"  Flip="False"  Tag=""  LevelType="0"  BGLayer="True" Weighted="False" Collidable="False" Breakable="False" SpriteName="DungeonChain1_Character" />
		<GameObject Type="ObjContainer" Name="unknown"  X="690"  Y="660"  Width="60"  Height="60"  ScaleX="2"  ScaleY="2"  Rotation="0"  Flip="False"  Tag=""  LevelType="0"  BGLayer="True" Weighted="False" Collidable="False" Breakable="False" SpriteName="DungeonChain1_Character" />
		<GameObject Type="ObjContainer" Name="unknown"  X="690"  Y="540"  Width="60"  Height="60"  ScaleX="2"  ScaleY="2"  Rotation="0"  Flip="False"  Tag=""  LevelType="0"  BGLayer="True" Weighted="False" Collidable="False" Breakable="False" SpriteName="DungeonChain1_Character" />
		<GameObject Type="ObjContainer" Name="unknown"  X="690"  Y="420"  Width="60"  Height="60"  ScaleX="2"  ScaleY="2"  Rotation="0"  Flip="False"  Tag=""  LevelType="0"  BGLayer="True" Weighted="False" Collidable="False" Breakable="False" SpriteName="DungeonChain1_Character" />
		<GameObject Type="ObjContainer" Name="unknown"  X="690"  Y="300"  Width="60"  Height="60"  ScaleX="2"  ScaleY="2"  Rotation="0"  Flip="False"  Tag=""  LevelType="0"  BGLayer="True" Weighted="False" Collidable="False" Breakable="False" SpriteName="DungeonChain1_Character" />
		<GameObject Type="ObjContainer" Name="unknown"  X="690"  Y="180"  Width="60"  Height="60"  ScaleX="2"  ScaleY="2"  Rotation="0"  Flip="False"  Tag=""  LevelType="0"  BGLayer="True" Weighted="False" Collidable="False" Breakable="False" SpriteName="DungeonChain1_Character" />
		<GameObject Type="ObjContainer" Name="unknown"  X="690"  Y="60"  Width="60"  Height="60"  ScaleX="2"  ScaleY="2"  Rotation="0"  Flip="False"  Tag=""  LevelType="0"  BGLayer="True" Weighted="False" Collidable="False" Breakable="False" SpriteName="DungeonChain1_Character" />
		<GameObject Type="BorderObj" Name="unknown"  X="60"  Y="60"  Width="60"  Height="1620"  ScaleX="1"  ScaleY="1"  Rotation="0"  Flip="False"  Tag=""  LevelType="0"  CollidesTop="False" CollidesBottom="False" CollidesRight="True" CollidesLeft="False" />
		<GameObject Type="BorderObj" Name="unknown"  X="60"  Y="1860"  Width="60"  Height="240"  ScaleX="1"  ScaleY="1"  Rotation="0"  Flip="False"  Tag=""  LevelType="0"  CollidesTop="False" CollidesBottom="False" CollidesRight="True" CollidesLeft="False" />
		<GameObject Type="BorderObj" Name="unknown"  X="120"  Y="2100"  Width="1080"  Height="60"  ScaleX="1"  ScaleY="1"  Rotation="0"  Flip="False"  Tag=""  LevelType="0"  CollidesTop="True" CollidesBottom="False" CollidesRight="False" CollidesLeft="False" />
		<GameObject Type="BorderObj" Name="unknown"  X="1200"  Y="1860"  Width="60"  Height="240"  ScaleX="1"  ScaleY="1"  Rotation="0"  Flip="False"  Tag=""  LevelType="0"  CollidesTop="False" CollidesBottom="False" CollidesRight="False" CollidesLeft="True" />
		<GameObject Type="BorderObj" Name="unknown"  X="1200"  Y="60"  Width="60"  Height="1620"  ScaleX="1"  ScaleY="1"  Rotation="0"  Flip="False"  Tag=""  LevelType="0"  CollidesTop="False" CollidesBottom="False" CollidesRight="False" CollidesLeft="True" />
		<GameObject Type="BorderObj" Name="unknown"  X="120"  Y="0"  Width="1080"  Height="60"  ScaleX="1"  ScaleY="1"  Rotation="0"  Flip="False"  Tag=""  LevelType="0"  CollidesTop="False" CollidesBottom="True" CollidesRight="False" CollidesLeft="False" />
		<GameObject Type="DoorObj" Name="unknown"  X="0"  Y="1680"  Width="120"  Height="180"  ScaleX="1"  ScaleY="1"  Rotation="0"  Flip="False"  Tag=""  LevelType="0"  DoorPos="Left" BossDoor="False" />
		<GameObject Type="DoorObj" Name="unknown"  X="1200"  Y="1680"  Width="120"  Height="180"  ScaleX="1"  ScaleY="1"  Rotation="0"  Flip="False"  Tag=""  LevelType="0"  DoorPos="Right" BossDoor="False" />
		<GameObject Type="ChestObj" Name="unknown"  X="681"  Y="1830"  Width="60"  Height="60"  ScaleX="1"  ScaleY="1"  Rotation="0"  Flip="True"  Tag=""  LevelType="0"  Fairy="True" />
		<GameObject Type="ObjContainer" Name="unknown"  X="690"  Y="1500"  Width="60"  Height="60"  ScaleX="2"  ScaleY="2"  Rotation="0"  Flip="False"  Tag=""  LevelType="0"  BGLayer="True" Weighted="False" Collidable="False" Breakable="False" SpriteName="DungeonChain1_Character" />
		<GameObject Type="ObjContainer" Name="unknown"  X="690"  Y="1620"  Width="60"  Height="60"  ScaleX="2"  ScaleY="2"  Rotation="0"  Flip="False"  Tag=""  LevelType="0"  BGLayer="True" Weighted="False" Collidable="False" Breakable="False" SpriteName="DungeonChain1_Character" />
		<GameObject Type="ObjContainer" Name="unknown"  X="690"  Y="1740"  Width="60"  Height="60"  ScaleX="2"  ScaleY="2"  Rotation="0"  Flip="False"  Tag=""  LevelType="0"  BGLayer="True" Weighted="False" Collidable="False" Breakable="False" SpriteName="DungeonChain1_Character" />
		<GameObject Type="ObjContainer" Name="unknown"  X="750"  Y="1740"  Width="60"  Height="60"  ScaleX="2"  ScaleY="2"  Rotation="0"  Flip="False"  Tag=""  LevelType="0"  BGLayer="True" Weighted="False" Collidable="False" Breakable="False" SpriteName="DungeonChain1_Character" />
		<GameObject Type="ObjContainer" Name="unknown"  X="750"  Y="1620"  Width="60"  Height="60"  ScaleX="2"  ScaleY="2"  Rotation="0"  Flip="False"  Tag=""  LevelType="0"  BGLayer="True" Weighted="False" Collidable="False" Breakable="False" SpriteName="DungeonChain1_Character" />
		<GameObject Type="ObjContainer" Name="unknown"  X="750"  Y="1500"  Width="60"  Height="60"  ScaleX="2"  ScaleY="2"  Rotation="0"  Flip="False"  Tag=""  LevelType="0"  BGLayer="True" Weighted="False" Collidable="False" Breakable="False" SpriteName="DungeonChain1_Character" />
		<GameObject Type="ObjContainer" Name="unknown"  X="750"  Y="1380"  Width="60"  Height="60"  ScaleX="2"  ScaleY="2"  Rotation="0"  Flip="False"  Tag=""  LevelType="0"  BGLayer="True" Weighted="False" Collidable="False" Breakable="False" SpriteName="DungeonChain1_Character" />
		<GameObject Type="ObjContainer" Name="unknown"  X="750"  Y="1260"  Width="60"  Height="60"  ScaleX="2"  ScaleY="2"  Rotation="0"  Flip="False"  Tag=""  LevelType="0"  BGLayer="True" Weighted="False" Collidable="False" Breakable="False" SpriteName="DungeonChain1_Character" />
		<GameObject Type="ObjContainer" Name="unknown"  X="750"  Y="1140"  Width="60"  Height="60"  ScaleX="2"  ScaleY="2"  Rotation="0"  Flip="False"  Tag=""  LevelType="0"  BGLayer="True" Weighted="False" Collidable="False" Breakable="False" SpriteName="DungeonChain1_Character" />
		<GameObject Type="ObjContainer" Name="unknown"  X="750"  Y="1020"  Width="60"  Height="60"  ScaleX="2"  ScaleY="2"  Rotation="0"  Flip="False"  Tag=""  LevelType="0"  BGLayer="True" Weighted="False" Collidable="False" Breakable="False" SpriteName="DungeonChain1_Character" />
		<GameObject Type="ObjContainer" Name="unknown"  X="750"  Y="900"  Width="60"  Height="60"  ScaleX="2"  ScaleY="2"  Rotation="0"  Flip="False"  Tag=""  LevelType="0"  BGLayer="True" Weighted="False" Collidable="False" Breakable="False" SpriteName="DungeonChain1_Character" />
		<GameObject Type="ObjContainer" Name="unknown"  X="750"  Y="780"  Width="60"  Height="60"  ScaleX="2"  ScaleY="2"  Rotation="0"  Flip="False"  Tag=""  LevelType="0"  BGLayer="True" Weighted="False" Collidable="False" Breakable="False" SpriteName="DungeonChain1_Character" />
		<GameObject Type="ObjContainer" Name="unknown"  X="750"  Y="660"  Width="60"  Height="60"  ScaleX="2"  ScaleY="2"  Rotation="0"  Flip="False"  Tag=""  LevelType="0"  BGLayer="True" Weighted="False" Collidable="False" Breakable="False" SpriteName="DungeonChain1_Character" />
		<GameObject Type="ObjContainer" Name="unknown"  X="750"  Y="540"  Width="60"  Height="60"  ScaleX="2"  ScaleY="2"  Rotation="0"  Flip="False"  Tag=""  LevelType="0"  BGLayer="True" Weighted="False" Collidable="False" Breakable="False" SpriteName="DungeonChain1_Character" />
		<GameObject Type="ObjContainer" Name="unknown"  X="750"  Y="420"  Width="60"  Height="60"  ScaleX="2"  ScaleY="2"  Rotation="0"  Flip="False"  Tag=""  LevelType="0"  BGLayer="True" Weighted="False" Collidable="False" Breakable="False" SpriteName="DungeonChain1_Character" />
		<GameObject Type="ObjContainer" Name="unknown"  X="750"  Y="300"  Width="60"  Height="60"  ScaleX="2"  ScaleY="2"  Rotation="0"  Flip="False"  Tag=""  LevelType="0"  BGLayer="True" Weighted="False" Collidable="False" Breakable="False" SpriteName="DungeonChain1_Character" />
		<GameObject Type="ObjContainer" Name="unknown"  X="750"  Y="180"  Width="60"  Height="60"  ScaleX="2"  ScaleY="2"  Rotation="0"  Flip="False"  Tag=""  LevelType="0"  BGLayer="True" Weighted="False" Collidable="False" Breakable="False" SpriteName="DungeonChain1_Character" />
		<GameObject Type="ObjContainer" Name="unknown"  X="750"  Y="60"  Width="60"  Height="60"  ScaleX="2"  ScaleY="2"  Rotation="0"  Flip="False"  Tag=""  LevelType="0"  BGLayer="True" Weighted="False" Collidable="False" Breakable="False" SpriteName="DungeonChain1_Character" />
		<GameObject Type="ObjContainer" Name="unknown"  X="570"  Y="60"  Width="60"  Height="60"  ScaleX="2"  ScaleY="2"  Rotation="0"  Flip="False"  Tag=""  LevelType="0"  BGLayer="True" Weighted="False" Collidable="False" Breakable="False" SpriteName="DungeonChain1_Character" />
		<GameObject Type="ObjContainer" Name="unknown"  X="570"  Y="180"  Width="60"  Height="60"  ScaleX="2"  ScaleY="2"  Rotation="0"  Flip="False"  Tag=""  LevelType="0"  BGLayer="True" Weighted="False" Collidable="False" Breakable="False" SpriteName="DungeonChain1_Character" />
		<GameObject Type="ObjContainer" Name="unknown"  X="570"  Y="300"  Width="60"  Height="60"  ScaleX="2"  ScaleY="2"  Rotation="0"  Flip="False"  Tag=""  LevelType="0"  BGLayer="True" Weighted="False" Collidable="False" Breakable="False" SpriteName="DungeonChain1_Character" />
		<GameObject Type="ObjContainer" Name="unknown"  X="570"  Y="420"  Width="60"  Height="60"  ScaleX="2"  ScaleY="2"  Rotation="0"  Flip="False"  Tag=""  LevelType="0"  BGLayer="True" Weighted="False" Collidable="False" Breakable="False" SpriteName="DungeonChain1_Character" />
		<GameObject Type="ObjContainer" Name="unknown"  X="570"  Y="540"  Width="60"  Height="60"  ScaleX="2"  ScaleY="2"  Rotation="0"  Flip="False"  Tag=""  LevelType="0"  BGLayer="True" Weighted="False" Collidable="False" Breakable="False" SpriteName="DungeonChain1_Character" />
		<GameObject Type="ObjContainer" Name="unknown"  X="570"  Y="660"  Width="60"  Height="60"  ScaleX="2"  ScaleY="2"  Rotation="0"  Flip="False"  Tag=""  LevelType="0"  BGLayer="True" Weighted="False" Collidable="False" Breakable="False" SpriteName="DungeonChain1_Character" />
		<GameObject Type="ObjContainer" Name="unknown"  X="570"  Y="780"  Width="60"  Height="60"  ScaleX="2"  ScaleY="2"  Rotation="0"  Flip="False"  Tag=""  LevelType="0"  BGLayer="True" Weighted="False" Collidable="False" Breakable="False" SpriteName="DungeonChain1_Character" />
		<GameObject Type="ObjContainer" Name="unknown"  X="570"  Y="900"  Width="60"  Height="60"  ScaleX="2"  ScaleY="2"  Rotation="0"  Flip="False"  Tag=""  LevelType="0"  BGLayer="True" Weighted="False" Collidable="False" Breakable="False" SpriteName="DungeonChain1_Character" />
		<GameObject Type="ObjContainer" Name="unknown"  X="570"  Y="1020"  Width="60"  Height="60"  ScaleX="2"  ScaleY="2"  Rotation="0"  Flip="False"  Tag=""  LevelType="0"  BGLayer="True" Weighted="False" Collidable="False" Breakable="False" SpriteName="DungeonChain1_Character" />
		<GameObject Type="ObjContainer" Name="unknown"  X="570"  Y="1140"  Width="60"  Height="60"  ScaleX="2"  ScaleY="2"  Rotation="0"  Flip="False"  Tag=""  LevelType="0"  BGLayer="True" Weighted="False" Collidable="False" Breakable="False" SpriteName="DungeonChain1_Character" />
		<GameObject Type="ObjContainer" Name="unknown"  X="570"  Y="1260"  Width="60"  Height="60"  ScaleX="2"  ScaleY="2"  Rotation="0"  Flip="False"  Tag=""  LevelType="0"  BGLayer="True" Weighted="False" Collidable="False" Breakable="False" SpriteName="DungeonChain1_Character" />
		<GameObject Type="ObjContainer" Name="unknown"  X="570"  Y="1380"  Width="60"  Height="60"  ScaleX="2"  ScaleY="2"  Rotation="0"  Flip="False"  Tag=""  LevelType="0"  BGLayer="True" Weighted="False" Collidable="False" Breakable="False" SpriteName="DungeonChain1_Character" />
		<GameObject Type="ObjContainer" Name="unknown"  X="420"  Y="330"  Width="60"  Height="60"  ScaleX="2"  ScaleY="2"  Rotation="0"  Flip="False"  Tag=""  LevelType="1"  BGLayer="True" Weighted="False" Collidable="False" Breakable="False" SpriteName="CastleAssetBackTorch_Character" />
		<GameObject Type="ObjContainer" Name="unknown"  X="420"  Y="690"  Width="60"  Height="60"  ScaleX="2"  ScaleY="2"  Rotation="0"  Flip="False"  Tag=""  LevelType="1"  BGLayer="True" Weighted="False" Collidable="False" Breakable="False" SpriteName="CastleAssetBackTorch_Character" />
		<GameObject Type="ObjContainer" Name="unknown"  X="420"  Y="1050"  Width="60"  Height="60"  ScaleX="2"  ScaleY="2"  Rotation="0"  Flip="False"  Tag=""  LevelType="1"  BGLayer="True" Weighted="False" Collidable="False" Breakable="False" SpriteName="CastleAssetBackTorch_Character" />
		<GameObject Type="ObjContainer" Name="unknown"  X="420"  Y="1410"  Width="60"  Height="60"  ScaleX="2"  ScaleY="2"  Rotation="0"  Flip="False"  Tag=""  LevelType="1"  BGLayer="True" Weighted="False" Collidable="False" Breakable="False" SpriteName="CastleAssetBackTorch_Character" />
		<GameObject Type="ObjContainer" Name="unknown"  X="420"  Y="1770"  Width="60"  Height="60"  ScaleX="2"  ScaleY="2"  Rotation="0"  Flip="False"  Tag=""  LevelType="1"  BGLayer="True" Weighted="False" Collidable="False" Breakable="False" SpriteName="CastleAssetBackTorch_Character" />
		<GameObject Type="ObjContainer" Name="unknown"  X="660"  Y="150"  Width="60"  Height="60"  ScaleX="2"  ScaleY="2"  Rotation="0"  Flip="False"  Tag=""  LevelType="1"  BGLayer="True" Weighted="False" Collidable="False" Breakable="False" SpriteName="CastleAssetBackTorch_Character" />
		<GameObject Type="ObjContainer" Name="unknown"  X="660"  Y="870"  Width="60"  Height="60"  ScaleX="2"  ScaleY="2"  Rotation="0"  Flip="False"  Tag=""  LevelType="1"  BGLayer="True" Weighted="False" Collidable="False" Breakable="False" SpriteName="CastleAssetBackTorch_Character" />
		<GameObject Type="ObjContainer" Name="unknown"  X="660"  Y="1590"  Width="60"  Height="60"  ScaleX="2"  ScaleY="2"  Rotation="0"  Flip="False"  Tag=""  LevelType="1"  BGLayer="True" Weighted="False" Collidable="False" Breakable="False" SpriteName="CastleAssetBackTorch_Character" />
		<GameObject Type="ObjContainer" Name="unknown"  X="660"  Y="510"  Width="60"  Height="60"  ScaleX="2"  ScaleY="2"  Rotation="0"  Flip="True"  Tag=""  LevelType="1"  BGLayer="True" Weighted="False" Collidable="False" Breakable="False" SpriteName="CastleAssetBackTorch_Character" />
		<GameObject Type="ObjContainer" Name="unknown"  X="660"  Y="1230"  Width="60"  Height="60"  ScaleX="2"  ScaleY="2"  Rotation="0"  Flip="True"  Tag=""  LevelType="1"  BGLayer="True" Weighted="False" Collidable="False" Breakable="False" SpriteName="CastleAssetBackTorch_Character" />
		<GameObject Type="ObjContainer" Name="unknown"  X="900"  Y="330"  Width="60"  Height="60"  ScaleX="2"  ScaleY="2"  Rotation="0"  Flip="True"  Tag=""  LevelType="1"  BGLayer="True" Weighted="False" Collidable="False" Breakable="False" SpriteName="CastleAssetBackTorch_Character" />
		<GameObject Type="ObjContainer" Name="unknown"  X="900"  Y="690"  Width="60"  Height="60"  ScaleX="2"  ScaleY="2"  Rotation="0"  Flip="True"  Tag=""  LevelType="1"  BGLayer="True" Weighted="False" Collidable="False" Breakable="False" SpriteName="CastleAssetBackTorch_Character" />
		<GameObject Type="ObjContainer" Name="unknown"  X="900"  Y="1020"  Width="60"  Height="60"  ScaleX="2"  ScaleY="2"  Rotation="0"  Flip="True"  Tag=""  LevelType="1"  BGLayer="True" Weighted="False" Collidable="False" Breakable="False" SpriteName="CastleAssetBackTorch_Character" />
		<GameObject Type="ObjContainer" Name="unknown"  X="900"  Y="1410"  Width="60"  Height="60"  ScaleX="2"  ScaleY="2"  Rotation="0"  Flip="True"  Tag=""  LevelType="1"  BGLayer="True" Weighted="False" Collidable="False" Breakable="False" SpriteName="CastleAssetBackTorch_Character" />
		<GameObject Type="ObjContainer" Name="unknown"  X="900"  Y="1770"  Width="60"  Height="60"  ScaleX="2"  ScaleY="2"  Rotation="0"  Flip="True"  Tag=""  LevelType="1"  BGLayer="True" Weighted="False" Collidable="False" Breakable="False" SpriteName="CastleAssetBackTorch_Character" />
		<GameObject Type="ObjContainer" Name="unknown"  X="660"  Y="1950"  Width="60"  Height="60"  ScaleX="2"  ScaleY="2"  Rotation="0"  Flip="True"  Tag=""  LevelType="1"  BGLayer="True" Weighted="False" Collidable="False" Breakable="False" SpriteName="CastleAssetBackTorch_Character" />
		<GameObject Type="ObjContainer" Name="unknown"  X="120"  Y="420"  Width="60"  Height="60"  ScaleX="2"  ScaleY="2"  Rotation="0"  Flip="False"  Tag=""  LevelType="1"  BGLayer="True" Weighted="False" Collidable="False" Breakable="False" SpriteName="CastleAssetSideTorch_Character" />
		<GameObject Type="ObjContainer" Name="unknown"  X="120"  Y="780"  Width="60"  Height="60"  ScaleX="2"  ScaleY="2"  Rotation="0"  Flip="False"  Tag=""  LevelType="1"  BGLayer="True" Weighted="False" Collidable="False" Breakable="False" SpriteName="CastleAssetSideTorch_Character" />
		<GameObject Type="ObjContainer" Name="unknown"  X="120"  Y="1140"  Width="60"  Height="60"  ScaleX="2"  ScaleY="2"  Rotation="0"  Flip="False"  Tag=""  LevelType="1"  BGLayer="True" Weighted="False" Collidable="False" Breakable="False" SpriteName="CastleAssetSideTorch_Character" />
		<GameObject Type="ObjContainer" Name="unknown"  X="120"  Y="1500"  Width="60"  Height="60"  ScaleX="2"  ScaleY="2"  Rotation="0"  Flip="False"  Tag=""  LevelType="1"  BGLayer="True" Weighted="False" Collidable="False" Breakable="False" SpriteName="CastleAssetSideTorch_Character" />
		<GameObject Type="ObjContainer" Name="unknown"  X="1200"  Y="420"  Width="60"  Height="60"  ScaleX="2"  ScaleY="2"  Rotation="0"  Flip="True"  Tag=""  LevelType="1"  BGLayer="True" Weighted="False" Collidable="False" Breakable="False" SpriteName="CastleAssetSideTorch_Character" />
		<GameObject Type="ObjContainer" Name="unknown"  X="1200"  Y="780"  Width="60"  Height="60"  ScaleX="2"  ScaleY="2"  Rotation="0"  Flip="True"  Tag=""  LevelType="1"  BGLayer="True" Weighted="False" Collidable="False" Breakable="False" SpriteName="CastleAssetSideTorch_Character" />
		<GameObject Type="ObjContainer" Name="unknown"  X="1200"  Y="1140"  Width="60"  Height="60"  ScaleX="2"  ScaleY="2"  Rotation="0"  Flip="True"  Tag=""  LevelType="1"  BGLayer="True" Weighted="False" Collidable="False" Breakable="False" SpriteName="CastleAssetSideTorch_Character" />
		<GameObject Type="ObjContainer" Name="unknown"  X="1200"  Y="1500"  Width="60"  Height="60"  ScaleX="2"  ScaleY="2"  Rotation="0"  Flip="True"  Tag=""  LevelType="1"  BGLayer="True" Weighted="False" Collidable="False" Breakable="False" SpriteName="CastleAssetSideTorch_Character" />
		<GameObject Type="ObjContainer" Name="unknown"  X="1200"  Y="1950"  Width="60"  Height="60"  ScaleX="2"  ScaleY="2"  Rotation="0"  Flip="True"  Tag=""  LevelType="1"  BGLayer="True" Weighted="False" Collidable="False" Breakable="False" SpriteName="CastleAssetSideTorch_Character" />
		<GameObject Type="ObjContainer" Name="unknown"  X="120"  Y="1950"  Width="60"  Height="60"  ScaleX="2"  ScaleY="2"  Rotation="0"  Flip="False"  Tag=""  LevelType="1"  BGLayer="True" Weighted="False" Collidable="False" Breakable="False" SpriteName="CastleAssetSideTorch_Character" />
		<GameObject Type="PhysicsObjContainer" Name="unknown"  X="480"  Y="1230"  Width="60"  Height="30"  ScaleX="4"  ScaleY="1"  Rotation="0"  Flip="False"  Tag=""  LevelType="0"  BGLayer="False" Weighted="True" Collidable="False" Breakable="True" SpriteName="BreakableCrate1_Character" />
		<GameObject Type="PhysicsObjContainer" Name="unknown"  X="270"  Y="1230"  Width="60"  Height="30"  ScaleX="4"  ScaleY="1"  Rotation="0"  Flip="True"  Tag=""  LevelType="0"  BGLayer="False" Weighted="True" Collidable="False" Breakable="True" SpriteName="BreakableCrate1_Character" />
		<GameObject Type="PhysicsObjContainer" Name="unknown"  X="390"  Y="1200"  Width="60"  Height="30"  ScaleX="4"  ScaleY="1"  Rotation="0"  Flip="False"  Tag=""  LevelType="0"  BGLayer="False" Weighted="True" Collidable="False" Breakable="True" SpriteName="BreakableCrate1_Character" />
		<GameObject Type="PhysicsObjContainer" Name="unknown"  X="870"  Y="1230"  Width="60"  Height="30"  ScaleX="4"  ScaleY="1"  Rotation="0"  Flip="False"  Tag=""  LevelType="0"  BGLayer="False" Weighted="True" Collidable="False" Breakable="True" SpriteName="BreakableCrate1_Character" />
		<GameObject Type="PhysicsObjContainer" Name="unknown"  X="1050"  Y="1230"  Width="60"  Height="30"  ScaleX="4"  ScaleY="1"  Rotation="0"  Flip="True"  Tag=""  LevelType="0"  BGLayer="False" Weighted="True" Collidable="False" Breakable="True" SpriteName="BreakableCrate1_Character" />
		<GameObject Type="PhysicsObjContainer" Name="unknown"  X="960"  Y="1200"  Width="60"  Height="30"  ScaleX="4"  ScaleY="1"  Rotation="0"  Flip="False"  Tag=""  LevelType="0"  BGLayer="False" Weighted="True" Collidable="False" Breakable="True" SpriteName="BreakableCrate1_Character" />
		<GameObject Type="PhysicsObjContainer" Name="unknown"  X="270"  Y="1200"  Width="60"  Height="60"  ScaleX="2"  ScaleY="2"  Rotation="0"  Flip="False"  Tag=""  LevelType="0"  BGLayer="False" Weighted="True" Collidable="False" Breakable="True" SpriteName="BreakableBarrel1_Character" />
		<GameObject Type="PhysicsObjContainer" Name="unknown"  X="900"  Y="1170"  Width="60"  Height="30"  ScaleX="4"  ScaleY="1"  Rotation="0"  Flip="True"  Tag=""  LevelType="0"  BGLayer="False" Weighted="True" Collidable="False" Breakable="True" SpriteName="BreakableCrate1_Character" />
		<GameObject Type="PhysicsObjContainer" Name="unknown"  X="870"  Y="1140"  Width="60"  Height="60"  ScaleX="2"  ScaleY="2"  Rotation="0"  Flip="False"  Tag=""  LevelType="0"  BGLayer="False" Weighted="True" Collidable="False" Breakable="True" SpriteName="BreakableBarrel1_Character" />
		<GameObject Type="PhysicsObjContainer" Name="unknown"  X="810"  Y="1080"  Width="60"  Height="30"  ScaleX="4"  ScaleY="1"  Rotation="0"  Flip="False"  Tag=""  LevelType="0"  BGLayer="False" Weighted="True" Collidable="False" Breakable="True" SpriteName="BreakableCrate1_Character" />
		<GameObject Type="PhysicsObjContainer" Name="unknown"  X="480"  Y="1110"  Width="60"  Height="30"  ScaleX="4"  ScaleY="1"  Rotation="0"  Flip="True"  Tag=""  LevelType="0"  BGLayer="False" Weighted="True" Collidable="False" Breakable="True" SpriteName="BreakableCrate1_Character" />
		<GameObject Type="PhysicsObjContainer" Name="unknown"  X="480"  Y="1080"  Width="60"  Height="60"  ScaleX="2"  ScaleY="2"  Rotation="0"  Flip="False"  Tag=""  LevelType="0"  BGLayer="False" Weighted="True" Collidable="False" Breakable="True" SpriteName="BreakableBarrel1_Character" />
		<GameObject Type="PhysicsObjContainer" Name="unknown"  X="810"  Y="1050"  Width="60"  Height="60"  ScaleX="2"  ScaleY="2"  Rotation="0"  Flip="False"  Tag=""  LevelType="0"  BGLayer="False" Weighted="True" Collidable="False" Breakable="True" SpriteName="BreakableBarrel1_Character" />
		<GameObject Type="PhysicsObjContainer" Name="unknown"  X="510"  Y="1170"  Width="60"  Height="30"  ScaleX="4"  ScaleY="1"  Rotation="0"  Flip="True"  Tag=""  LevelType="0"  BGLayer="False" Weighted="True" Collidable="False" Breakable="True" SpriteName="BreakableCrate1_Character" />
		<GameObject Type="PhysicsObjContainer" Name="unknown"  X="540"  Y="1140"  Width="60"  Height="30"  ScaleX="4"  ScaleY="1"  Rotation="0"  Flip="False"  Tag=""  LevelType="0"  BGLayer="False" Weighted="True" Collidable="False" Breakable="True" SpriteName="BreakableCrate1_Character" />
		<GameObject Type="PhysicsObjContainer" Name="unknown"  X="750"  Y="1170"  Width="60"  Height="60"  ScaleX="2"  ScaleY="2"  Rotation="0"  Flip="False"  Tag=""  LevelType="0"  BGLayer="False" Weighted="True" Collidable="False" Breakable="True" SpriteName="BreakableBarrel1_Character" />
		<GameObject Type="PhysicsObjContainer" Name="unknown"  X="480"  Y="870"  Width="60"  Height="60"  ScaleX="2"  ScaleY="2"  Rotation="0"  Flip="False"  Tag=""  LevelType="0"  BGLayer="False" Weighted="True" Collidable="False" Breakable="True" SpriteName="BreakableBarrel1_Character" />
		<GameObject Type="PhysicsObjContainer" Name="unknown"  X="330"  Y="870"  Width="60"  Height="30"  ScaleX="4"  ScaleY="1"  Rotation="0"  Flip="True"  Tag=""  LevelType="0"  BGLayer="False" Weighted="True" Collidable="False" Breakable="True" SpriteName="BreakableCrate1_Character" />
		<GameObject Type="PhysicsObjContainer" Name="unknown"  X="360"  Y="840"  Width="60"  Height="30"  ScaleX="4"  ScaleY="1"  Rotation="0"  Flip="False"  Tag=""  LevelType="0"  BGLayer="False" Weighted="True" Collidable="False" Breakable="True" SpriteName="BreakableCrate1_Character" />
		<GameObject Type="PhysicsObjContainer" Name="unknown"  X="450"  Y="810"  Width="60"  Height="30"  ScaleX="4"  ScaleY="1"  Rotation="0"  Flip="True"  Tag=""  LevelType="0"  BGLayer="False" Weighted="True" Collidable="False" Breakable="True" SpriteName="BreakableCrate1_Character" />
		<GameObject Type="PhysicsObjContainer" Name="unknown"  X="510"  Y="780"  Width="60"  Height="30"  ScaleX="4"  ScaleY="1"  Rotation="0"  Flip="False"  Tag=""  LevelType="0"  BGLayer="False" Weighted="True" Collidable="False" Breakable="True" SpriteName="BreakableCrate1_Character" />
		<GameObject Type="PhysicsObjContainer" Name="unknown"  X="840"  Y="870"  Width="60"  Height="30"  ScaleX="4"  ScaleY="1"  Rotation="0"  Flip="False"  Tag=""  LevelType="0"  BGLayer="False" Weighted="True" Collidable="False" Breakable="True" SpriteName="BreakableCrate1_Character" />
		<GameObject Type="PhysicsObjContainer" Name="unknown"  X="1050"  Y="870"  Width="60"  Height="30"  ScaleX="4"  ScaleY="1"  Rotation="0"  Flip="True"  Tag=""  LevelType="0"  BGLayer="False" Weighted="True" Collidable="False" Breakable="True" SpriteName="BreakableCrate1_Character" />
		<GameObject Type="PhysicsObjContainer" Name="unknown"  X="900"  Y="840"  Width="60"  Height="30"  ScaleX="4"  ScaleY="1"  Rotation="0"  Flip="False"  Tag=""  LevelType="0"  BGLayer="False" Weighted="True" Collidable="False" Breakable="True" SpriteName="BreakableCrate1_Character" />
		<GameObject Type="PhysicsObjContainer" Name="unknown"  X="870"  Y="810"  Width="60"  Height="30"  ScaleX="4"  ScaleY="1"  Rotation="0"  Flip="True"  Tag=""  LevelType="0"  BGLayer="False" Weighted="True" Collidable="False" Breakable="True" SpriteName="BreakableCrate1_Character" />
		<GameObject Type="PhysicsObjContainer" Name="unknown"  X="780"  Y="780"  Width="60"  Height="30"  ScaleX="4"  ScaleY="1"  Rotation="0"  Flip="False"  Tag=""  LevelType="0"  BGLayer="False" Weighted="True" Collidable="False" Breakable="True" SpriteName="BreakableCrate1_Character" />
		<GameObject Type="PhysicsObjContainer" Name="unknown"  X="900"  Y="780"  Width="60"  Height="60"  ScaleX="2"  ScaleY="2"  Rotation="0"  Flip="False"  Tag=""  LevelType="0"  BGLayer="False" Weighted="True" Collidable="False" Breakable="True" SpriteName="BreakableBarrel1_Character" />
		<GameObject Type="PhysicsObjContainer" Name="unknown"  X="840"  Y="720"  Width="60"  Height="30"  ScaleX="4"  ScaleY="1"  Rotation="0"  Flip="True"  Tag=""  LevelType="0"  BGLayer="False" Weighted="True" Collidable="False" Breakable="True" SpriteName="BreakableCrate1_Character" />
		<GameObject Type="PhysicsObjContainer" Name="unknown"  X="510"  Y="750"  Width="60"  Height="60"  ScaleX="2"  ScaleY="2"  Rotation="0"  Flip="False"  Tag=""  LevelType="0"  BGLayer="False" Weighted="True" Collidable="False" Breakable="True" SpriteName="BreakableBarrel1_Character" />
		<GameObject Type="PhysicsObjContainer" Name="unknown"  X="780"  Y="510"  Width="60"  Height="60"  ScaleX="2"  ScaleY="2"  Rotation="0"  Flip="False"  Tag=""  LevelType="0"  BGLayer="False" Weighted="True" Collidable="False" Breakable="True" SpriteName="BreakableBarrel1_Character" />
		<GameObject Type="PhysicsObjContainer" Name="unknown"  X="930"  Y="510"  Width="60"  Height="30"  ScaleX="4"  ScaleY="1"  Rotation="0"  Flip="False"  Tag=""  LevelType="0"  BGLayer="False" Weighted="True" Collidable="False" Breakable="True" SpriteName="BreakableCrate1_Character" />
		<GameObject Type="PhysicsObjContainer" Name="unknown"  X="450"  Y="510"  Width="60"  Height="30"  ScaleX="4"  ScaleY="1"  Rotation="0"  Flip="False"  Tag=""  LevelType="0"  BGLayer="False" Weighted="True" Collidable="False" Breakable="True" SpriteName="BreakableCrate1_Character" />
		<GameObject Type="PhysicsObjContainer" Name="unknown"  X="420"  Y="480"  Width="60"  Height="30"  ScaleX="4"  ScaleY="1"  Rotation="0"  Flip="True"  Tag=""  LevelType="0"  BGLayer="False" Weighted="True" Collidable="False" Breakable="True" SpriteName="BreakableCrate1_Character" />
		<GameObject Type="PhysicsObjContainer" Name="unknown"  X="480"  Y="450"  Width="60"  Height="30"  ScaleX="4"  ScaleY="1"  Rotation="0"  Flip="False"  Tag=""  LevelType="0"  BGLayer="False" Weighted="True" Collidable="False" Breakable="True" SpriteName="BreakableCrate1_Character" />
		<GameObject Type="PhysicsObjContainer" Name="unknown"  X="270"  Y="510"  Width="60"  Height="60"  ScaleX="2"  ScaleY="2"  Rotation="0"  Flip="False"  Tag=""  LevelType="0"  BGLayer="False" Weighted="True" Collidable="False" Breakable="True" SpriteName="BreakableBarrel1_Character" />
		<GameObject Type="PhysicsObjContainer" Name="unknown"  X="450"  Y="420"  Width="60"  Height="60"  ScaleX="2"  ScaleY="2"  Rotation="0"  Flip="False"  Tag=""  LevelType="0"  BGLayer="False" Weighted="True" Collidable="False" Breakable="True" SpriteName="BreakableBarrel1_Character" />
		<GameObject Type="PhysicsObjContainer" Name="unknown"  X="480"  Y="360"  Width="60"  Height="30"  ScaleX="4"  ScaleY="1"  Rotation="0"  Flip="True"  Tag=""  LevelType="0"  BGLayer="False" Weighted="True" Collidable="False" Breakable="True" SpriteName="BreakableCrate1_Character" />
		<GameObject Type="PhysicsObjContainer" Name="unknown"  X="510"  Y="330"  Width="60"  Height="30"  ScaleX="4"  ScaleY="1"  Rotation="0"  Flip="False"  Tag=""  LevelType="0"  BGLayer="False" Weighted="True" Collidable="False" Breakable="True" SpriteName="BreakableCrate1_Character" />
		<GameObject Type="PhysicsObjContainer" Name="unknown"  X="510"  Y="300"  Width="60"  Height="60"  ScaleX="2"  ScaleY="2"  Rotation="0"  Flip="False"  Tag=""  LevelType="0"  BGLayer="False" Weighted="True" Collidable="False" Breakable="True" SpriteName="BreakableBarrel1_Character" />
		<GameObject Type="PhysicsObjContainer" Name="unknown"  X="870"  Y="450"  Width="60"  Height="30"  ScaleX="4"  ScaleY="1"  Rotation="0"  Flip="True"  Tag=""  LevelType="0"  BGLayer="False" Weighted="True" Collidable="False" Breakable="True" SpriteName="BreakableCrate1_Character" />
		<GameObject Type="PhysicsObjContainer" Name="unknown"  X="960"  Y="480"  Width="60"  Height="30"  ScaleX="4"  ScaleY="1"  Rotation="0"  Flip="False"  Tag=""  LevelType="0"  BGLayer="False" Weighted="True" Collidable="False" Breakable="True" SpriteName="BreakableCrate1_Character" />
		<GameObject Type="PhysicsObjContainer" Name="unknown"  X="870"  Y="360"  Width="60"  Height="60"  ScaleX="2"  ScaleY="2"  Rotation="0"  Flip="False"  Tag=""  LevelType="0"  BGLayer="False" Weighted="True" Collidable="False" Breakable="True" SpriteName="BreakableBarrel1_Character" />
		<GameObject Type="PhysicsObjContainer" Name="unknown"  X="900"  Y="420"  Width="60"  Height="30"  ScaleX="4"  ScaleY="1"  Rotation="0"  Flip="True"  Tag=""  LevelType="0"  BGLayer="False" Weighted="True" Collidable="False" Breakable="True" SpriteName="BreakableCrate1_Character" />
		<GameObject Type="PhysicsObjContainer" Name="unknown"  X="840"  Y="390"  Width="60"  Height="30"  ScaleX="4"  ScaleY="1"  Rotation="0"  Flip="True"  Tag=""  LevelType="0"  BGLayer="False" Weighted="True" Collidable="False" Breakable="True" SpriteName="BreakableCrate1_Character" />
		<GameObject Type="PhysicsObjContainer" Name="unknown"  X="840"  Y="300"  Width="60"  Height="30"  ScaleX="4"  ScaleY="1"  Rotation="0"  Flip="False"  Tag=""  LevelType="0"  BGLayer="False" Weighted="True" Collidable="False" Breakable="True" SpriteName="BreakableCrate1_Character" />
		<GameObject Type="PhysicsObjContainer" Name="unknown"  X="810"  Y="270"  Width="60"  Height="60"  ScaleX="2"  ScaleY="2"  Rotation="0"  Flip="False"  Tag=""  LevelType="0"  BGLayer="False" Weighted="True" Collidable="False" Breakable="True" SpriteName="BreakableBarrel1_Character" />
		<GameObject Type="PhysicsObjContainer" Name="unknown"  X="570"  Y="1050"  Width="60"  Height="60"  ScaleX="2"  ScaleY="2"  Rotation="0"  Flip="False"  Tag=""  LevelType="0"  BGLayer="False" Weighted="True" Collidable="False" Breakable="True" SpriteName="BreakableBarrel1_Character" />
		<GameObject Type="PhysicsObjContainer" Name="unknown"  X="840"  Y="690"  Width="60"  Height="60"  ScaleX="2"  ScaleY="2"  Rotation="0"  Flip="False"  Tag=""  LevelType="0"  BGLayer="False" Weighted="True" Collidable="False" Breakable="True" SpriteName="BreakableBarrel1_Character" />
		<GameObject Type="PhysicsObjContainer" Name="unknown"  X="180"  Y="1050"  Width="60"  Height="60"  ScaleX="2"  ScaleY="2"  Rotation="0"  Flip="False"  Tag=""  LevelType="0"  BGLayer="False" Weighted="True" Collidable="False" Breakable="True" SpriteName="BreakableBarrel1_Character" />
		<GameObject Type="PhysicsObjContainer" Name="unknown"  X="300"  Y="1050"  Width="60"  Height="60"  ScaleX="2"  ScaleY="2"  Rotation="0"  Flip="False"  Tag=""  LevelType="0"  BGLayer="False" Weighted="True" Collidable="False" Breakable="True" SpriteName="BreakableBarrel1_Character" />
		<GameObject Type="PhysicsObjContainer" Name="unknown"  X="1080"  Y="1050"  Width="60"  Height="30"  ScaleX="4"  ScaleY="1"  Rotation="0"  Flip="True"  Tag=""  LevelType="0"  BGLayer="False" Weighted="True" Collidable="False" Breakable="True" SpriteName="BreakableCrate1_Character" />
		<GameObject Type="PhysicsObjContainer" Name="unknown"  X="240"  Y="690"  Width="60"  Height="30"  ScaleX="4"  ScaleY="1"  Rotation="0"  Flip="False"  Tag=""  LevelType="0"  BGLayer="False" Weighted="True" Collidable="False" Breakable="True" SpriteName="BreakableCrate1_Character" />
		<GameObject Type="PhysicsObjContainer" Name="unknown"  X="1080"  Y="690"  Width="60"  Height="60"  ScaleX="2"  ScaleY="2"  Rotation="0"  Flip="False"  Tag=""  LevelType="0"  BGLayer="False" Weighted="True" Collidable="False" Breakable="True" SpriteName="BreakableBarrel1_Character" />
		<GameObject Type="PhysicsObjContainer" Name="unknown"  X="270"  Y="1590"  Width="60"  Height="30"  ScaleX="4"  ScaleY="1"  Rotation="0"  Flip="True"  Tag=""  LevelType="0"  BGLayer="False" Weighted="True" Collidable="False" Breakable="True" SpriteName="BreakableCrate1_Character" />
		<GameObject Type="PhysicsObjContainer" Name="unknown"  X="1020"  Y="1860"  Width="60"  Height="60"  ScaleX="2"  ScaleY="2"  Rotation="0"  Flip="False"  Tag=""  LevelType="0"  BGLayer="False" Weighted="True" Collidable="False" Breakable="True" SpriteName="BreakableBarrel1_Character" />
		<GameObject Type="PhysicsObjContainer" Name="unknown"  X="1110"  Y="1410"  Width="60"  Height="30"  ScaleX="4"  ScaleY="1"  Rotation="0"  Flip="False"  Tag=""  LevelType="0"  BGLayer="False" Weighted="True" Collidable="False" Breakable="True" SpriteName="BreakableCrate1_Character" />
		<GameObject Type="PhysicsObjContainer" Name="unknown"  X="1050"  Y="1380"  Width="60"  Height="30"  ScaleX="4"  ScaleY="1"  Rotation="0"  Flip="True"  Tag=""  LevelType="0"  BGLayer="False" Weighted="True" Collidable="False" Breakable="True" SpriteName="BreakableCrate1_Character" />
		<GameObject Type="PhysicsObjContainer" Name="unknown"  X="870"  Y="2100"  Width="60"  Height="30"  ScaleX="4"  ScaleY="1"  Rotation="0"  Flip="False"  Tag=""  LevelType="0"  BGLayer="False" Weighted="True" Collidable="False" Breakable="True" SpriteName="BreakableCrate1_Character" />
		<GameObject Type="PhysicsObjContainer" Name="unknown"  X="1020"  Y="2100"  Width="60"  Height="60"  ScaleX="2"  ScaleY="2"  Rotation="0"  Flip="False"  Tag=""  LevelType="0"  BGLayer="False" Weighted="True" Collidable="False" Breakable="True" SpriteName="BreakableBarrel1_Character" />
		<GameObject Type="PhysicsObjContainer" Name="unknown"  X="990"  Y="2040"  Width="60"  Height="60"  ScaleX="2"  ScaleY="2"  Rotation="0"  Flip="False"  Tag=""  LevelType="0"  BGLayer="False" Weighted="True" Collidable="False" Breakable="True" SpriteName="BreakableBarrel1_Character" />
		<GameObject Type="PhysicsObjContainer" Name="unknown"  X="900"  Y="2040"  Width="60"  Height="60"  ScaleX="2"  ScaleY="2"  Rotation="0"  Flip="False"  Tag=""  LevelType="0"  BGLayer="False" Weighted="True" Collidable="False" Breakable="True" SpriteName="BreakableBarrel1_Character" />
		<GameObject Type="PhysicsObjContainer" Name="unknown"  X="330"  Y="2100"  Width="60"  Height="60"  ScaleX="2"  ScaleY="2"  Rotation="0"  Flip="False"  Tag=""  LevelType="0"  BGLayer="False" Weighted="True" Collidable="False" Breakable="True" SpriteName="BreakableBarrel1_Character" />
		<GameObject Type="PhysicsObjContainer" Name="unknown"  X="420"  Y="2100"  Width="60"  Height="60"  ScaleX="2"  ScaleY="2"  Rotation="0"  Flip="False"  Tag=""  LevelType="0"  BGLayer="False" Weighted="True" Collidable="False" Breakable="True" SpriteName="BreakableBarrel1_Character" />
		<GameObject Type="PhysicsObjContainer" Name="unknown"  X="360"  Y="2040"  Width="60"  Height="60"  ScaleX="2"  ScaleY="2"  Rotation="0"  Flip="False"  Tag=""  LevelType="0"  BGLayer="False" Weighted="True" Collidable="False" Breakable="True" SpriteName="BreakableBarrel1_Character" />
		<GameObject Type="PhysicsObjContainer" Name="unknown"  X="210"  Y="2100"  Width="60"  Height="60"  ScaleX="2"  ScaleY="2"  Rotation="0"  Flip="False"  Tag=""  LevelType="0"  BGLayer="False" Weighted="True" Collidable="False" Breakable="True" SpriteName="BreakableBarrel1_Character" />
		<GameObject Type="PhysicsObjContainer" Name="unknown"  X="900"  Y="2070"  Width="60"  Height="30"  ScaleX="4"  ScaleY="1"  Rotation="0"  Flip="True"  Tag=""  LevelType="0"  BGLayer="False" Weighted="True" Collidable="False" Breakable="True" SpriteName="BreakableCrate1_Character" />
		<GameObject Type="EnemyObj" Name="unknown"  X="180"  Y="1170"  Width="60"  Height="60"  ScaleX="1"  ScaleY="1"  Rotation="0"  Flip="False"  Tag=""  LevelType="0"  EnemyType="3" Difficulty="ADVANCED" InitialDelay="0" Procedural="False" SpriteName="EnemyBouncySpike_Character" />
		<GameObject Type="EnemyObj" Name="unknown"  X="450"  Y="660"  Width="60"  Height="60"  ScaleX="1"  ScaleY="1"  Rotation="0"  Flip="True"  Tag=""  LevelType="0"  EnemyType="3" Difficulty="ADVANCED" InitialDelay="0" Procedural="False" SpriteName="EnemyBouncySpike_Character" />
		<GameObject Type="EnemyObj" Name="unknown"  X="540"  Y="450"  Width="60"  Height="60"  ScaleX="1"  ScaleY="1"  Rotation="0"  Flip="False"  Tag=""  LevelType="0"  EnemyType="3" Difficulty="ADVANCED" InitialDelay="0" Procedural="False" SpriteName="EnemyBouncySpike_Character" />
		<GameObject Type="EnemyObj" Name="unknown"  X="270"  Y="150"  Width="60"  Height="60"  ScaleX="1"  ScaleY="1"  Rotation="0"  Flip="False"  Tag=""  LevelType="0"  EnemyType="3" Difficulty="ADVANCED" InitialDelay="0" Procedural="False" SpriteName="EnemyBouncySpike_Character" />
		<GameObject Type="EnemyObj" Name="unknown"  X="870"  Y="1020"  Width="60"  Height="60"  ScaleX="1"  ScaleY="1"  Rotation="0"  Flip="False"  Tag=""  LevelType="0"  EnemyType="3" Difficulty="ADVANCED" InitialDelay="0" Procedural="False" SpriteName="EnemyBouncySpike_Character" />
		<GameObject Type="EnemyObj" Name="unknown"  X="960"  Y="810"  Width="60"  Height="60"  ScaleX="1"  ScaleY="1"  Rotation="0"  Flip="True"  Tag=""  LevelType="0"  EnemyType="3" Difficulty="ADVANCED" InitialDelay="0" Procedural="False" SpriteName="EnemyBouncySpike_Character" />
		<GameObject Type="EnemyObj" Name="unknown"  X="780"  Y="300"  Width="60"  Height="60"  ScaleX="1"  ScaleY="1"  Rotation="0"  Flip="False"  Tag=""  LevelType="0"  EnemyType="3" Difficulty="ADVANCED" InitialDelay="0" Procedural="False" SpriteName="EnemyBouncySpike_Character" />
		<GameObject Type="SpriteObj" Name="unknown"  X="120"  Y="60"  Width="60"  Height="60"  ScaleX="2"  ScaleY="2"  Rotation="0"  Flip="False"  Tag=""  LevelType="1"  BGLayer="False" SpriteName="CastleAssetWeb1_Sprite" />
		<GameObject Type="SpriteObj" Name="unknown"  X="1200"  Y="60"  Width="60"  Height="60"  ScaleX="1"  ScaleY="1"  Rotation="0"  Flip="True"  Tag=""  LevelType="1"  BGLayer="False" SpriteName="CastleAssetWeb2_Sprite" />
		<GameObject Type="EnemyObj" Name="unknown"  X="780"  Y="1170"  Width="60"  Height="60"  ScaleX="1"  ScaleY="1"  Rotation="0"  Flip="False"  Tag=""  LevelType="0"  EnemyType="3" Difficulty="ADVANCED" InitialDelay="0" Procedural="False" SpriteName="EnemyBouncySpike_Character" />
		<GameObject Type="EnemyObj" Name="unknown"  X="360"  Y="810"  Width="60"  Height="60"  ScaleX="1"  ScaleY="1"  Rotation="0"  Flip="False"  Tag=""  LevelType="0"  EnemyType="3" Difficulty="ADVANCED" InitialDelay="0" Procedural="False" SpriteName="EnemyBouncySpike_Character" />
		<GameObject Type="EnemyObj" Name="unknown"  X="1050"  Y="450"  Width="60"  Height="60"  ScaleX="1"  ScaleY="1"  Rotation="0"  Flip="False"  Tag=""  LevelType="0"  EnemyType="3" Difficulty="ADVANCED" InitialDelay="0" Procedural="False" SpriteName="EnemyBouncySpike_Character" />
		<GameObject Type="EnemyObj" Name="unknown"  X="870"  Y="150"  Width="60"  Height="60"  ScaleX="1"  ScaleY="1"  Rotation="0"  Flip="False"  Tag=""  LevelType="0"  EnemyType="3" Difficulty="ADVANCED" InitialDelay="0" Procedural="False" SpriteName="EnemyBouncySpike_Character" />
		<GameObject Type="EnemyObj" Name="unknown"  X="270"  Y="1020"  Width="60"  Height="60"  ScaleX="1"  ScaleY="1"  Rotation="0"  Flip="False"  Tag=""  LevelType="0"  EnemyType="3" Difficulty="ADVANCED" InitialDelay="0" Procedural="False" SpriteName="EnemyBouncySpike_Character" />
		<GameObject Type="EnemyObj" Name="unknown"  X="1050"  Y="660"  Width="60"  Height="60"  ScaleX="1"  ScaleY="1"  Rotation="0"  Flip="False"  Tag=""  LevelType="0"  EnemyType="3" Difficulty="ADVANCED" InitialDelay="0" Procedural="False" SpriteName="EnemyBouncySpike_Character" />
		<GameObject Type="EnemyObj" Name="unknown"  X="180"  Y="300"  Width="60"  Height="60"  ScaleX="1"  ScaleY="1"  Rotation="0"  Flip="False"  Tag=""  LevelType="0"  EnemyType="3" Difficulty="ADVANCED" InitialDelay="0" Procedural="False" SpriteName="EnemyBouncySpike_Character" />
	</RoomObject>
</Map>