﻿<?xml version="1.0" encoding="utf-8"?>
<Map>
	<Spritesheet Name="startingRoomSpritesheet" />
	<Spritesheet Name="castleTerrainSpritesheet" />
	<Spritesheet Name="dungeonTerrainSpritesheet" />
	<Spritesheet Name="towerTerrainSpritesheet" />
	<Spritesheet Name="gardenTerrainSpritesheet" />
	<RoomObject Name="unknown" X="0" Y="0" Width="1320" Height="2880" ScaleX="1" ScaleY="1" Tag="" SelectionMode="0" DisplayBG="False" CastlePool="True" GardenPool="True" TowerPool="True" DungeonPool="True">
		<GameObject Type="CollHullObj" Name="unknown"  X="0"  Y="2820"  Width="540"  Height="60"  ScaleX="1"  ScaleY="1"  Rotation="0"  Flip="False"  Tag=""  LevelType="0"  CollidesTop="True" CollidesBottom="True" CollidesRight="True" CollidesLeft="True" />
		<GameObject Type="CollHullObj" Name="unknown"  X="780"  Y="2820"  Width="540"  Height="60"  ScaleX="1"  ScaleY="1"  Rotation="0"  Flip="False"  Tag=""  LevelType="0"  CollidesTop="True" CollidesBottom="True" CollidesRight="True" CollidesLeft="True" />
		<GameObject Type="CollHullObj" Name="unknown"  X="0"  Y="2580"  Width="120"  Height="240"  ScaleX="1"  ScaleY="1"  Rotation="0"  Flip="False"  Tag=""  LevelType="0"  CollidesTop="True" CollidesBottom="True" CollidesRight="True" CollidesLeft="True" />
		<GameObject Type="CollHullObj" Name="unknown"  X="1200"  Y="2580"  Width="120"  Height="240"  ScaleX="1"  ScaleY="1"  Rotation="0"  Flip="False"  Tag=""  LevelType="0"  CollidesTop="True" CollidesBottom="True" CollidesRight="True" CollidesLeft="True" />
		<GameObject Type="DoorObj" Name="unknown"  X="0"  Y="2400"  Width="120"  Height="180"  ScaleX="1"  ScaleY="1"  Rotation="0"  Flip="False"  Tag=""  LevelType="0"  DoorPos="Left" BossDoor="False" />
		<GameObject Type="DoorObj" Name="unknown"  X="1200"  Y="2400"  Width="120"  Height="180"  ScaleX="1"  ScaleY="1"  Rotation="0"  Flip="False"  Tag=""  LevelType="0"  DoorPos="Right" BossDoor="False" />
		<GameObject Type="DoorObj" Name="unknown"  X="540"  Y="2820"  Width="240"  Height="60"  ScaleX="1"  ScaleY="1"  Rotation="0"  Flip="False"  Tag=""  LevelType="0"  DoorPos="Bottom" BossDoor="False" />
		<GameObject Type="PhysicsObjContainer" Name="unknown"  X="330"  Y="2520"  Width="60"  Height="60"  ScaleX="2"  ScaleY="2"  Rotation="45"  Flip="False"  Tag=""  LevelType="0"  BGLayer="False" Weighted="False" Collidable="False" Breakable="True" SpriteName="CastleAssetCandle1_Character" />
		<GameObject Type="PhysicsObjContainer" Name="unknown"  X="330"  Y="2520"  Width="60"  Height="60"  ScaleX="2"  ScaleY="2"  Rotation="90"  Flip="False"  Tag=""  LevelType="0"  BGLayer="False" Weighted="False" Collidable="False" Breakable="True" SpriteName="CastleAssetCandle1_Character" />
		<GameObject Type="PhysicsObjContainer" Name="unknown"  X="330"  Y="2520"  Width="60"  Height="60"  ScaleX="2"  ScaleY="2"  Rotation="135"  Flip="False"  Tag=""  LevelType="0"  BGLayer="False" Weighted="False" Collidable="False" Breakable="True" SpriteName="CastleAssetCandle1_Character" />
		<GameObject Type="PhysicsObjContainer" Name="unknown"  X="330"  Y="2520"  Width="60"  Height="60"  ScaleX="2"  ScaleY="2"  Rotation="180"  Flip="False"  Tag=""  LevelType="0"  BGLayer="False" Weighted="False" Collidable="False" Breakable="True" SpriteName="CastleAssetCandle1_Character" />
		<GameObject Type="PhysicsObjContainer" Name="unknown"  X="330"  Y="2520"  Width="60"  Height="60"  ScaleX="2"  ScaleY="2"  Rotation="225"  Flip="False"  Tag=""  LevelType="0"  BGLayer="False" Weighted="False" Collidable="False" Breakable="True" SpriteName="CastleAssetCandle1_Character" />
		<GameObject Type="PhysicsObjContainer" Name="unknown"  X="330"  Y="2520"  Width="60"  Height="60"  ScaleX="2"  ScaleY="2"  Rotation="270"  Flip="False"  Tag=""  LevelType="0"  BGLayer="False" Weighted="False" Collidable="False" Breakable="True" SpriteName="CastleAssetCandle1_Character" />
		<GameObject Type="PhysicsObjContainer" Name="unknown"  X="330"  Y="2520"  Width="60"  Height="60"  ScaleX="2"  ScaleY="2"  Rotation="315"  Flip="False"  Tag=""  LevelType="0"  BGLayer="False" Weighted="False" Collidable="False" Breakable="True" SpriteName="CastleAssetCandle1_Character" />
		<GameObject Type="PhysicsObjContainer" Name="unknown"  X="330"  Y="2520"  Width="60"  Height="60"  ScaleX="2"  ScaleY="2"  Rotation="0"  Flip="False"  Tag=""  LevelType="0"  BGLayer="False" Weighted="False" Collidable="False" Breakable="True" SpriteName="CastleAssetCandle1_Character" />
		<GameObject Type="ObjContainer" Name="unknown"  X="960"  Y="2400"  Width="60"  Height="60"  ScaleX="2"  ScaleY="2"  Rotation="30"  Flip="False"  Tag=""  LevelType="0"  BGLayer="True" Weighted="False" Collidable="False" Breakable="False" SpriteName="GardenFountain_Character" />
		<GameObject Type="EnemyObj" Name="unknown"  X="930"  Y="2085"  Width="60"  Height="60"  ScaleX="1"  ScaleY="1"  Rotation="0"  Flip="False"  Tag=""  LevelType="0"  EnemyType="9" Difficulty="MINIBOSS" InitialDelay="0" Procedural="False" SpriteName="EnemyWizardIdle_Character" />
		<GameObject Type="EnemyObj" Name="unknown"  X="360"  Y="1365"  Width="60"  Height="60"  ScaleX="1"  ScaleY="1"  Rotation="0"  Flip="False"  Tag=""  LevelType="0"  EnemyType="11" Difficulty="MINIBOSS" InitialDelay="0" Procedural="False" SpriteName="EnemyWizardIdle_Character" />
		<GameObject Type="PhysicsObjContainer" Name="unknown"  X="960"  Y="1800"  Width="60"  Height="60"  ScaleX="2"  ScaleY="2"  Rotation="45"  Flip="False"  Tag=""  LevelType="0"  BGLayer="False" Weighted="False" Collidable="False" Breakable="True" SpriteName="CastleAssetCandle2_Character" />
		<GameObject Type="PhysicsObjContainer" Name="unknown"  X="960"  Y="1800"  Width="60"  Height="60"  ScaleX="2"  ScaleY="2"  Rotation="90"  Flip="False"  Tag=""  LevelType="0"  BGLayer="False" Weighted="False" Collidable="False" Breakable="True" SpriteName="CastleAssetCandle2_Character" />
		<GameObject Type="PhysicsObjContainer" Name="unknown"  X="960"  Y="1800"  Width="60"  Height="60"  ScaleX="2"  ScaleY="2"  Rotation="135"  Flip="False"  Tag=""  LevelType="0"  BGLayer="False" Weighted="False" Collidable="False" Breakable="True" SpriteName="CastleAssetCandle2_Character" />
		<GameObject Type="PhysicsObjContainer" Name="unknown"  X="960"  Y="1800"  Width="60"  Height="60"  ScaleX="2"  ScaleY="2"  Rotation="180"  Flip="False"  Tag=""  LevelType="0"  BGLayer="False" Weighted="False" Collidable="False" Breakable="True" SpriteName="CastleAssetCandle2_Character" />
		<GameObject Type="PhysicsObjContainer" Name="unknown"  X="960"  Y="1800"  Width="60"  Height="60"  ScaleX="2"  ScaleY="2"  Rotation="225"  Flip="False"  Tag=""  LevelType="0"  BGLayer="False" Weighted="False" Collidable="False" Breakable="True" SpriteName="CastleAssetCandle2_Character" />
		<GameObject Type="PhysicsObjContainer" Name="unknown"  X="960"  Y="1800"  Width="60"  Height="60"  ScaleX="2"  ScaleY="2"  Rotation="270"  Flip="False"  Tag=""  LevelType="0"  BGLayer="False" Weighted="False" Collidable="False" Breakable="True" SpriteName="CastleAssetCandle2_Character" />
		<GameObject Type="PhysicsObjContainer" Name="unknown"  X="960"  Y="1800"  Width="60"  Height="60"  ScaleX="2"  ScaleY="2"  Rotation="315"  Flip="False"  Tag=""  LevelType="0"  BGLayer="False" Weighted="False" Collidable="False" Breakable="True" SpriteName="CastleAssetCandle2_Character" />
		<GameObject Type="PhysicsObjContainer" Name="unknown"  X="960"  Y="1800"  Width="60"  Height="60"  ScaleX="2"  ScaleY="2"  Rotation="0"  Flip="False"  Tag=""  LevelType="0"  BGLayer="False" Weighted="False" Collidable="False" Breakable="True" SpriteName="CastleAssetCandle2_Character" />
		<GameObject Type="CollHullObj" Name="unknown"  X="0"  Y="0"  Width="120"  Height="2400"  ScaleX="1"  ScaleY="1"  Rotation="0"  Flip="False"  Tag=""  LevelType="0"  CollidesTop="True" CollidesBottom="True" CollidesRight="True" CollidesLeft="True" />
		<GameObject Type="CollHullObj" Name="unknown"  X="120"  Y="0"  Width="1080"  Height="60"  ScaleX="1"  ScaleY="1"  Rotation="0"  Flip="False"  Tag=""  LevelType="0"  CollidesTop="True" CollidesBottom="True" CollidesRight="True" CollidesLeft="True" />
		<GameObject Type="CollHullObj" Name="unknown"  X="1200"  Y="0"  Width="120"  Height="2400"  ScaleX="1"  ScaleY="1"  Rotation="0"  Flip="False"  Tag=""  LevelType="0"  CollidesTop="True" CollidesBottom="True" CollidesRight="True" CollidesLeft="True" />
		<GameObject Type="SpriteObj" Name="unknown"  X="120"  Y="2280"  Width="60"  Height="60"  ScaleX="2"  ScaleY="2"  Rotation="90"  Flip="False"  Tag=""  LevelType="0"  BGLayer="True" SpriteName="GardenBush2_Sprite" />
		<GameObject Type="ChestObj" Name="unknown"  X="270"  Y="330"  Width="60"  Height="60"  ScaleX="1"  ScaleY="1"  Rotation="0"  Flip="True"  Tag="1"  LevelType="0"  Fairy="True" />
		<GameObject Type="ChestObj" Name="unknown"  X="990"  Y="330"  Width="60"  Height="60"  ScaleX="1"  ScaleY="1"  Rotation="0"  Flip="False"  Tag="1"  LevelType="0"  Fairy="True" />
		<GameObject Type="ChestObj" Name="unknown"  X="630"  Y="870"  Width="60"  Height="60"  ScaleX="1"  ScaleY="1"  Rotation="0"  Flip="True"  Tag="1"  LevelType="0"  Fairy="True" />
		<GameObject Type="CollHullObj" Name="unknown"  X="870"  Y="2070"  Width="30"  Height="30"  ScaleX="1"  ScaleY="1"  Rotation="0"  Flip="False"  Tag=""  LevelType="0"  CollidesTop="True" CollidesBottom="True" CollidesRight="True" CollidesLeft="True" />
		<GameObject Type="CollHullObj" Name="unknown"  X="990"  Y="2070"  Width="30"  Height="30"  ScaleX="1"  ScaleY="1"  Rotation="0"  Flip="False"  Tag=""  LevelType="0"  CollidesTop="True" CollidesBottom="True" CollidesRight="True" CollidesLeft="True" />
		<GameObject Type="CollHullObj" Name="unknown"  X="930"  Y="1980"  Width="30"  Height="30"  ScaleX="1"  ScaleY="1"  Rotation="0"  Flip="False"  Tag=""  LevelType="0"  CollidesTop="True" CollidesBottom="True" CollidesRight="True" CollidesLeft="True" />
		<GameObject Type="CollHullObj" Name="unknown"  X="930"  Y="2160"  Width="30"  Height="30"  ScaleX="1"  ScaleY="1"  Rotation="0"  Flip="False"  Tag=""  LevelType="0"  CollidesTop="True" CollidesBottom="True" CollidesRight="True" CollidesLeft="True" />
		<GameObject Type="BorderObj" Name="unknown"  X="990"  Y="2070"  Width="30"  Height="30"  ScaleX="1"  ScaleY="1"  Rotation="0"  Flip="False"  Tag=""  LevelType="0"  CollidesTop="True" CollidesBottom="False" CollidesRight="False" CollidesLeft="False" />
		<GameObject Type="BorderObj" Name="unknown"  X="930"  Y="1980"  Width="30"  Height="30"  ScaleX="1"  ScaleY="1"  Rotation="0"  Flip="False"  Tag=""  LevelType="0"  CollidesTop="True" CollidesBottom="False" CollidesRight="False" CollidesLeft="False" />
		<GameObject Type="BorderObj" Name="unknown"  X="870"  Y="2070"  Width="30"  Height="30"  ScaleX="1"  ScaleY="1"  Rotation="0"  Flip="False"  Tag=""  LevelType="0"  CollidesTop="True" CollidesBottom="False" CollidesRight="False" CollidesLeft="False" />
		<GameObject Type="BorderObj" Name="unknown"  X="930"  Y="2160"  Width="30"  Height="30"  ScaleX="1"  ScaleY="1"  Rotation="0"  Flip="False"  Tag=""  LevelType="0"  CollidesTop="True" CollidesBottom="False" CollidesRight="False" CollidesLeft="False" />
		<GameObject Type="EnemyObj" Name="unknown"  X="780"  Y="2220"  Width="60"  Height="60"  ScaleX="1"  ScaleY="1"  Rotation="0"  Flip="False"  Tag=""  LevelType="0"  EnemyType="31" Difficulty="ADVANCED" InitialDelay="0" Procedural="False" SpriteName="EnemyStarburstIdle_Character" />
		<GameObject Type="EnemyObj" Name="unknown"  X="780"  Y="1950"  Width="60"  Height="60"  ScaleX="1"  ScaleY="1"  Rotation="0"  Flip="False"  Tag=""  LevelType="0"  EnemyType="31" Difficulty="ADVANCED" InitialDelay="0" Procedural="False" SpriteName="EnemyStarburstIdle_Character" />
		<GameObject Type="EnemyObj" Name="unknown"  X="1110"  Y="1950"  Width="60"  Height="60"  ScaleX="1"  ScaleY="1"  Rotation="0"  Flip="False"  Tag=""  LevelType="0"  EnemyType="31" Difficulty="ADVANCED" InitialDelay="0" Procedural="False" SpriteName="EnemyStarburstIdle_Character" />
		<GameObject Type="EnemyObj" Name="unknown"  X="1110"  Y="2220"  Width="60"  Height="60"  ScaleX="1"  ScaleY="1"  Rotation="0"  Flip="False"  Tag=""  LevelType="0"  EnemyType="31" Difficulty="ADVANCED" InitialDelay="0" Procedural="False" SpriteName="EnemyStarburstIdle_Character" />
		<GameObject Type="CollHullObj" Name="unknown"  X="300"  Y="1350"  Width="30"  Height="30"  ScaleX="1"  ScaleY="1"  Rotation="0"  Flip="False"  Tag=""  LevelType="0"  CollidesTop="True" CollidesBottom="True" CollidesRight="True" CollidesLeft="True" />
		<GameObject Type="CollHullObj" Name="unknown"  X="360"  Y="1260"  Width="30"  Height="30"  ScaleX="1"  ScaleY="1"  Rotation="0"  Flip="False"  Tag=""  LevelType="0"  CollidesTop="True" CollidesBottom="True" CollidesRight="True" CollidesLeft="True" />
		<GameObject Type="CollHullObj" Name="unknown"  X="420"  Y="1350"  Width="30"  Height="30"  ScaleX="1"  ScaleY="1"  Rotation="0"  Flip="False"  Tag=""  LevelType="0"  CollidesTop="True" CollidesBottom="True" CollidesRight="True" CollidesLeft="True" />
		<GameObject Type="CollHullObj" Name="unknown"  X="360"  Y="1440"  Width="30"  Height="30"  ScaleX="1"  ScaleY="1"  Rotation="0"  Flip="False"  Tag=""  LevelType="0"  CollidesTop="True" CollidesBottom="True" CollidesRight="True" CollidesLeft="True" />
		<GameObject Type="BorderObj" Name="unknown"  X="300"  Y="1350"  Width="30"  Height="30"  ScaleX="1"  ScaleY="1"  Rotation="0"  Flip="False"  Tag=""  LevelType="0"  CollidesTop="True" CollidesBottom="False" CollidesRight="False" CollidesLeft="False" />
		<GameObject Type="BorderObj" Name="unknown"  X="360"  Y="1260"  Width="30"  Height="30"  ScaleX="1"  ScaleY="1"  Rotation="0"  Flip="False"  Tag=""  LevelType="0"  CollidesTop="True" CollidesBottom="False" CollidesRight="False" CollidesLeft="False" />
		<GameObject Type="BorderObj" Name="unknown"  X="420"  Y="1350"  Width="30"  Height="30"  ScaleX="1"  ScaleY="1"  Rotation="0"  Flip="False"  Tag=""  LevelType="0"  CollidesTop="True" CollidesBottom="False" CollidesRight="False" CollidesLeft="False" />
		<GameObject Type="BorderObj" Name="unknown"  X="360"  Y="1440"  Width="30"  Height="30"  ScaleX="1"  ScaleY="1"  Rotation="0"  Flip="False"  Tag=""  LevelType="0"  CollidesTop="True" CollidesBottom="False" CollidesRight="False" CollidesLeft="False" />
		<GameObject Type="EnemyObj" Name="unknown"  X="240"  Y="1530"  Width="60"  Height="60"  ScaleX="1"  ScaleY="1"  Rotation="0"  Flip="False"  Tag=""  LevelType="0"  EnemyType="31" Difficulty="EXPERT" InitialDelay="0" Procedural="False" SpriteName="EnemyStarburstIdle_Character" />
		<GameObject Type="EnemyObj" Name="unknown"  X="240"  Y="1200"  Width="60"  Height="60"  ScaleX="1"  ScaleY="1"  Rotation="0"  Flip="False"  Tag=""  LevelType="0"  EnemyType="31" Difficulty="EXPERT" InitialDelay="0" Procedural="False" SpriteName="EnemyStarburstIdle_Character" />
		<GameObject Type="EnemyObj" Name="unknown"  X="570"  Y="1365"  Width="60"  Height="60"  ScaleX="1"  ScaleY="1"  Rotation="0"  Flip="False"  Tag=""  LevelType="0"  EnemyType="31" Difficulty="EXPERT" InitialDelay="0" Procedural="False" SpriteName="EnemyStarburstIdle_Character" />
		<GameObject Type="EnemyObj" Name="unknown"  X="570"  Y="2280"  Width="60"  Height="60"  ScaleX="1"  ScaleY="1"  Rotation="0"  Flip="False"  Tag=""  LevelType="0"  EnemyType="9" Difficulty="ADVANCED" InitialDelay="0" Procedural="False" SpriteName="EnemyWizardIdle_Character" />
		<GameObject Type="EnemyObj" Name="unknown"  X="570"  Y="1890"  Width="60"  Height="60"  ScaleX="1"  ScaleY="1"  Rotation="0"  Flip="False"  Tag=""  LevelType="0"  EnemyType="11" Difficulty="ADVANCED" InitialDelay="0" Procedural="False" SpriteName="EnemyWizardIdle_Character" />
		<GameObject Type="EnemyObj" Name="unknown"  X="750"  Y="1380"  Width="60"  Height="60"  ScaleX="1"  ScaleY="1"  Rotation="0"  Flip="False"  Tag=""  LevelType="0"  EnemyType="9" Difficulty="ADVANCED" InitialDelay="0" Procedural="False" SpriteName="EnemyWizardIdle_Character" />
		<GameObject Type="EnemyObj" Name="unknown"  X="750"  Y="1560"  Width="60"  Height="60"  ScaleX="1"  ScaleY="1"  Rotation="0"  Flip="False"  Tag=""  LevelType="0"  EnemyType="11" Difficulty="ADVANCED" InitialDelay="0" Procedural="False" SpriteName="EnemyWizardIdle_Character" />
		<GameObject Type="EnemyObj" Name="unknown"  X="750"  Y="1170"  Width="60"  Height="60"  ScaleX="1"  ScaleY="1"  Rotation="0"  Flip="False"  Tag=""  LevelType="0"  EnemyType="9" Difficulty="ADVANCED" InitialDelay="0" Procedural="False" SpriteName="EnemyWizardIdle_Character" />
		<GameObject Type="EnemyObj" Name="unknown"  X="1080"  Y="2100"  Width="60"  Height="60"  ScaleX="1"  ScaleY="1"  Rotation="0"  Flip="False"  Tag=""  LevelType="0"  EnemyType="9" Difficulty="BASIC" InitialDelay="0" Procedural="False" SpriteName="EnemyWizardIdle_Character" />
		<GameObject Type="EnemyObj" Name="unknown"  X="240"  Y="1380"  Width="60"  Height="60"  ScaleX="1"  ScaleY="1"  Rotation="0"  Flip="False"  Tag=""  LevelType="0"  EnemyType="11" Difficulty="BASIC" InitialDelay="0" Procedural="False" SpriteName="EnemyWizardIdle_Character" />
		<GameObject Type="EnemyObj" Name="unknown"  X="450"  Y="480"  Width="60"  Height="60"  ScaleX="1"  ScaleY="1"  Rotation="0"  Flip="False"  Tag=""  LevelType="0"  EnemyType="9" Difficulty="EXPERT" InitialDelay="0" Procedural="False" SpriteName="EnemyWizardIdle_Character" />
		<GameObject Type="EnemyObj" Name="unknown"  X="870"  Y="480"  Width="60"  Height="60"  ScaleX="1"  ScaleY="1"  Rotation="0"  Flip="False"  Tag=""  LevelType="0"  EnemyType="11" Difficulty="EXPERT" InitialDelay="0" Procedural="False" SpriteName="EnemyWizardIdle_Character" />
		<GameObject Type="EnemyObj" Name="unknown"  X="660"  Y="210"  Width="60"  Height="60"  ScaleX="1"  ScaleY="1"  Rotation="0"  Flip="False"  Tag=""  LevelType="0"  EnemyType="31" Difficulty="EXPERT" InitialDelay="0" Procedural="False" SpriteName="EnemyStarburstIdle_Character" />
		<GameObject Type="EnemyObj" Name="unknown"  X="450"  Y="150"  Width="60"  Height="60"  ScaleX="1"  ScaleY="1"  Rotation="0"  Flip="False"  Tag=""  LevelType="0"  EnemyType="31" Difficulty="ADVANCED" InitialDelay="0" Procedural="False" SpriteName="EnemyStarburstIdle_Character" />
		<GameObject Type="EnemyObj" Name="unknown"  X="870"  Y="150"  Width="60"  Height="60"  ScaleX="1"  ScaleY="1"  Rotation="0"  Flip="False"  Tag=""  LevelType="0"  EnemyType="31" Difficulty="ADVANCED" InitialDelay="0" Procedural="False" SpriteName="EnemyStarburstIdle_Character" />
		<GameObject Type="ObjContainer" Name="unknown"  X="630"  Y="2670"  Width="60"  Height="60"  ScaleX="2"  ScaleY="2"  Rotation="-135"  Flip="False"  Tag=""  LevelType="0"  BGLayer="True" Weighted="False" Collidable="False" Breakable="False" SpriteName="DungeonMaiden3_Character" />
		<GameObject Type="SpriteObj" Name="unknown"  X="1200"  Y="2070"  Width="60"  Height="60"  ScaleX="2"  ScaleY="2"  Rotation="-90"  Flip="False"  Tag=""  LevelType="0"  BGLayer="True" SpriteName="GardenBush1_Sprite" />
		<GameObject Type="PhysicsObjContainer" Name="unknown"  X="690"  Y="2160"  Width="60"  Height="60"  ScaleX="2"  ScaleY="2"  Rotation="45"  Flip="False"  Tag=""  LevelType="0"  BGLayer="False" Weighted="False" Collidable="False" Breakable="True" SpriteName="GardenLampPost2_Character" />
		<GameObject Type="PhysicsObjContainer" Name="unknown"  X="690"  Y="2160"  Width="60"  Height="60"  ScaleX="2"  ScaleY="2"  Rotation="90"  Flip="False"  Tag=""  LevelType="0"  BGLayer="False" Weighted="False" Collidable="False" Breakable="True" SpriteName="GardenLampPost2_Character" />
		<GameObject Type="PhysicsObjContainer" Name="unknown"  X="690"  Y="2160"  Width="60"  Height="60"  ScaleX="2"  ScaleY="2"  Rotation="135"  Flip="False"  Tag=""  LevelType="0"  BGLayer="False" Weighted="False" Collidable="False" Breakable="True" SpriteName="GardenLampPost2_Character" />
		<GameObject Type="PhysicsObjContainer" Name="unknown"  X="690"  Y="2160"  Width="60"  Height="60"  ScaleX="2"  ScaleY="2"  Rotation="180"  Flip="False"  Tag=""  LevelType="0"  BGLayer="False" Weighted="False" Collidable="False" Breakable="True" SpriteName="GardenLampPost2_Character" />
		<GameObject Type="PhysicsObjContainer" Name="unknown"  X="690"  Y="2160"  Width="60"  Height="60"  ScaleX="2"  ScaleY="2"  Rotation="225"  Flip="False"  Tag=""  LevelType="0"  BGLayer="False" Weighted="False" Collidable="False" Breakable="True" SpriteName="GardenLampPost2_Character" />
		<GameObject Type="PhysicsObjContainer" Name="unknown"  X="690"  Y="2160"  Width="60"  Height="60"  ScaleX="2"  ScaleY="2"  Rotation="270"  Flip="False"  Tag=""  LevelType="0"  BGLayer="False" Weighted="False" Collidable="False" Breakable="True" SpriteName="GardenLampPost2_Character" />
		<GameObject Type="PhysicsObjContainer" Name="unknown"  X="690"  Y="2160"  Width="60"  Height="60"  ScaleX="2"  ScaleY="2"  Rotation="315"  Flip="False"  Tag=""  LevelType="0"  BGLayer="False" Weighted="False" Collidable="False" Breakable="True" SpriteName="GardenLampPost2_Character" />
		<GameObject Type="PhysicsObjContainer" Name="unknown"  X="690"  Y="2160"  Width="60"  Height="60"  ScaleX="2"  ScaleY="2"  Rotation="0"  Flip="False"  Tag=""  LevelType="0"  BGLayer="False" Weighted="False" Collidable="False" Breakable="True" SpriteName="GardenLampPost2_Character" />
		<GameObject Type="ObjContainer" Name="unknown"  X="120"  Y="1560"  Width="60"  Height="60"  ScaleX="2"  ScaleY="2"  Rotation="90"  Flip="False"  Tag=""  LevelType="0"  BGLayer="True" Weighted="False" Collidable="False" Breakable="False" SpriteName="CastleAssetFireplace_Character" />
		<GameObject Type="PhysicsObjContainer" Name="unknown"  X="120"  Y="1740"  Width="60"  Height="60"  ScaleX="2"  ScaleY="2"  Rotation="90"  Flip="False"  Tag=""  LevelType="0"  BGLayer="False" Weighted="False" Collidable="False" Breakable="True" SpriteName="CastleAssetTable1_Character" />
		<GameObject Type="PhysicsObjContainer" Name="unknown"  X="120"  Y="1860"  Width="60"  Height="60"  ScaleX="2"  ScaleY="2"  Rotation="90"  Flip="True"  Tag=""  LevelType="0"  BGLayer="False" Weighted="False" Collidable="False" Breakable="True" SpriteName="BreakableChair2_Character" />
		<GameObject Type="PhysicsObjContainer" Name="unknown"  X="165"  Y="1740"  Width="60"  Height="60"  ScaleX="2"  ScaleY="2"  Rotation="90"  Flip="True"  Tag=""  LevelType="0"  BGLayer="False" Weighted="False" Collidable="False" Breakable="True" SpriteName="CastleAssetUrn2_Character" />
		<GameObject Type="PhysicsObjContainer" Name="unknown"  X="660"  Y="1260"  Width="60"  Height="60"  ScaleX="2"  ScaleY="2"  Rotation="45"  Flip="False"  Tag=""  LevelType="0"  BGLayer="False" Weighted="False" Collidable="False" Breakable="True" SpriteName="GardenLampPost1_Character" />
		<GameObject Type="PhysicsObjContainer" Name="unknown"  X="660"  Y="1260"  Width="60"  Height="60"  ScaleX="2"  ScaleY="2"  Rotation="90"  Flip="False"  Tag=""  LevelType="0"  BGLayer="False" Weighted="False" Collidable="False" Breakable="True" SpriteName="GardenLampPost1_Character" />
		<GameObject Type="PhysicsObjContainer" Name="unknown"  X="660"  Y="1260"  Width="60"  Height="60"  ScaleX="2"  ScaleY="2"  Rotation="135"  Flip="False"  Tag=""  LevelType="0"  BGLayer="False" Weighted="False" Collidable="False" Breakable="True" SpriteName="GardenLampPost1_Character" />
		<GameObject Type="PhysicsObjContainer" Name="unknown"  X="660"  Y="1260"  Width="60"  Height="60"  ScaleX="2"  ScaleY="2"  Rotation="180"  Flip="False"  Tag=""  LevelType="0"  BGLayer="False" Weighted="False" Collidable="False" Breakable="True" SpriteName="GardenLampPost1_Character" />
		<GameObject Type="PhysicsObjContainer" Name="unknown"  X="660"  Y="1260"  Width="60"  Height="60"  ScaleX="2"  ScaleY="2"  Rotation="225"  Flip="False"  Tag=""  LevelType="0"  BGLayer="False" Weighted="False" Collidable="False" Breakable="True" SpriteName="GardenLampPost1_Character" />
		<GameObject Type="PhysicsObjContainer" Name="unknown"  X="660"  Y="1260"  Width="60"  Height="60"  ScaleX="2"  ScaleY="2"  Rotation="270"  Flip="False"  Tag=""  LevelType="0"  BGLayer="False" Weighted="False" Collidable="False" Breakable="True" SpriteName="GardenLampPost1_Character" />
		<GameObject Type="PhysicsObjContainer" Name="unknown"  X="660"  Y="1260"  Width="60"  Height="60"  ScaleX="2"  ScaleY="2"  Rotation="315"  Flip="False"  Tag=""  LevelType="0"  BGLayer="False" Weighted="False" Collidable="False" Breakable="True" SpriteName="GardenLampPost1_Character" />
		<GameObject Type="PhysicsObjContainer" Name="unknown"  X="660"  Y="1260"  Width="60"  Height="60"  ScaleX="2"  ScaleY="2"  Rotation="0"  Flip="False"  Tag=""  LevelType="0"  BGLayer="False" Weighted="False" Collidable="False" Breakable="True" SpriteName="GardenLampPost1_Character" />
		<GameObject Type="ObjContainer" Name="unknown"  X="390"  Y="1080"  Width="60"  Height="60"  ScaleX="2"  ScaleY="2"  Rotation="105"  Flip="False"  Tag=""  LevelType="0"  BGLayer="True" Weighted="False" Collidable="False" Breakable="False" SpriteName="DungeonMaiden1_Character" />
		<GameObject Type="ObjContainer" Name="unknown"  X="540"  Y="1620"  Width="60"  Height="60"  ScaleX="2"  ScaleY="2"  Rotation="-45"  Flip="False"  Tag=""  LevelType="0"  BGLayer="True" Weighted="False" Collidable="False" Breakable="False" SpriteName="GardenFountain_Character" />
		<GameObject Type="SpriteObj" Name="unknown"  X="120"  Y="1020"  Width="60"  Height="60"  ScaleX="2"  ScaleY="2"  Rotation="90"  Flip="False"  Tag=""  LevelType="0"  BGLayer="True" SpriteName="GardenBush1_Sprite" />
		<GameObject Type="SpriteObj" Name="unknown"  X="1200"  Y="1080"  Width="60"  Height="60"  ScaleX="2"  ScaleY="2"  Rotation="-90"  Flip="False"  Tag=""  LevelType="0"  BGLayer="True" SpriteName="DungeonPrison2_Sprite" />
		<GameObject Type="SpriteObj" Name="unknown"  X="1200"  Y="1170"  Width="60"  Height="60"  ScaleX="2"  ScaleY="2"  Rotation="-90"  Flip="False"  Tag=""  LevelType="0"  BGLayer="True" SpriteName="DungeonPrison3_Sprite" />
		<GameObject Type="SpriteObj" Name="unknown"  X="240"  Y="2820"  Width="60"  Height="60"  ScaleX="2"  ScaleY="2"  Rotation="0"  Flip="False"  Tag=""  LevelType="0"  BGLayer="True" SpriteName="DungeonPrison1_Sprite" />
		<GameObject Type="SpriteObj" Name="unknown"  X="1200"  Y="2820"  Width="60"  Height="60"  ScaleX="2"  ScaleY="2"  Rotation="180"  Flip="False"  Tag=""  LevelType="0"  BGLayer="True" SpriteName="TowerLever1_Sprite" />
		<GameObject Type="BorderObj" Name="unknown"  X="0"  Y="2580"  Width="120"  Height="240"  ScaleX="1"  ScaleY="1"  Rotation="0"  Flip="False"  Tag=""  LevelType="0"  CollidesTop="False" CollidesBottom="False" CollidesRight="True" CollidesLeft="False" />
		<GameObject Type="BorderObj" Name="unknown"  X="0"  Y="60"  Width="120"  Height="2340"  ScaleX="1"  ScaleY="1"  Rotation="0"  Flip="False"  Tag=""  LevelType="0"  CollidesTop="False" CollidesBottom="False" CollidesRight="True" CollidesLeft="False" />
		<GameObject Type="BorderObj" Name="unknown"  X="120"  Y="0"  Width="1080"  Height="60"  ScaleX="1"  ScaleY="1"  Rotation="0"  Flip="False"  Tag=""  LevelType="0"  CollidesTop="False" CollidesBottom="True" CollidesRight="False" CollidesLeft="False" />
		<GameObject Type="BorderObj" Name="unknown"  X="1200"  Y="60"  Width="120"  Height="2340"  ScaleX="1"  ScaleY="1"  Rotation="0"  Flip="False"  Tag=""  LevelType="0"  CollidesTop="False" CollidesBottom="False" CollidesRight="False" CollidesLeft="True" />
		<GameObject Type="BorderObj" Name="unknown"  X="1200"  Y="2580"  Width="120"  Height="240"  ScaleX="1"  ScaleY="1"  Rotation="0"  Flip="False"  Tag=""  LevelType="0"  CollidesTop="False" CollidesBottom="False" CollidesRight="False" CollidesLeft="True" />
		<GameObject Type="BorderObj" Name="unknown"  X="780"  Y="2820"  Width="420"  Height="60"  ScaleX="1"  ScaleY="1"  Rotation="0"  Flip="False"  Tag=""  LevelType="0"  CollidesTop="True" CollidesBottom="False" CollidesRight="False" CollidesLeft="False" />
		<GameObject Type="BorderObj" Name="unknown"  X="120"  Y="2820"  Width="420"  Height="60"  ScaleX="1"  ScaleY="1"  Rotation="0"  Flip="False"  Tag=""  LevelType="0"  CollidesTop="True" CollidesBottom="False" CollidesRight="False" CollidesLeft="False" />
		<GameObject Type="SpriteObj" Name="unknown"  X="480"  Y="570"  Width="60"  Height="60"  ScaleX="2"  ScaleY="2"  Rotation="270"  Flip="False"  Tag=""  LevelType="0"  BGLayer="True" SpriteName="GardenFloatingRock1_Sprite" />
		<GameObject Type="SpriteObj" Name="unknown"  X="540"  Y="450"  Width="60"  Height="60"  ScaleX="2"  ScaleY="2"  Rotation="315"  Flip="False"  Tag=""  LevelType="0"  BGLayer="True" SpriteName="GardenFloatingRock2_Sprite" />
		<GameObject Type="SpriteObj" Name="unknown"  X="660"  Y="390"  Width="60"  Height="60"  ScaleX="2"  ScaleY="2"  Rotation="0"  Flip="False"  Tag=""  LevelType="0"  BGLayer="True" SpriteName="GardenFloatingRock3_Sprite" />
		<GameObject Type="SpriteObj" Name="unknown"  X="780"  Y="450"  Width="60"  Height="60"  ScaleX="2"  ScaleY="2"  Rotation="45"  Flip="False"  Tag=""  LevelType="0"  BGLayer="True" SpriteName="GardenFloatingRock4_Sprite" />
		<GameObject Type="SpriteObj" Name="unknown"  X="840"  Y="570"  Width="60"  Height="60"  ScaleX="2"  ScaleY="2"  Rotation="90"  Flip="False"  Tag=""  LevelType="0"  BGLayer="True" SpriteName="GardenFloatingRock5_Sprite" />
		<GameObject Type="SpriteObj" Name="unknown"  X="780"  Y="690"  Width="60"  Height="60"  ScaleX="2"  ScaleY="2"  Rotation="135"  Flip="False"  Tag=""  LevelType="0"  BGLayer="True" SpriteName="GardenFloatingRock3_Sprite" />
		<GameObject Type="SpriteObj" Name="unknown"  X="660"  Y="750"  Width="60"  Height="60"  ScaleX="2"  ScaleY="2"  Rotation="180"  Flip="False"  Tag=""  LevelType="0"  BGLayer="True" SpriteName="GardenFloatingRock1_Sprite" />
		<GameObject Type="SpriteObj" Name="unknown"  X="540"  Y="690"  Width="60"  Height="60"  ScaleX="2"  ScaleY="2"  Rotation="225"  Flip="False"  Tag=""  LevelType="0"  BGLayer="True" SpriteName="GardenFloatingRock4_Sprite" />
		<GameObject Type="SpriteObj" Name="unknown"  X="660"  Y="570"  Width="60"  Height="60"  ScaleX="2"  ScaleY="2"  Rotation="0"  Flip="False"  Tag=""  LevelType="0"  BGLayer="True" SpriteName="LightSource_Sprite" />
		<GameObject Type="SpriteObj" Name="unknown"  X="840"  Y="960"  Width="60"  Height="60"  ScaleX="2"  ScaleY="2"  Rotation="0"  Flip="False"  Tag=""  LevelType="0"  BGLayer="True" SpriteName="DungeonSewerGrate2_Sprite" />
		<GameObject Type="SpriteObj" Name="unknown"  X="420"  Y="60"  Width="60"  Height="60"  ScaleX="2"  ScaleY="2"  Rotation="180"  Flip="False"  Tag=""  LevelType="0"  BGLayer="True" SpriteName="CastleDoorOpen_Sprite" />
		<GameObject Type="PhysicsObjContainer" Name="unknown"  X="600"  Y="60"  Width="60"  Height="60"  ScaleX="2"  ScaleY="2"  Rotation="180"  Flip="True"  Tag=""  LevelType="0"  BGLayer="False" Weighted="False" Collidable="False" Breakable="True" SpriteName="CastleAssetDemonStatue_Character" />
		<GameObject Type="PhysicsObjContainer" Name="unknown"  X="240"  Y="60"  Width="60"  Height="60"  ScaleX="2"  ScaleY="2"  Rotation="180"  Flip="False"  Tag=""  LevelType="0"  BGLayer="False" Weighted="False" Collidable="False" Breakable="True" SpriteName="CastleAssetDemonStatue_Character" />
		<GameObject Type="ObjContainer" Name="unknown"  X="1020"  Y="60"  Width="60"  Height="60"  ScaleX="2"  ScaleY="2"  Rotation="180"  Flip="False"  Tag=""  LevelType="0"  BGLayer="True" Weighted="False" Collidable="False" Breakable="False" SpriteName="CastleAssetFireplace_Character" />
		<GameObject Type="PhysicsObjContainer" Name="unknown"  X="900"  Y="60"  Width="60"  Height="60"  ScaleX="2"  ScaleY="2"  Rotation="180"  Flip="True"  Tag=""  LevelType="0"  BGLayer="False" Weighted="False" Collidable="False" Breakable="True" SpriteName="BreakableChair1_Character" />
		<GameObject Type="PhysicsObjContainer" Name="unknown"  X="780"  Y="60"  Width="60"  Height="60"  ScaleX="2"  ScaleY="2"  Rotation="180"  Flip="True"  Tag=""  LevelType="0"  BGLayer="False" Weighted="False" Collidable="False" Breakable="True" SpriteName="CastleAssetTable2_Character" />
		<GameObject Type="PhysicsObjContainer" Name="unknown"  X="1140"  Y="60"  Width="60"  Height="60"  ScaleX="2"  ScaleY="2"  Rotation="180"  Flip="True"  Tag=""  LevelType="0"  BGLayer="False" Weighted="False" Collidable="False" Breakable="True" SpriteName="CastleAssetUrn1_Character" />
		<GameObject Type="ChestObj" Name="unknown"  X="270"  Y="2760"  Width="60"  Height="60"  ScaleX="1"  ScaleY="1"  Rotation="0"  Flip="True"  Tag=""  LevelType="0"  Fairy="False" />
		<GameObject Type="ChestObj" Name="unknown"  X="990"  Y="2760"  Width="60"  Height="60"  ScaleX="1"  ScaleY="1"  Rotation="0"  Flip="False"  Tag=""  LevelType="0"  Fairy="False" />
		<GameObject Type="PhysicsObj" Name="unknown"  X="900"  Y="2700"  Width="60"  Height="60"  ScaleX="2"  ScaleY="2"  Rotation="0"  Flip="False"  Tag=""  LevelType="0"  SpriteName="CastleAssetBookCase3_Sprite"  BGLayer="True"  Weighted="False" Collidable="True" />
		<GameObject Type="PhysicsObj" Name="unknown"  X="660"  Y="2520"  Width="60"  Height="60"  ScaleX="2"  ScaleY="2"  Rotation="0"  Flip="True"  Tag=""  LevelType="0"  SpriteName="CastleAssetBookCase3_Sprite"  BGLayer="True"  Weighted="False" Collidable="True" />
		<GameObject Type="PhysicsObj" Name="unknown"  X="420"  Y="2340"  Width="60"  Height="60"  ScaleX="2"  ScaleY="2"  Rotation="0"  Flip="True"  Tag=""  LevelType="0"  SpriteName="CastleAssetBookcase_Sprite" BGLayer="True"  Weighted="False" Collidable="True" />
		<GameObject Type="PhysicsObj" Name="unknown"  X="180"  Y="2160"  Width="60"  Height="60"  ScaleX="2"  ScaleY="2"  Rotation="0"  Flip="False"  Tag=""  LevelType="0"  SpriteName="CastleAssetBookCase3_Sprite"  BGLayer="True"  Weighted="False" Collidable="True" />
		<GameObject Type="PhysicsObj" Name="unknown"  X="420"  Y="1980"  Width="60"  Height="60"  ScaleX="2"  ScaleY="2"  Rotation="0"  Flip="False"  Tag=""  LevelType="0"  SpriteName="CastleAssetBookcase_Sprite" BGLayer="True"  Weighted="False" Collidable="True" />
		<GameObject Type="PhysicsObj" Name="unknown"  X="660"  Y="1800"  Width="60"  Height="60"  ScaleX="2"  ScaleY="2"  Rotation="0"  Flip="True"  Tag=""  LevelType="0"  SpriteName="CastleAssetBookcase_Sprite" BGLayer="True"  Weighted="False" Collidable="True" />
		<GameObject Type="PhysicsObj" Name="unknown"  X="900"  Y="1620"  Width="60"  Height="60"  ScaleX="2"  ScaleY="2"  Rotation="0"  Flip="False"  Tag=""  LevelType="0"  SpriteName="CastleAssetBookCase3_Sprite"  BGLayer="True"  Weighted="False" Collidable="True" />
		<GameObject Type="PhysicsObj" Name="unknown"  X="1140"  Y="1440"  Width="60"  Height="60"  ScaleX="2"   ScaleY="2"  Rotation="0"  Flip="True"  Tag=""  LevelType="0"  SpriteName="CastleAssetBookcase_Sprite" BGLayer="True"  Weighted="False" Collidable="True" />
		<GameObject Type="PhysicsObj" Name="unknown"  X="900"  Y="1260"  Width="60"  Height="60"  ScaleX="2"  ScaleY="2"  Rotation="0"  Flip="True"  Tag=""  LevelType="0"  SpriteName="CastleAssetBookCase3_Sprite"  BGLayer="True"  Weighted="False" Collidable="True" />
		<GameObject Type="PhysicsObj" Name="unknown"  X="660"  Y="1080"  Width="60"  Height="60"  ScaleX="2"  ScaleY="2"  Rotation="0"  Flip="False"  Tag=""  LevelType="0"  SpriteName="CastleAssetBookCase3_Sprite"  BGLayer="True"  Weighted="False" Collidable="True" />
		<GameObject Type="PhysicsObj" Name="unknown"  X="180"  Y="900"  Width="60"  Height="60"  ScaleX="2"  ScaleY="2"  Rotation="0"  Flip="True"  Tag=""  LevelType="0"  SpriteName="CastleAssetBookcase_Sprite" BGLayer="True"  Weighted="False" Collidable="True" />
		<GameObject Type="PhysicsObj" Name="unknown"  X="300"  Y="900"  Width="60"  Height="60"  ScaleX="2"  ScaleY="2"  Rotation="0"  Flip="False"  Tag=""  LevelType="0"  SpriteName="CastleAssetBookCase3_Sprite"  BGLayer="True"  Weighted="False" Collidable="True" />
		<GameObject Type="PhysicsObj" Name="unknown"  X="1020"  Y="900"  Width="60"  Height="60"  ScaleX="2"  ScaleY="2"  Rotation="0"  Flip="True"  Tag=""  LevelType="0"  SpriteName="CastleAssetBookcase_Sprite" BGLayer="True"  Weighted="False" Collidable="True" />
		<GameObject Type="PhysicsObj" Name="unknown"  X="1140"  Y="900"  Width="60"  Height="60"  ScaleX="2"  ScaleY="2"  Rotation="0"  Flip="False"  Tag=""  LevelType="0"  SpriteName="CastleAssetBookcase_Sprite" BGLayer="True"  Weighted="False" Collidable="True" />
		<GameObject Type="PhysicsObj" Name="unknown"  X="180"  Y="540"  Width="60"  Height="60"  ScaleX="2"  ScaleY="2"  Rotation="0"  Flip="False"  Tag=""  LevelType="0"  SpriteName="CastleAssetBookCase3_Sprite"  BGLayer="True"  Weighted="False" Collidable="True" />
		<GameObject Type="PhysicsObj" Name="unknown"  X="300"  Y="540"  Width="60"  Height="60"  ScaleX="2"  ScaleY="2"  Rotation="0"  Flip="True"  Tag=""  LevelType="0"  SpriteName="CastleAssetBookcase_Sprite" BGLayer="True"  Weighted="False" Collidable="True" />
		<GameObject Type="PhysicsObj" Name="unknown"  X="1020"  Y="540"  Width="60"  Height="60"  ScaleX="2"  ScaleY="2"  Rotation="0"  Flip="False"  Tag=""  LevelType="0"  SpriteName="CastleAssetBookCase3_Sprite"  BGLayer="True"  Weighted="False" Collidable="True" />
		<GameObject Type="PhysicsObj" Name="unknown"  X="1140"  Y="540"  Width="60"  Height="60"  ScaleX="2"  ScaleY="2"  Rotation="0"  Flip="True"  Tag=""  LevelType="0"  SpriteName="CastleAssetBookcase_Sprite" BGLayer="True"  Weighted="False" Collidable="True" />
	</RoomObject>
</Map>