﻿<?xml version="1.0" encoding="utf-8"?>
<Map>
	<Spritesheet Name="startingRoomSpritesheet" />
	<Spritesheet Name="castleTerrainSpritesheet" />
	<Spritesheet Name="dungeonTerrainSpritesheet" />
	<Spritesheet Name="towerTerrainSpritesheet" />
	<Spritesheet Name="gardenTerrainSpritesheet" />
	<RoomObject Name="unknown" X="0" Y="0" Width="3960" Height="720" ScaleX="1" ScaleY="1" Tag="" SelectionMode="0" DisplayBG="False" CastlePool="True" GardenPool="True" TowerPool="True" DungeonPool="True">
		<GameObject Type="CollHullObj" Name="unknown"  X="0"  Y="0"  Width="120"  Height="240"  ScaleX="1"  ScaleY="1"  Rotation="0"  Flip="False"  Tag=""  LevelType="0"  CollidesTop="True" CollidesBottom="True" CollidesRight="True" CollidesLeft="True" />
		<GameObject Type="CollHullObj" Name="unknown"  X="0"  Y="420"  Width="120"  Height="300"  ScaleX="1"  ScaleY="1"  Rotation="0"  Flip="False"  Tag=""  LevelType="0"  CollidesTop="True" CollidesBottom="True" CollidesRight="True" CollidesLeft="True" />
		<GameObject Type="CollHullObj" Name="unknown"  X="120"  Y="660"  Width="3720"  Height="60"  ScaleX="1"  ScaleY="1"  Rotation="0"  Flip="False"  Tag=""  LevelType="0"  CollidesTop="True" CollidesBottom="True" CollidesRight="True" CollidesLeft="True" />
		<GameObject Type="CollHullObj" Name="unknown"  X="3840"  Y="0"  Width="120"  Height="720"  ScaleX="1"  ScaleY="1"  Rotation="0"  Flip="False"  Tag=""  LevelType="0"  CollidesTop="True" CollidesBottom="True" CollidesRight="True" CollidesLeft="True" />
		<GameObject Type="CollHullObj" Name="unknown"  X="120"  Y="0"  Width="420"  Height="60"  ScaleX="1"  ScaleY="1"  Rotation="0"  Flip="False"  Tag=""  LevelType="0"  CollidesTop="True" CollidesBottom="True" CollidesRight="True" CollidesLeft="True" />
		<GameObject Type="CollHullObj" Name="unknown"  X="780"  Y="0"  Width="3060"  Height="60"  ScaleX="1"  ScaleY="1"  Rotation="0"  Flip="False"  Tag=""  LevelType="0"  CollidesTop="True" CollidesBottom="True" CollidesRight="True" CollidesLeft="True" />
		<GameObject Type="DoorObj" Name="unknown"  X="0"  Y="240"  Width="120"  Height="180"  ScaleX="1"  ScaleY="1"  Rotation="0"  Flip="False"  Tag=""  LevelType="0"  DoorPos="Left" BossDoor="False" />
		<GameObject Type="DoorObj" Name="unknown"  X="540"  Y="0"  Width="240"  Height="60"  ScaleX="1"  ScaleY="1"  Rotation="0"  Flip="False"  Tag=""  LevelType="0"  DoorPos="Top" BossDoor="False" />
		<GameObject Type="CollHullObj" Name="unknown"  X="780"  Y="240"  Width="270"  Height="120"  ScaleX="1"  ScaleY="1"  Rotation="0"  Flip="False"  Tag=""  LevelType="0"  CollidesTop="True" CollidesBottom="True" CollidesRight="True" CollidesLeft="True" />
		<GameObject Type="CollHullObj" Name="unknown"  X="120"  Y="420"  Width="420"  Height="240"  ScaleX="1"  ScaleY="1"  Rotation="0"  Flip="False"  Tag=""  LevelType="0"  CollidesTop="True" CollidesBottom="True" CollidesRight="True" CollidesLeft="True" />
		<GameObject Type="CollHullObj" Name="unknown"  X="360"  Y="240"  Width="180"  Height="180"  ScaleX="1"  ScaleY="1"  Rotation="0"  Flip="False"  Tag=""  LevelType="0"  CollidesTop="True" CollidesBottom="True" CollidesRight="True" CollidesLeft="True" />
		<GameObject Type="EnemyObj" Name="unknown"  X="3814"  Y="630"  Width="60"  Height="60"  ScaleX="1"  ScaleY="1"  Rotation="0"  Flip="True"  Tag="delay:2.07, speed:750"  LevelType="0"  EnemyType="17" Difficulty="BASIC" InitialDelay="0" Procedural="False" SpriteName="EnemyTurretFire_Character" />
		<GameObject Type="EnemyObj" Name="unknown"  X="3814"  Y="570"  Width="60"  Height="60"  ScaleX="1"  ScaleY="1"  Rotation="0"  Flip="True"  Tag="delay:2.68, speed:450"  LevelType="0"  EnemyType="17" Difficulty="BASIC" InitialDelay="0" Procedural="False" SpriteName="EnemyTurretFire_Character" />
		<GameObject Type="EnemyObj" Name="unknown"  X="3814"  Y="510"  Width="60"  Height="60"  ScaleX="1"  ScaleY="1"  Rotation="0"  Flip="True"  Tag="delay:1.77, speed:550"  LevelType="0"  EnemyType="17" Difficulty="BASIC" InitialDelay="0" Procedural="False" SpriteName="EnemyTurretFire_Character" />
		<GameObject Type="EnemyObj" Name="unknown"  X="3814"  Y="450"  Width="60"  Height="60"  ScaleX="1"  ScaleY="1"  Rotation="0"  Flip="True"  Tag="delay:3.72, speed:650"  LevelType="0"  EnemyType="17" Difficulty="BASIC" InitialDelay="0" Procedural="False" SpriteName="EnemyTurretFire_Character" />
		<GameObject Type="EnemyObj" Name="unknown"  X="3814"  Y="390"  Width="60"  Height="60"  ScaleX="1"  ScaleY="1"  Rotation="0"  Flip="True"  Tag="delay:3.18, speed:350"  LevelType="0"  EnemyType="17" Difficulty="BASIC" InitialDelay="0" Procedural="False" SpriteName="EnemyTurretFire_Character" />
		<GameObject Type="CollHullObj" Name="unknown"  X="3540"  Y="60"  Width="300"  Height="300"  ScaleX="1"  ScaleY="1"  Rotation="0"  Flip="False"  Tag=""  LevelType="0"  CollidesTop="True" CollidesBottom="True" CollidesRight="True" CollidesLeft="True" />
		<GameObject Type="CollHullObj" Name="unknown"  X="3300"  Y="240"  Width="240"  Height="60"  ScaleX="1"  ScaleY="1"  Rotation="0"  Flip="False"  Tag=""  LevelType="0"  CollidesTop="True" CollidesBottom="False" CollidesRight="False" CollidesLeft="False" />
		<GameObject Type="CollHullObj" Name="unknown"  X="3300"  Y="330"  Width="240"  Height="60"  ScaleX="1"  ScaleY="1"  Rotation="0"  Flip="False"  Tag=""  LevelType="0"  CollidesTop="True" CollidesBottom="False" CollidesRight="False" CollidesLeft="False" />
		<GameObject Type="BorderObj" Name="unknown"  X="3300"  Y="240"  Width="240"  Height="30"  ScaleX="1"  ScaleY="1"  Rotation="0"  Flip="False"  Tag=""  LevelType="0"  CollidesTop="True" CollidesBottom="False" CollidesRight="False" CollidesLeft="False" />
		<GameObject Type="BorderObj" Name="unknown"  X="3300"  Y="330"  Width="240"  Height="30"  ScaleX="1"  ScaleY="1"  Rotation="0"  Flip="False"  Tag=""  LevelType="0"  CollidesTop="True" CollidesBottom="False" CollidesRight="False" CollidesLeft="False" />
		<GameObject Type="CollHullObj" Name="unknown"  X="780"  Y="60"  Width="180"  Height="180"  ScaleX="1"  ScaleY="1"  Rotation="0"  Flip="False"  Tag=""  LevelType="0"  CollidesTop="True" CollidesBottom="True" CollidesRight="True" CollidesLeft="True" />
		<GameObject Type="CollHullObj" Name="unknown"  X="1230"  Y="240"  Width="2070"  Height="120"  ScaleX="1"  ScaleY="1"  Rotation="0"  Flip="False"  Tag=""  LevelType="0"  CollidesTop="True" CollidesBottom="True" CollidesRight="True" CollidesLeft="True" />
		<GameObject Type="CollHullObj" Name="unknown"  X="1050"  Y="240"  Width="180"  Height="120"  ScaleX="1"  ScaleY="1"  Rotation="0"  Flip="False"  Tag=""  LevelType="0"  CollidesTop="True" CollidesBottom="False" CollidesRight="False" CollidesLeft="False" />
		<GameObject Type="CollHullObj" Name="unknown"  X="1050"  Y="240"  Width="180"  Height="120"  ScaleX="1"  ScaleY="1"  Rotation="0"  Flip="False"  Tag=""  LevelType="0"  CollidesTop="False" CollidesBottom="True" CollidesRight="False" CollidesLeft="False" />
		<GameObject Type="BorderObj" Name="unknown"  X="1050"  Y="240"  Width="180"  Height="30"  ScaleX="1"  ScaleY="1"  Rotation="0"  Flip="False"  Tag=""  LevelType="0"  CollidesTop="True" CollidesBottom="False" CollidesRight="False" CollidesLeft="False" />
		<GameObject Type="CollHullObj" Name="unknown"  X="540"  Y="330"  Width="240"  Height="60"  ScaleX="1"  ScaleY="1"  Rotation="0"  Flip="False"  Tag=""  LevelType="0"  CollidesTop="True" CollidesBottom="False" CollidesRight="False" CollidesLeft="False" />
		<GameObject Type="CollHullObj" Name="unknown"  X="540"  Y="240"  Width="240"  Height="60"  ScaleX="1"  ScaleY="1"  Rotation="0"  Flip="False"  Tag=""  LevelType="0"  CollidesTop="True" CollidesBottom="False" CollidesRight="False" CollidesLeft="False" />
		<GameObject Type="BorderObj" Name="unknown"  X="540"  Y="240"  Width="240"  Height="30"  ScaleX="1"  ScaleY="1"  Rotation="0"  Flip="False"  Tag=""  LevelType="0"  CollidesTop="True" CollidesBottom="False" CollidesRight="False" CollidesLeft="False" />
		<GameObject Type="BorderObj" Name="unknown"  X="540"  Y="330"  Width="240"  Height="30"  ScaleX="1"  ScaleY="1"  Rotation="0"  Flip="False"  Tag=""  LevelType="0"  CollidesTop="True" CollidesBottom="False" CollidesRight="False" CollidesLeft="False" />
		<GameObject Type="BorderObj" Name="unknown"  X="120"  Y="0"  Width="420"  Height="60"  ScaleX="1"  ScaleY="1"  Rotation="0"  Flip="False"  Tag=""  LevelType="0"  CollidesTop="False" CollidesBottom="True" CollidesRight="False" CollidesLeft="False" />
		<GameObject Type="BorderObj" Name="unknown"  X="60"  Y="60"  Width="60"  Height="180"  ScaleX="1"  ScaleY="1"  Rotation="0"  Flip="False"  Tag=""  LevelType="0"  CollidesTop="False" CollidesBottom="False" CollidesRight="True" CollidesLeft="False" />
		<GameObject Type="BorderObj" Name="unknown"  X="120"  Y="420"  Width="240"  Height="60"  ScaleX="1"  ScaleY="1"  Rotation="0"  Flip="False"  Tag=""  LevelType="0"  CollidesTop="True" CollidesBottom="False" CollidesRight="False" CollidesLeft="False" />
		<GameObject Type="BorderObj" Name="unknown"  X="360"  Y="240"  Width="180"  Height="180"  ScaleX="1"  ScaleY="1"  Rotation="0"  Flip="False"  Tag=""  LevelType="0"  CollidesTop="True" CollidesBottom="False" CollidesRight="True" CollidesLeft="True" />
		<GameObject Type="BorderObj" Name="unknown"  X="480"  Y="420"  Width="60"  Height="240"  ScaleX="1"  ScaleY="1"  Rotation="0"  Flip="False"  Tag=""  LevelType="0"  CollidesTop="False" CollidesBottom="False" CollidesRight="True" CollidesLeft="False" />
		<GameObject Type="BorderObj" Name="unknown"  X="540"  Y="660"  Width="3300"  Height="60"  ScaleX="1"  ScaleY="1"  Rotation="0"  Flip="False"  Tag=""  LevelType="0"  CollidesTop="True" CollidesBottom="False" CollidesRight="False" CollidesLeft="False" />
		<GameObject Type="BorderObj" Name="unknown"  X="3840"  Y="360"  Width="60"  Height="300"  ScaleX="1"  ScaleY="1"  Rotation="0"  Flip="False"  Tag=""  LevelType="0"  CollidesTop="False" CollidesBottom="False" CollidesRight="False" CollidesLeft="True" />
		<GameObject Type="BorderObj" Name="unknown"  X="3540"  Y="60"  Width="300"  Height="300"  ScaleX="1"  ScaleY="1"  Rotation="0"  Flip="False"  Tag=""  LevelType="0"  CollidesTop="False" CollidesBottom="True" CollidesRight="False" CollidesLeft="True" />
		<GameObject Type="BorderObj" Name="unknown"  X="960"  Y="0"  Width="2580"  Height="60"  ScaleX="1"  ScaleY="1"  Rotation="0"  Flip="False"  Tag=""  LevelType="0"  CollidesTop="False" CollidesBottom="True" CollidesRight="False" CollidesLeft="False" />
		<GameObject Type="BorderObj" Name="unknown"  X="780"  Y="60"  Width="180"  Height="180"  ScaleX="1"  ScaleY="1"  Rotation="0"  Flip="False"  Tag=""  LevelType="0"  CollidesTop="False" CollidesBottom="False" CollidesRight="True" CollidesLeft="True" />
		<GameObject Type="BorderObj" Name="unknown"  X="780"  Y="240"  Width="180"  Height="120"  ScaleX="1"  ScaleY="1"  Rotation="0"  Flip="False"  Tag=""  LevelType="0"  CollidesTop="False" CollidesBottom="True" CollidesRight="False" CollidesLeft="True" />
		<GameObject Type="BorderObj" Name="unknown"  X="960"  Y="240"  Width="90"  Height="120"  ScaleX="1"  ScaleY="1"  Rotation="0"  Flip="False"  Tag=""  LevelType="0"  CollidesTop="True" CollidesBottom="True" CollidesRight="False" CollidesLeft="False" />
		<GameObject Type="BorderObj" Name="unknown"  X="1050"  Y="300"  Width="180"  Height="60"  ScaleX="1"  ScaleY="1"  Rotation="0"  Flip="False"  Tag=""  LevelType="0"  CollidesTop="False" CollidesBottom="True" CollidesRight="False" CollidesLeft="False" />
		<GameObject Type="BorderObj" Name="unknown"  X="1230"  Y="240"  Width="2070"  Height="120"  ScaleX="1"  ScaleY="1"  Rotation="0"  Flip="False"  Tag=""  LevelType="0"  CollidesTop="True" CollidesBottom="True" CollidesRight="True" CollidesLeft="False" />
		<GameObject Type="ChestObj" Name="unknown"  X="1560"  Y="180"  Width="60"  Height="60"  ScaleX="1"  ScaleY="1"  Rotation="0"  Flip="True"  Tag="9"  LevelType="0"  Fairy="True" />
		<GameObject Type="ChestObj" Name="unknown"  X="2460"  Y="180"  Width="60"  Height="60"  ScaleX="1"  ScaleY="1"  Rotation="0"  Flip="True"  Tag="9"  LevelType="0"  Fairy="True" />
		<GameObject Type="ObjContainer" Name="unknown"  X="960"  Y="360"  Width="60"  Height="60"  ScaleX="2"  ScaleY="2"  Rotation="0"  Flip="False"  Tag=""  LevelType="1"  BGLayer="True" Weighted="False" Collidable="False" Breakable="False" SpriteName="CastleBGPillar_Character" />
		<GameObject Type="ObjContainer" Name="unknown"  X="1140"  Y="360"  Width="60"  Height="60"  ScaleX="2"  ScaleY="2"  Rotation="0"  Flip="False"  Tag=""  LevelType="1"  BGLayer="True" Weighted="False" Collidable="False" Breakable="False" SpriteName="CastleBGPillar_Character" />
		<GameObject Type="ObjContainer" Name="unknown"  X="1320"  Y="360"  Width="60"  Height="60"  ScaleX="2"  ScaleY="2"  Rotation="0"  Flip="False"  Tag=""  LevelType="1"  BGLayer="True" Weighted="False" Collidable="False" Breakable="False" SpriteName="CastleBGPillar_Character" />
		<GameObject Type="ObjContainer" Name="unknown"  X="1500"  Y="360"  Width="60"  Height="60"  ScaleX="2"  ScaleY="2"  Rotation="0"  Flip="False"  Tag=""  LevelType="1"  BGLayer="True" Weighted="False" Collidable="False" Breakable="False" SpriteName="CastleBGPillar_Character" />
		<GameObject Type="ObjContainer" Name="unknown"  X="1680"  Y="360"  Width="60"  Height="60"  ScaleX="2"  ScaleY="2"  Rotation="0"  Flip="False"  Tag=""  LevelType="1"  BGLayer="True" Weighted="False" Collidable="False" Breakable="False" SpriteName="CastleBGPillar_Character" />
		<GameObject Type="ObjContainer" Name="unknown"  X="1860"  Y="360"  Width="60"  Height="60"  ScaleX="2"  ScaleY="2"  Rotation="0"  Flip="False"  Tag=""  LevelType="1"  BGLayer="True" Weighted="False" Collidable="False" Breakable="False" SpriteName="CastleBGPillar_Character" />
		<GameObject Type="ObjContainer" Name="unknown"  X="2040"  Y="360"  Width="60"  Height="60"  ScaleX="2"  ScaleY="2"  Rotation="0"  Flip="False"  Tag=""  LevelType="1"  BGLayer="True" Weighted="False" Collidable="False" Breakable="False" SpriteName="CastleBGPillar_Character" />
		<GameObject Type="ObjContainer" Name="unknown"  X="2220"  Y="360"  Width="60"  Height="60"  ScaleX="2"  ScaleY="2"  Rotation="0"  Flip="False"  Tag=""  LevelType="1"  BGLayer="True" Weighted="False" Collidable="False" Breakable="False" SpriteName="CastleBGPillar_Character" />
		<GameObject Type="ObjContainer" Name="unknown"  X="2400"  Y="360"  Width="60"  Height="60"  ScaleX="2"  ScaleY="2"  Rotation="0"  Flip="False"  Tag=""  LevelType="1"  BGLayer="True" Weighted="False" Collidable="False" Breakable="False" SpriteName="CastleBGPillar_Character" />
		<GameObject Type="ObjContainer" Name="unknown"  X="2580"  Y="360"  Width="60"  Height="60"  ScaleX="2"  ScaleY="2"  Rotation="0"  Flip="False"  Tag=""  LevelType="1"  BGLayer="True" Weighted="False" Collidable="False" Breakable="False" SpriteName="CastleBGPillar_Character" />
		<GameObject Type="ObjContainer" Name="unknown"  X="2760"  Y="360"  Width="60"  Height="60"  ScaleX="2"  ScaleY="2"  Rotation="0"  Flip="False"  Tag=""  LevelType="1"  BGLayer="True" Weighted="False" Collidable="False" Breakable="False" SpriteName="CastleBGPillar_Character" />
		<GameObject Type="ObjContainer" Name="unknown"  X="2940"  Y="360"  Width="60"  Height="60"  ScaleX="2"  ScaleY="2"  Rotation="0"  Flip="False"  Tag=""  LevelType="1"  BGLayer="True" Weighted="False" Collidable="False" Breakable="False" SpriteName="CastleBGPillar_Character" />
		<GameObject Type="ObjContainer" Name="unknown"  X="3120"  Y="360"  Width="60"  Height="60"  ScaleX="2"  ScaleY="2"  Rotation="0"  Flip="False"  Tag=""  LevelType="1"  BGLayer="True" Weighted="False" Collidable="False" Breakable="False" SpriteName="CastleBGPillar_Character" />
		<GameObject Type="ObjContainer" Name="unknown"  X="3660"  Y="360"  Width="60"  Height="60"  ScaleX="2"  ScaleY="2"  Rotation="0"  Flip="False"  Tag=""  LevelType="1"  BGLayer="True" Weighted="False" Collidable="False" Breakable="False" SpriteName="CastleBGPillar_Character" />
		<GameObject Type="ObjContainer" Name="unknown"  X="960"  Y="450"  Width="60"  Height="60"  ScaleX="2"  ScaleY="2"  Rotation="0"  Flip="False"  Tag=""  LevelType="1"  BGLayer="False" Weighted="False" Collidable="False" Breakable="False" SpriteName="CastleAssetBackTorch_Character" />
		<GameObject Type="ObjContainer" Name="unknown"  X="1320"  Y="450"  Width="60"  Height="60"  ScaleX="2"  ScaleY="2"  Rotation="0"  Flip="False"  Tag=""  LevelType="1"  BGLayer="False" Weighted="False" Collidable="False" Breakable="False" SpriteName="CastleAssetBackTorch_Character" />
		<GameObject Type="ObjContainer" Name="unknown"  X="1680"  Y="450"  Width="60"  Height="60"  ScaleX="2"  ScaleY="2"  Rotation="0"  Flip="False"  Tag=""  LevelType="1"  BGLayer="False" Weighted="False" Collidable="False" Breakable="False" SpriteName="CastleAssetBackTorch_Character" />
		<GameObject Type="ObjContainer" Name="unknown"  X="2040"  Y="450"  Width="60"  Height="60"  ScaleX="2"  ScaleY="2"  Rotation="0"  Flip="False"  Tag=""  LevelType="1"  BGLayer="False" Weighted="False" Collidable="False" Breakable="False" SpriteName="CastleAssetBackTorch_Character" />
		<GameObject Type="ObjContainer" Name="unknown"  X="2400"  Y="450"  Width="60"  Height="60"  ScaleX="2"  ScaleY="2"  Rotation="0"  Flip="False"  Tag=""  LevelType="1"  BGLayer="False" Weighted="False" Collidable="False" Breakable="False" SpriteName="CastleAssetBackTorch_Character" />
		<GameObject Type="ObjContainer" Name="unknown"  X="2760"  Y="450"  Width="60"  Height="60"  ScaleX="2"  ScaleY="2"  Rotation="0"  Flip="False"  Tag=""  LevelType="1"  BGLayer="False" Weighted="False" Collidable="False" Breakable="False" SpriteName="CastleAssetBackTorch_Character" />
		<GameObject Type="ObjContainer" Name="unknown"  X="3120"  Y="450"  Width="60"  Height="60"  ScaleX="2"  ScaleY="2"  Rotation="0"  Flip="False"  Tag=""  LevelType="1"  BGLayer="False" Weighted="False" Collidable="False" Breakable="False" SpriteName="CastleAssetBackTorch_Character" />
		<GameObject Type="ObjContainer" Name="unknown"  X="3660"  Y="450"  Width="60"  Height="60"  ScaleX="2"  ScaleY="2"  Rotation="0"  Flip="False"  Tag=""  LevelType="1"  BGLayer="False" Weighted="False" Collidable="False" Breakable="False" SpriteName="CastleAssetBackTorch_Character" />
		<GameObject Type="ObjContainer" Name="unknown"  X="1140"  Y="660"  Width="60"  Height="60"  ScaleX="2"  ScaleY="2"  Rotation="0"  Flip="True"  Tag=""  LevelType="1"  BGLayer="False" Weighted="False" Collidable="False" Breakable="False" SpriteName="CastleAssetFireplace_Character" />
		<GameObject Type="ObjContainer" Name="unknown"  X="1500"  Y="660"  Width="60"  Height="60"  ScaleX="2"  ScaleY="2"  Rotation="0"  Flip="False"  Tag=""  LevelType="1"  BGLayer="False" Weighted="False" Collidable="False" Breakable="False" SpriteName="CastleAssetFireplace_Character" />
		<GameObject Type="ObjContainer" Name="unknown"  X="1860"  Y="660"  Width="60"  Height="60"  ScaleX="2"  ScaleY="2"  Rotation="0"  Flip="False"  Tag=""  LevelType="1"  BGLayer="False" Weighted="False" Collidable="False" Breakable="False" SpriteName="CastleAssetFireplace_Character" />
		<GameObject Type="ObjContainer" Name="unknown"  X="2220"  Y="660"  Width="60"  Height="60"  ScaleX="2"  ScaleY="2"  Rotation="0"  Flip="True"  Tag=""  LevelType="1"  BGLayer="False" Weighted="False" Collidable="False" Breakable="False" SpriteName="CastleAssetFireplace_Character" />
		<GameObject Type="ObjContainer" Name="unknown"  X="2580"  Y="660"  Width="60"  Height="60"  ScaleX="2"  ScaleY="2"  Rotation="0"  Flip="False"  Tag=""  LevelType="1"  BGLayer="False" Weighted="False" Collidable="False" Breakable="False" SpriteName="CastleAssetFireplace_Character" />
		<GameObject Type="ObjContainer" Name="unknown"  X="2940"  Y="660"  Width="60"  Height="60"  ScaleX="2"  ScaleY="2"  Rotation="0"  Flip="True"  Tag=""  LevelType="1"  BGLayer="False" Weighted="False" Collidable="False" Breakable="False" SpriteName="CastleAssetFireplace_Character" />
		<GameObject Type="SpriteObj" Name="unknown"  X="735"  Y="510"  Width="60"  Height="60"  ScaleX="2"  ScaleY="2"  Rotation="0"  Flip="False"  Tag=""  LevelType="1"  BGLayer="True" SpriteName="CastleAssetWindow1_Sprite" />
		<GameObject Type="SpriteObj" Name="unknown"  X="3390"  Y="510"  Width="60"  Height="60"  ScaleX="2"  ScaleY="2"  Rotation="0"  Flip="True"  Tag=""  LevelType="1"  BGLayer="True" SpriteName="CastleAssetWindow1_Sprite" />
		<GameObject Type="SpriteObj" Name="unknown"  X="240"  Y="270"  Width="60"  Height="60"  ScaleX="2"  ScaleY="2"  Rotation="0"  Flip="False"  Tag=""  LevelType="1"  BGLayer="True" SpriteName="CastleAssetWindow2_Sprite" />
		<GameObject Type="PhysicsObjContainer" Name="unknown"  X="240"  Y="60"  Width="60"  Height="60"  ScaleX="2"  ScaleY="2"  Rotation="0"  Flip="False"  Tag=""  LevelType="1"  BGLayer="False" Weighted="False" Collidable="False" Breakable="True" SpriteName="CastleAssetChandelier1_Character" />
		<GameObject Type="PhysicsObjContainer" Name="unknown"  X="645"  Y="660"  Width="60"  Height="60"  ScaleX="2"  ScaleY="2"  Rotation="0"  Flip="False"  Tag=""  LevelType="1"  BGLayer="False" Weighted="False" Collidable="False" Breakable="True" SpriteName="CastleAssetCandle1_Character" />
		<GameObject Type="PhysicsObjContainer" Name="unknown"  X="825"  Y="660"  Width="60"  Height="60"  ScaleX="2"  ScaleY="2"  Rotation="0"  Flip="True"  Tag=""  LevelType="1"  BGLayer="False" Weighted="False" Collidable="False" Breakable="True" SpriteName="CastleAssetCandle1_Character" />
		<GameObject Type="PhysicsObjContainer" Name="unknown"  X="3210"  Y="660"  Width="60"  Height="60"  ScaleX="2"  ScaleY="2"  Rotation="0"  Flip="False"  Tag=""  LevelType="1"  BGLayer="False" Weighted="False" Collidable="False" Breakable="True" SpriteName="CastleAssetCandle2_Character" />
		<GameObject Type="PhysicsObjContainer" Name="unknown"  X="3300"  Y="660"  Width="60"  Height="60"  ScaleX="2"  ScaleY="2"  Rotation="0"  Flip="False"  Tag=""  LevelType="1"  BGLayer="False" Weighted="False" Collidable="False" Breakable="True" SpriteName="CastleAssetCandle1_Character" />
		<GameObject Type="PhysicsObjContainer" Name="unknown"  X="3480"  Y="660"  Width="60"  Height="60"  ScaleX="2"  ScaleY="2"  Rotation="0"  Flip="True"  Tag=""  LevelType="1"  BGLayer="False" Weighted="False" Collidable="False" Breakable="True" SpriteName="CastleAssetCandle1_Character" />
		<GameObject Type="PhysicsObjContainer" Name="unknown"  X="3570"  Y="660"  Width="60"  Height="60"  ScaleX="2"  ScaleY="2"  Rotation="0"  Flip="True"  Tag=""  LevelType="1"  BGLayer="False" Weighted="False" Collidable="False" Breakable="True" SpriteName="CastleAssetCandle2_Character" />
		<GameObject Type="PhysicsObjContainer" Name="unknown"  X="510"  Y="240"  Width="60"  Height="60"  ScaleX="2"  ScaleY="2"  Rotation="0"  Flip="False"  Tag=""  LevelType="1"  BGLayer="False" Weighted="True" Collidable="False" Breakable="True" SpriteName="BreakableBarrel1_Character" />
		<GameObject Type="PhysicsObjContainer" Name="unknown"  X="570"  Y="240"  Width="60"  Height="60"  ScaleX="2"  ScaleY="2"  Rotation="0"  Flip="False"  Tag=""  LevelType="1"  BGLayer="False" Weighted="True" Collidable="False" Breakable="True" SpriteName="BreakableBarrel1_Character" />
		<GameObject Type="ObjContainer" Name="unknown"  X="960"  Y="150"  Width="60"  Height="60"  ScaleX="2"  ScaleY="2"  Rotation="0"  Flip="False"  Tag=""  LevelType="1"  BGLayer="False" Weighted="False" Collidable="False" Breakable="False" SpriteName="CastleAssetSideTorch_Character" />
		<GameObject Type="ObjContainer" Name="unknown"  X="3540"  Y="150"  Width="60"  Height="60"  ScaleX="2"  ScaleY="2"  Rotation="0"  Flip="True"  Tag=""  LevelType="1"  BGLayer="False" Weighted="False" Collidable="False" Breakable="False" SpriteName="CastleAssetSideTorch_Character" />
		<GameObject Type="ObjContainer" Name="unknown"  X="780"  Y="150"  Width="60"  Height="60"  ScaleX="2"  ScaleY="2"  Rotation="0"  Flip="True"  Tag=""  LevelType="1"  BGLayer="False" Weighted="False" Collidable="False" Breakable="False" SpriteName="CastleAssetSideTorch_Character" />
		<GameObject Type="PhysicsObjContainer" Name="unknown"  X="1140"  Y="240"  Width="60"  Height="60"  ScaleX="2"  ScaleY="2"  Rotation="0"  Flip="True"  Tag=""  LevelType="1"  BGLayer="False" Weighted="False" Collidable="False" Breakable="True" SpriteName="CastleAssetCandle2_Character" />
		<GameObject Type="PhysicsObjContainer" Name="unknown"  X="2130"  Y="240"  Width="60"  Height="60"  ScaleX="2"  ScaleY="2"  Rotation="0"  Flip="True"  Tag=""  LevelType="1"  BGLayer="False" Weighted="False" Collidable="False" Breakable="True" SpriteName="CastleAssetCandle1_Character" />
		<GameObject Type="PhysicsObjContainer" Name="unknown"  X="2880"  Y="240"  Width="60"  Height="60"  ScaleX="2"  ScaleY="2"  Rotation="0"  Flip="False"  Tag=""  LevelType="1"  BGLayer="False" Weighted="False" Collidable="False" Breakable="True" SpriteName="CastleAssetCandle1_Character" />
		<GameObject Type="PhysicsObjContainer" Name="unknown"  X="3360"  Y="240"  Width="60"  Height="60"  ScaleX="2"  ScaleY="2"  Rotation="0"  Flip="False"  Tag=""  LevelType="1"  BGLayer="False" Weighted="False" Collidable="False" Breakable="True" SpriteName="CastleAssetCandle2_Character" />
		<GameObject Type="PhysicsObj" Name="unknown"  X="1350"  Y="240"  Width="60"  Height="60"  ScaleX="2"  ScaleY="2"  Rotation="0"  Flip="True"  Tag=""  LevelType="1"  SpriteName="CastleAssetBookCase2_Sprite"  BGLayer="True"  Weighted="False" Collidable="True" />
		<GameObject Type="PhysicsObj" Name="unknown"  X="1830"  Y="240"  Width="60"  Height="60"  ScaleX="2"  ScaleY="2"  Rotation="0"  Flip="False"  Tag=""  LevelType="1"  SpriteName="CastleAssetBookCase3_Sprite"  BGLayer="True"  Weighted="False" Collidable="True" />
		<GameObject Type="PhysicsObj" Name="unknown"  X="1950"  Y="240"  Width="60"  Height="60"  ScaleX="2"  ScaleY="2"  Rotation="0"  Flip="True"  Tag=""  LevelType="1"  SpriteName="CastleAssetBookCase2_Sprite"  BGLayer="True"  Weighted="False" Collidable="True" />
		<GameObject Type="PhysicsObj" Name="unknown"  X="2310"  Y="240"  Width="60"  Height="60"  ScaleX="2"  ScaleY="2"  Rotation="0"  Flip="False"  Tag=""  LevelType="1"  SpriteName="CastleAssetBookcase_Sprite"  BGLayer="True"  Weighted="False" Collidable="True" />
		<GameObject Type="PhysicsObj" Name="unknown"  X="2700"  Y="240"  Width="60"  Height="60"  ScaleX="2"  ScaleY="2"  Rotation="0"  Flip="False"  Tag=""  LevelType="1"  SpriteName="CastleAssetBookCase3_Sprite"  BGLayer="True"  Weighted="False" Collidable="True" />
		<GameObject Type="PhysicsObj" Name="unknown"  X="3030"  Y="240"  Width="60"  Height="60"  ScaleX="2"  ScaleY="2"  Rotation="0"  Flip="True"  Tag=""  LevelType="1"  SpriteName="CastleAssetBookcase_Sprite"  BGLayer="True"  Weighted="False" Collidable="True" />
		<GameObject Type="PhysicsObj" Name="unknown"  X="3180"  Y="240"  Width="60"  Height="60"  ScaleX="2"  ScaleY="2"  Rotation="0"  Flip="False"  Tag=""  LevelType="1"  SpriteName="CastleAssetBookCase2_Sprite"  BGLayer="True"  Weighted="False" Collidable="True" />
	</RoomObject>
</Map>