﻿<?xml version="1.0" encoding="utf-8"?>
<Map>
	<Spritesheet Name="startingRoomSpritesheet" />
	<Spritesheet Name="castleTerrainSpritesheet" />
	<Spritesheet Name="dungeonTerrainSpritesheet" />
	<Spritesheet Name="towerTerrainSpritesheet" />
	<Spritesheet Name="gardenTerrainSpritesheet" />
	<RoomObject Name="Bonus" X="0" Y="0" Width="1320" Height="1440" ScaleX="1" ScaleY="1" Tag="10" SelectionMode="0" DisplayBG="False" CastlePool="True" GardenPool="True" TowerPool="True" DungeonPool="True">
		<GameObject Type="CollHullObj" Name="unknown"  X="0"  Y="0"  Width="120"  Height="240"  ScaleX="1"  ScaleY="1"  Rotation="0"  Flip="False"  Tag=""  LevelType="0"  CollidesTop="True" CollidesBottom="True" CollidesRight="True" CollidesLeft="True" />
		<GameObject Type="CollHullObj" Name="unknown"  X="0"  Y="240"  Width="120"  Height="1200"  ScaleX="1"  ScaleY="1"  Rotation="0"  Flip="False"  Tag=""  LevelType="0"  CollidesTop="True" CollidesBottom="True" CollidesRight="True" CollidesLeft="True" />
		<GameObject Type="CollHullObj" Name="unknown"  X="300"  Y="900"  Width="90"  Height="330"  ScaleX="1"  ScaleY="1"  Rotation="0"  Flip="False"  Tag=""  LevelType="0"  CollidesTop="True" CollidesBottom="True" CollidesRight="True" CollidesLeft="True" />
		<GameObject Type="CollHullObj" Name="unknown"  X="1200"  Y="0"  Width="120"  Height="1440"  ScaleX="1"  ScaleY="1"  Rotation="0"  Flip="False"  Tag=""  LevelType="0"  CollidesTop="True" CollidesBottom="True" CollidesRight="True" CollidesLeft="True" />
		<GameObject Type="CollHullObj" Name="unknown"  X="120"  Y="0"  Width="420"  Height="240"  ScaleX="1"  ScaleY="1"  Rotation="0"  Flip="False"  Tag=""  LevelType="0"  CollidesTop="True" CollidesBottom="True" CollidesRight="True" CollidesLeft="True" />
		<GameObject Type="CollHullObj" Name="unknown"  X="600"  Y="420"  Width="180"  Height="120"  ScaleX="1"  ScaleY="1"  Rotation="0"  Flip="False"  Tag=""  LevelType="0"  CollidesTop="True" CollidesBottom="False" CollidesRight="False" CollidesLeft="False" />
		<GameObject Type="CollHullObj" Name="unknown"  X="600"  Y="420"  Width="180"  Height="120"  ScaleX="1"  ScaleY="1"  Rotation="0"  Flip="False"  Tag=""  LevelType="0"  CollidesTop="False" CollidesBottom="True" CollidesRight="False" CollidesLeft="False" />
		<GameObject Type="CollHullObj" Name="unknown"  X="1020"  Y="780"  Width="180"  Height="450"  ScaleX="1"  ScaleY="1"  Rotation="0"  Flip="False"  Tag=""  LevelType="0"  CollidesTop="True" CollidesBottom="False" CollidesRight="False" CollidesLeft="False" />
		<GameObject Type="CollHullObj" Name="unknown"  X="1020"  Y="780"  Width="180"  Height="450"  ScaleX="1"  ScaleY="1"  Rotation="0"  Flip="False"  Tag=""  LevelType="0"  CollidesTop="False" CollidesBottom="True" CollidesRight="False" CollidesLeft="False" />
		<GameObject Type="CollHullObj" Name="unknown"  X="390"  Y="900"  Width="570"  Height="120"  ScaleX="1"  ScaleY="1"  Rotation="0"  Flip="False"  Tag=""  LevelType="0"  CollidesTop="True" CollidesBottom="True" CollidesRight="True" CollidesLeft="True" />
		<GameObject Type="CollHullObj" Name="unknown"  X="960"  Y="780"  Width="60"  Height="240"  ScaleX="1"  ScaleY="1"  Rotation="0"  Flip="False"  Tag=""  LevelType="0"  CollidesTop="True" CollidesBottom="True" CollidesRight="True" CollidesLeft="True" />
		<GameObject Type="CollHullObj" Name="unknown"  X="120"  Y="1380"  Width="1080"  Height="60"  ScaleX="1"  ScaleY="1"  Rotation="0"  Flip="False"  Tag=""  LevelType="0"  CollidesTop="True" CollidesBottom="True" CollidesRight="True" CollidesLeft="True" />
		<GameObject Type="CollHullObj" Name="unknown"  X="120"  Y="900"  Width="180"  Height="60"  ScaleX="1"  ScaleY="1"  Rotation="0"  Flip="False"  Tag=""  LevelType="0"  CollidesTop="True" CollidesBottom="False" CollidesRight="False" CollidesLeft="False" />
		<GameObject Type="BorderObj" Name="unknown"  X="120"  Y="900"  Width="180"  Height="30"  ScaleX="1"  ScaleY="1"  Rotation="0"  Flip="False"  Tag=""  LevelType="0"  CollidesTop="True" CollidesBottom="False" CollidesRight="False" CollidesLeft="False" />
		<GameObject Type="DoorObj" Name="unknown"  X="540"  Y="0"  Width="240"  Height="60"  ScaleX="1"  ScaleY="1"  Rotation="0"  Flip="False"  Tag=""  LevelType="0"  DoorPos="Top" BossDoor="False" />
		<GameObject Type="CollHullObj" Name="unknown"  X="780"  Y="0"  Width="180"  Height="480"  ScaleX="1"  ScaleY="1"  Rotation="0"  Flip="False"  Tag=""  LevelType="0"  CollidesTop="True" CollidesBottom="True" CollidesRight="True" CollidesLeft="True" />
		<GameObject Type="CollHullObj" Name="unknown"  X="570"  Y="1170"  Width="180"  Height="60"  ScaleX="1"  ScaleY="1"  Rotation="0"  Flip="False"  Tag=""  LevelType="0"  CollidesTop="True" CollidesBottom="True" CollidesRight="True" CollidesLeft="True" />
		<GameObject Type="CollHullObj" Name="unknown"  X="120"  Y="1140"  Width="180"  Height="60"  ScaleX="1"  ScaleY="1"  Rotation="0"  Flip="False"  Tag=""  LevelType="0"  CollidesTop="True" CollidesBottom="False" CollidesRight="False" CollidesLeft="False" />
		<GameObject Type="BorderObj" Name="unknown"  X="120"  Y="1140"  Width="180"  Height="30"  ScaleX="1"  ScaleY="1"  Rotation="0"  Flip="False"  Tag=""  LevelType="0"  CollidesTop="True" CollidesBottom="False" CollidesRight="False" CollidesLeft="False" />
		<GameObject Type="CollHullObj" Name="unknown"  X="120"  Y="660"  Width="180"  Height="60"  ScaleX="1"  ScaleY="1"  Rotation="0"  Flip="False"  Tag=""  LevelType="0"  CollidesTop="True" CollidesBottom="False" CollidesRight="False" CollidesLeft="False" />
		<GameObject Type="CollHullObj" Name="unknown"  X="120"  Y="420"  Width="180"  Height="60"  ScaleX="1"  ScaleY="1"  Rotation="0"  Flip="False"  Tag=""  LevelType="0"  CollidesTop="True" CollidesBottom="False" CollidesRight="False" CollidesLeft="False" />
		<GameObject Type="BorderObj" Name="unknown"  X="120"  Y="660"  Width="180"  Height="30"  ScaleX="1"  ScaleY="1"  Rotation="0"  Flip="False"  Tag=""  LevelType="0"  CollidesTop="True" CollidesBottom="False" CollidesRight="False" CollidesLeft="False" />
		<GameObject Type="BorderObj" Name="unknown"  X="120"  Y="420"  Width="180"  Height="30"  ScaleX="1"  ScaleY="1"  Rotation="0"  Flip="False"  Tag=""  LevelType="0"  CollidesTop="True" CollidesBottom="False" CollidesRight="False" CollidesLeft="False" />
		<GameObject Type="CollHullObj" Name="unknown"  X="300"  Y="420"  Width="150"  Height="480"  ScaleX="1"  ScaleY="1"  Rotation="0"  Flip="False"  Tag=""  LevelType="0"  CollidesTop="True" CollidesBottom="True" CollidesRight="True" CollidesLeft="True" />
		<GameObject Type="CollHullObj" Name="unknown"  X="450"  Y="420"  Width="150"  Height="300"  ScaleX="1"  ScaleY="1"  Rotation="0"  Flip="False"  Tag=""  LevelType="0"  CollidesTop="True" CollidesBottom="True" CollidesRight="True" CollidesLeft="True" />
		<GameObject Type="CollHullObj" Name="unknown"  X="780"  Y="480"  Width="180"  Height="120"  ScaleX="1"  ScaleY="1"  Rotation="0"  Flip="False"  Tag=""  LevelType="0"  CollidesTop="True" CollidesBottom="True" CollidesRight="True" CollidesLeft="True" />
		<GameObject Type="CollHullObj" Name="unknown"  X="930"  Y="1020"  Width="90"  Height="210"  ScaleX="1"  ScaleY="1"  Rotation="0"  Flip="False"  Tag=""  LevelType="0"  CollidesTop="True" CollidesBottom="True" CollidesRight="True" CollidesLeft="True" />
		<GameObject Type="EnemyObj" Name="unknown"  X="990"  Y="506"  Width="60"  Height="60"  ScaleX="1"  ScaleY="1"  Rotation="90"  Flip="False"  Tag="delay:15, speed:250"  LevelType="0"  EnemyType="17" Difficulty="BASIC" InitialDelay="0" Procedural="False" SpriteName="EnemyTurretFire_Character" />
		<GameObject Type="EnemyObj" Name="unknown"  X="1050"  Y="506"  Width="60"  Height="60"  ScaleX="1"  ScaleY="1"  Rotation="90"  Flip="False"  Tag="delay:15, speed:250"  LevelType="0"  EnemyType="17" Difficulty="BASIC" InitialDelay="0" Procedural="False" SpriteName="EnemyTurretFire_Character" />
		<GameObject Type="EnemyObj" Name="unknown"  X="1110"  Y="506"  Width="60"  Height="60"  ScaleX="1"  ScaleY="1"  Rotation="90"  Flip="False"  Tag="delay:15, speed:250"  LevelType="0"  EnemyType="17" Difficulty="BASIC" InitialDelay="0" Procedural="False" SpriteName="EnemyTurretFire_Character" />
		<GameObject Type="EnemyObj" Name="unknown"  X="1170"  Y="506"  Width="60"  Height="60"  ScaleX="1"  ScaleY="1"  Rotation="90"  Flip="False"  Tag="delay:15, speed:250"  LevelType="0"  EnemyType="17" Difficulty="BASIC" InitialDelay="0" Procedural="False" SpriteName="EnemyTurretFire_Character" />
		<GameObject Type="CollHullObj" Name="unknown"  X="540"  Y="180"  Width="240"  Height="60"  ScaleX="1"  ScaleY="1"  Rotation="0"  Flip="False"  Tag=""  LevelType="0"  CollidesTop="True" CollidesBottom="False" CollidesRight="False" CollidesLeft="False" />
		<GameObject Type="BorderObj" Name="unknown"  X="540"  Y="180"  Width="240"  Height="30"  ScaleX="1"  ScaleY="1"  Rotation="0"  Flip="False"  Tag=""  LevelType="0"  CollidesTop="True" CollidesBottom="False" CollidesRight="False" CollidesLeft="False" />
		<GameObject Type="EnemyObj" Name="unknown"  X="990"  Y="416"  Width="60"  Height="60"  ScaleX="1"  ScaleY="1"  Rotation="90"  Flip="False"  Tag="delay:15, speed:250"  LevelType="0"  EnemyType="17" Difficulty="BASIC" InitialDelay="1" Procedural="False" SpriteName="EnemyTurretFire_Character" />
		<GameObject Type="EnemyObj" Name="unknown"  X="1050"  Y="416"  Width="60"  Height="60"  ScaleX="1"  ScaleY="1"  Rotation="90"  Flip="False"  Tag="delay:15, speed:250"  LevelType="0"  EnemyType="17" Difficulty="BASIC" InitialDelay="1" Procedural="False" SpriteName="EnemyTurretFire_Character" />
		<GameObject Type="EnemyObj" Name="unknown"  X="1110"  Y="416"  Width="60"  Height="60"  ScaleX="1"  ScaleY="1"  Rotation="90"  Flip="False"  Tag="delay:15, speed:250"  LevelType="0"  EnemyType="17" Difficulty="BASIC" InitialDelay="1" Procedural="False" SpriteName="EnemyTurretFire_Character" />
		<GameObject Type="EnemyObj" Name="unknown"  X="1170"  Y="416"  Width="60"  Height="60"  ScaleX="1"  ScaleY="1"  Rotation="90"  Flip="False"  Tag="delay:15, speed:250"  LevelType="0"  EnemyType="17" Difficulty="BASIC" InitialDelay="1" Procedural="False" SpriteName="EnemyTurretFire_Character" />
		<GameObject Type="EnemyObj" Name="unknown"  X="990"  Y="326"  Width="60"  Height="60"  ScaleX="1"  ScaleY="1"  Rotation="90"  Flip="False"  Tag="delay:15, speed:250"  LevelType="0"  EnemyType="17" Difficulty="BASIC" InitialDelay="2" Procedural="False" SpriteName="EnemyTurretFire_Character" />
		<GameObject Type="EnemyObj" Name="unknown"  X="1050"  Y="326"  Width="60"  Height="60"  ScaleX="1"  ScaleY="1"  Rotation="90"  Flip="False"  Tag="delay:15, speed:250"  LevelType="0"  EnemyType="17" Difficulty="BASIC" InitialDelay="2" Procedural="False" SpriteName="EnemyTurretFire_Character" />
		<GameObject Type="EnemyObj" Name="unknown"  X="1110"  Y="326"  Width="60"  Height="60"  ScaleX="1"  ScaleY="1"  Rotation="90"  Flip="False"  Tag="delay:15, speed:250"  LevelType="0"  EnemyType="17" Difficulty="BASIC" InitialDelay="2" Procedural="False" SpriteName="EnemyTurretFire_Character" />
		<GameObject Type="EnemyObj" Name="unknown"  X="1170"  Y="326"  Width="60"  Height="60"  ScaleX="1"  ScaleY="1"  Rotation="90"  Flip="False"  Tag="delay:15, speed:250"  LevelType="0"  EnemyType="17" Difficulty="BASIC" InitialDelay="2" Procedural="False" SpriteName="EnemyTurretFire_Character" />
		<GameObject Type="EnemyObj" Name="unknown"  X="990"  Y="236"  Width="60"  Height="60"  ScaleX="1"  ScaleY="1"  Rotation="90"  Flip="False"  Tag="delay:15, speed:250"  LevelType="0"  EnemyType="17" Difficulty="BASIC" InitialDelay="3" Procedural="False" SpriteName="EnemyTurretFire_Character" />
		<GameObject Type="EnemyObj" Name="unknown"  X="1050"  Y="236"  Width="60"  Height="60"  ScaleX="1"  ScaleY="1"  Rotation="90"  Flip="False"  Tag="delay:15, speed:250"  LevelType="0"  EnemyType="17" Difficulty="BASIC" InitialDelay="3" Procedural="False" SpriteName="EnemyTurretFire_Character" />
		<GameObject Type="EnemyObj" Name="unknown"  X="1110"  Y="236"  Width="60"  Height="60"  ScaleX="1"  ScaleY="1"  Rotation="90"  Flip="False"  Tag="delay:15, speed:250"  LevelType="0"  EnemyType="17" Difficulty="BASIC" InitialDelay="3" Procedural="False" SpriteName="EnemyTurretFire_Character" />
		<GameObject Type="EnemyObj" Name="unknown"  X="1170"  Y="236"  Width="60"  Height="60"  ScaleX="1"  ScaleY="1"  Rotation="90"  Flip="False"  Tag="delay:15, speed:250"  LevelType="0"  EnemyType="17" Difficulty="BASIC" InitialDelay="3" Procedural="False" SpriteName="EnemyTurretFire_Character" />
		<GameObject Type="EnemyObj" Name="unknown"  X="990"  Y="146"  Width="60"  Height="60"  ScaleX="1"  ScaleY="1"  Rotation="90"  Flip="False"  Tag="delay:15, speed:250"  LevelType="0"  EnemyType="17" Difficulty="BASIC" InitialDelay="4" Procedural="False" SpriteName="EnemyTurretFire_Character" />
		<GameObject Type="EnemyObj" Name="unknown"  X="1050"  Y="146"  Width="60"  Height="60"  ScaleX="1"  ScaleY="1"  Rotation="90"  Flip="False"  Tag="delay:15, speed:250"  LevelType="0"  EnemyType="17" Difficulty="BASIC" InitialDelay="4" Procedural="False" SpriteName="EnemyTurretFire_Character" />
		<GameObject Type="EnemyObj" Name="unknown"  X="1110"  Y="146"  Width="60"  Height="60"  ScaleX="1"  ScaleY="1"  Rotation="90"  Flip="False"  Tag="delay:15, speed:250"  LevelType="0"  EnemyType="17" Difficulty="BASIC" InitialDelay="4" Procedural="False" SpriteName="EnemyTurretFire_Character" />
		<GameObject Type="EnemyObj" Name="unknown"  X="1170"  Y="146"  Width="60"  Height="60"  ScaleX="1"  ScaleY="1"  Rotation="90"  Flip="False"  Tag="delay:15, speed:250"  LevelType="0"  EnemyType="17" Difficulty="BASIC" InitialDelay="4" Procedural="False" SpriteName="EnemyTurretFire_Character" />
		<GameObject Type="CollHullObj" Name="unknown"  X="960"  Y="0"  Width="240"  Height="120"  ScaleX="1"  ScaleY="1"  Rotation="0"  Flip="False"  Tag=""  LevelType="0"  CollidesTop="True" CollidesBottom="True" CollidesRight="True" CollidesLeft="True" />
		<GameObject Type="CollHullObj" Name="unknown"  X="960"  Y="150"  Width="240"  Height="60"  ScaleX="1"  ScaleY="1"  Rotation="0"  Flip="False"  Tag=""  LevelType="0"  CollidesTop="False" CollidesBottom="False" CollidesRight="False" CollidesLeft="False" />
		<GameObject Type="CollHullObj" Name="unknown"  X="960"  Y="240"  Width="240"  Height="60"  ScaleX="1"  ScaleY="1"  Rotation="0"  Flip="False"  Tag=""  LevelType="0"  CollidesTop="False" CollidesBottom="False" CollidesRight="False" CollidesLeft="False" />
		<GameObject Type="CollHullObj" Name="unknown"  X="960"  Y="330"  Width="240"  Height="60"  ScaleX="1"  ScaleY="1"  Rotation="0"  Flip="False"  Tag=""  LevelType="0"  CollidesTop="False" CollidesBottom="False" CollidesRight="False" CollidesLeft="False" />
		<GameObject Type="CollHullObj" Name="unknown"  X="960"  Y="420"  Width="240"  Height="60"  ScaleX="1"  ScaleY="1"  Rotation="0"  Flip="False"  Tag=""  LevelType="0"  CollidesTop="False" CollidesBottom="True" CollidesRight="False" CollidesLeft="False" />
		<GameObject Type="EnemyObj" Name="unknown"  X="150"  Y="1354"  Width="60"  Height="60"  ScaleX="1"  ScaleY="1"  Rotation="-90"  Flip="False"  Tag="delay:2, speed:750"  LevelType="0"  EnemyType="17" Difficulty="BASIC" InitialDelay="0" Procedural="False" SpriteName="EnemyTurretFire_Character" />
		<GameObject Type="EnemyObj" Name="unknown"  X="210"  Y="1354"  Width="60"  Height="60"  ScaleX="1"  ScaleY="1"  Rotation="-90"  Flip="False"  Tag="delay:2, speed:750"  LevelType="0"  EnemyType="17" Difficulty="BASIC" InitialDelay="0" Procedural="False" SpriteName="EnemyTurretFire_Character" />
		<GameObject Type="EnemyObj" Name="unknown"  X="270"  Y="1354"  Width="60"  Height="60"  ScaleX="1"  ScaleY="1"  Rotation="-90"  Flip="False"  Tag="delay:2, speed:750"  LevelType="0"  EnemyType="17" Difficulty="BASIC" InitialDelay="0" Procedural="False" SpriteName="EnemyTurretFire_Character" />
		<GameObject Type="EnemyObj" Name="unknown"  X="330"  Y="1380"  Width="60"  Height="30"  ScaleX="1"  ScaleY="1"  Rotation="0"  Flip="False"  Tag=""  LevelType="0"  EnemyType="21" Difficulty="BASIC" InitialDelay="0" Procedural="False" SpriteName="EnemySpikeTrap_Character" />
		<GameObject Type="EnemyObj" Name="unknown"  X="390"  Y="1380"  Width="60"  Height="30"  ScaleX="1"  ScaleY="1"  Rotation="0"  Flip="False"  Tag=""  LevelType="0"  EnemyType="21" Difficulty="BASIC" InitialDelay="0" Procedural="False" SpriteName="EnemySpikeTrap_Character" />
		<GameObject Type="EnemyObj" Name="unknown"  X="450"  Y="1380"  Width="60"  Height="30"  ScaleX="1"  ScaleY="1"  Rotation="0"  Flip="False"  Tag=""  LevelType="0"  EnemyType="21" Difficulty="BASIC" InitialDelay="0" Procedural="False" SpriteName="EnemySpikeTrap_Character" />
		<GameObject Type="EnemyObj" Name="unknown"  X="510"  Y="1380"  Width="60"  Height="30"  ScaleX="1"  ScaleY="1"  Rotation="0"  Flip="False"  Tag=""  LevelType="0"  EnemyType="21" Difficulty="BASIC" InitialDelay="0" Procedural="False" SpriteName="EnemySpikeTrap_Character" />
		<GameObject Type="EnemyObj" Name="unknown"  X="570"  Y="1380"  Width="60"  Height="30"  ScaleX="1"  ScaleY="1"  Rotation="0"  Flip="False"  Tag=""  LevelType="0"  EnemyType="21" Difficulty="BASIC" InitialDelay="0" Procedural="False" SpriteName="EnemySpikeTrap_Character" />
		<GameObject Type="EnemyObj" Name="unknown"  X="630"  Y="1380"  Width="60"  Height="30"  ScaleX="1"  ScaleY="1"  Rotation="0"  Flip="False"  Tag=""  LevelType="0"  EnemyType="21" Difficulty="BASIC" InitialDelay="0" Procedural="False" SpriteName="EnemySpikeTrap_Character" />
		<GameObject Type="EnemyObj" Name="unknown"  X="690"  Y="1380"  Width="60"  Height="30"  ScaleX="1"  ScaleY="1"  Rotation="0"  Flip="False"  Tag=""  LevelType="0"  EnemyType="21" Difficulty="BASIC" InitialDelay="0" Procedural="False" SpriteName="EnemySpikeTrap_Character" />
		<GameObject Type="EnemyObj" Name="unknown"  X="750"  Y="1380"  Width="60"  Height="30"  ScaleX="1"  ScaleY="1"  Rotation="0"  Flip="False"  Tag=""  LevelType="0"  EnemyType="21" Difficulty="BASIC" InitialDelay="0" Procedural="False" SpriteName="EnemySpikeTrap_Character" />
		<GameObject Type="EnemyObj" Name="unknown"  X="810"  Y="1380"  Width="60"  Height="30"  ScaleX="1"  ScaleY="1"  Rotation="0"  Flip="False"  Tag=""  LevelType="0"  EnemyType="21" Difficulty="BASIC" InitialDelay="0" Procedural="False" SpriteName="EnemySpikeTrap_Character" />
		<GameObject Type="EnemyObj" Name="unknown"  X="870"  Y="1380"  Width="60"  Height="30"  ScaleX="1"  ScaleY="1"  Rotation="0"  Flip="False"  Tag=""  LevelType="0"  EnemyType="21" Difficulty="BASIC" InitialDelay="0" Procedural="False" SpriteName="EnemySpikeTrap_Character" />
		<GameObject Type="EnemyObj" Name="unknown"  X="930"  Y="1380"  Width="60"  Height="30"  ScaleX="1"  ScaleY="1"  Rotation="0"  Flip="False"  Tag=""  LevelType="0"  EnemyType="21" Difficulty="BASIC" InitialDelay="0" Procedural="False" SpriteName="EnemySpikeTrap_Character" />
		<GameObject Type="EnemyObj" Name="unknown"  X="990"  Y="1380"  Width="60"  Height="30"  ScaleX="1"  ScaleY="1"  Rotation="0"  Flip="False"  Tag=""  LevelType="0"  EnemyType="21" Difficulty="BASIC" InitialDelay="0" Procedural="False" SpriteName="EnemySpikeTrap_Character" />
		<GameObject Type="EnemyObj" Name="unknown"  X="1050"  Y="1380"  Width="60"  Height="30"  ScaleX="1"  ScaleY="1"  Rotation="0"  Flip="False"  Tag=""  LevelType="0"  EnemyType="21" Difficulty="BASIC" InitialDelay="0" Procedural="False" SpriteName="EnemySpikeTrap_Character" />
		<GameObject Type="EnemyObj" Name="unknown"  X="1110"  Y="1380"  Width="60"  Height="30"  ScaleX="1"  ScaleY="1"  Rotation="0"  Flip="False"  Tag=""  LevelType="0"  EnemyType="21" Difficulty="BASIC" InitialDelay="0" Procedural="False" SpriteName="EnemySpikeTrap_Character" />
		<GameObject Type="EnemyObj" Name="unknown"  X="1170"  Y="1380"  Width="60"  Height="30"  ScaleX="1"  ScaleY="1"  Rotation="0"  Flip="False"  Tag=""  LevelType="0"  EnemyType="21" Difficulty="BASIC" InitialDelay="0" Procedural="False" SpriteName="EnemySpikeTrap_Character" />
		<GameObject Type="EnemyObj" Name="unknown"  X="330"  Y="1320"  Width="60"  Height="30"  ScaleX="1"  ScaleY="1"  Rotation="0"  Flip="False"  Tag=""  LevelType="0"  EnemyType="21" Difficulty="BASIC" InitialDelay="0" Procedural="False" SpriteName="EnemySpikeTrap_Character" />
		<GameObject Type="EnemyObj" Name="unknown"  X="390"  Y="1320"  Width="60"  Height="30"  ScaleX="1"  ScaleY="1"  Rotation="0"  Flip="False"  Tag=""  LevelType="0"  EnemyType="21" Difficulty="BASIC" InitialDelay="0" Procedural="False" SpriteName="EnemySpikeTrap_Character" />
		<GameObject Type="EnemyObj" Name="unknown"  X="450"  Y="1320"  Width="60"  Height="30"  ScaleX="1"  ScaleY="1"  Rotation="0"  Flip="False"  Tag=""  LevelType="0"  EnemyType="21" Difficulty="BASIC" InitialDelay="0" Procedural="False" SpriteName="EnemySpikeTrap_Character" />
		<GameObject Type="EnemyObj" Name="unknown"  X="510"  Y="1320"  Width="60"  Height="30"  ScaleX="1"  ScaleY="1"  Rotation="0"  Flip="False"  Tag=""  LevelType="0"  EnemyType="21" Difficulty="BASIC" InitialDelay="0" Procedural="False" SpriteName="EnemySpikeTrap_Character" />
		<GameObject Type="EnemyObj" Name="unknown"  X="570"  Y="1320"  Width="60"  Height="30"  ScaleX="1"  ScaleY="1"  Rotation="0"  Flip="False"  Tag=""  LevelType="0"  EnemyType="21" Difficulty="BASIC" InitialDelay="0" Procedural="False" SpriteName="EnemySpikeTrap_Character" />
		<GameObject Type="EnemyObj" Name="unknown"  X="630"  Y="1320"  Width="60"  Height="30"  ScaleX="1"  ScaleY="1"  Rotation="0"  Flip="False"  Tag=""  LevelType="0"  EnemyType="21" Difficulty="BASIC" InitialDelay="0" Procedural="False" SpriteName="EnemySpikeTrap_Character" />
		<GameObject Type="EnemyObj" Name="unknown"  X="690"  Y="1320"  Width="60"  Height="30"  ScaleX="1"  ScaleY="1"  Rotation="0"  Flip="False"  Tag=""  LevelType="0"  EnemyType="21" Difficulty="BASIC" InitialDelay="0" Procedural="False" SpriteName="EnemySpikeTrap_Character" />
		<GameObject Type="EnemyObj" Name="unknown"  X="750"  Y="1320"  Width="60"  Height="30"  ScaleX="1"  ScaleY="1"  Rotation="0"  Flip="False"  Tag=""  LevelType="0"  EnemyType="21" Difficulty="BASIC" InitialDelay="0" Procedural="False" SpriteName="EnemySpikeTrap_Character" />
		<GameObject Type="EnemyObj" Name="unknown"  X="810"  Y="1320"  Width="60"  Height="30"  ScaleX="1"  ScaleY="1"  Rotation="0"  Flip="False"  Tag=""  LevelType="0"  EnemyType="21" Difficulty="BASIC" InitialDelay="0" Procedural="False" SpriteName="EnemySpikeTrap_Character" />
		<GameObject Type="EnemyObj" Name="unknown"  X="870"  Y="1320"  Width="60"  Height="30"  ScaleX="1"  ScaleY="1"  Rotation="0"  Flip="False"  Tag=""  LevelType="0"  EnemyType="21" Difficulty="BASIC" InitialDelay="0" Procedural="False" SpriteName="EnemySpikeTrap_Character" />
		<GameObject Type="EnemyObj" Name="unknown"  X="930"  Y="1320"  Width="60"  Height="30"  ScaleX="1"  ScaleY="1"  Rotation="0"  Flip="False"  Tag=""  LevelType="0"  EnemyType="21" Difficulty="BASIC" InitialDelay="0" Procedural="False" SpriteName="EnemySpikeTrap_Character" />
		<GameObject Type="EnemyObj" Name="unknown"  X="990"  Y="1320"  Width="60"  Height="30"  ScaleX="1"  ScaleY="1"  Rotation="0"  Flip="False"  Tag=""  LevelType="0"  EnemyType="21" Difficulty="BASIC" InitialDelay="0" Procedural="False" SpriteName="EnemySpikeTrap_Character" />
		<GameObject Type="EnemyObj" Name="unknown"  X="1050"  Y="1320"  Width="60"  Height="30"  ScaleX="1"  ScaleY="1"  Rotation="0"  Flip="False"  Tag=""  LevelType="0"  EnemyType="21" Difficulty="BASIC" InitialDelay="0" Procedural="False" SpriteName="EnemySpikeTrap_Character" />
		<GameObject Type="EnemyObj" Name="unknown"  X="1110"  Y="1320"  Width="60"  Height="30"  ScaleX="1"  ScaleY="1"  Rotation="0"  Flip="False"  Tag=""  LevelType="0"  EnemyType="21" Difficulty="BASIC" InitialDelay="0" Procedural="False" SpriteName="EnemySpikeTrap_Character" />
		<GameObject Type="EnemyObj" Name="unknown"  X="1170"  Y="1320"  Width="60"  Height="30"  ScaleX="1"  ScaleY="1"  Rotation="0"  Flip="False"  Tag=""  LevelType="0"  EnemyType="21" Difficulty="BASIC" InitialDelay="0" Procedural="False" SpriteName="EnemySpikeTrap_Character" />
		<GameObject Type="EnemyObj" Name="unknown"  X="420"  Y="1260"  Width="60"  Height="30"  ScaleX="1"  ScaleY="1"  Rotation="0"  Flip="False"  Tag=""  LevelType="0"  EnemyType="21" Difficulty="BASIC" InitialDelay="0" Procedural="False" SpriteName="EnemySpikeTrap_Character" />
		<GameObject Type="EnemyObj" Name="unknown"  X="480"  Y="1260"  Width="60"  Height="30"  ScaleX="1"  ScaleY="1"  Rotation="0"  Flip="False"  Tag=""  LevelType="0"  EnemyType="21" Difficulty="BASIC" InitialDelay="0" Procedural="False" SpriteName="EnemySpikeTrap_Character" />
		<GameObject Type="EnemyObj" Name="unknown"  X="540"  Y="1260"  Width="60"  Height="30"  ScaleX="1"  ScaleY="1"  Rotation="0"  Flip="False"  Tag=""  LevelType="0"  EnemyType="21" Difficulty="BASIC" InitialDelay="0" Procedural="False" SpriteName="EnemySpikeTrap_Character" />
		<GameObject Type="EnemyObj" Name="unknown"  X="600"  Y="1260"  Width="60"  Height="30"  ScaleX="1"  ScaleY="1"  Rotation="0"  Flip="False"  Tag=""  LevelType="0"  EnemyType="21" Difficulty="BASIC" InitialDelay="0" Procedural="False" SpriteName="EnemySpikeTrap_Character" />
		<GameObject Type="EnemyObj" Name="unknown"  X="660"  Y="1260"  Width="60"  Height="30"  ScaleX="1"  ScaleY="1"  Rotation="0"  Flip="False"  Tag=""  LevelType="0"  EnemyType="21" Difficulty="BASIC" InitialDelay="0" Procedural="False" SpriteName="EnemySpikeTrap_Character" />
		<GameObject Type="EnemyObj" Name="unknown"  X="720"  Y="1260"  Width="60"  Height="30"  ScaleX="1"  ScaleY="1"  Rotation="0"  Flip="False"  Tag=""  LevelType="0"  EnemyType="21" Difficulty="BASIC" InitialDelay="0" Procedural="False" SpriteName="EnemySpikeTrap_Character" />
		<GameObject Type="EnemyObj" Name="unknown"  X="780"  Y="1260"  Width="60"  Height="30"  ScaleX="1"  ScaleY="1"  Rotation="0"  Flip="False"  Tag=""  LevelType="0"  EnemyType="21" Difficulty="BASIC" InitialDelay="0" Procedural="False" SpriteName="EnemySpikeTrap_Character" />
		<GameObject Type="EnemyObj" Name="unknown"  X="840"  Y="1260"  Width="60"  Height="30"  ScaleX="1"  ScaleY="1"  Rotation="0"  Flip="False"  Tag=""  LevelType="0"  EnemyType="21" Difficulty="BASIC" InitialDelay="0" Procedural="False" SpriteName="EnemySpikeTrap_Character" />
		<GameObject Type="EnemyObj" Name="unknown"  X="900"  Y="1260"  Width="60"  Height="30"  ScaleX="1"  ScaleY="1"  Rotation="0"  Flip="False"  Tag=""  LevelType="0"  EnemyType="21" Difficulty="BASIC" InitialDelay="0" Procedural="False" SpriteName="EnemySpikeTrap_Character" />
		<GameObject Type="EnemyObj" Name="unknown"  X="420"  Y="1200"  Width="60"  Height="30"  ScaleX="1"  ScaleY="1"  Rotation="0"  Flip="False"  Tag=""  LevelType="0"  EnemyType="21" Difficulty="BASIC" InitialDelay="0" Procedural="False" SpriteName="EnemySpikeTrap_Character" />
		<GameObject Type="EnemyObj" Name="unknown"  X="480"  Y="1200"  Width="60"  Height="30"  ScaleX="1"  ScaleY="1"  Rotation="0"  Flip="False"  Tag=""  LevelType="0"  EnemyType="21" Difficulty="BASIC" InitialDelay="0" Procedural="False" SpriteName="EnemySpikeTrap_Character" />
		<GameObject Type="EnemyObj" Name="unknown"  X="540"  Y="1200"  Width="60"  Height="30"  ScaleX="1"  ScaleY="1"  Rotation="0"  Flip="False"  Tag=""  LevelType="0"  EnemyType="21" Difficulty="BASIC" InitialDelay="0" Procedural="False" SpriteName="EnemySpikeTrap_Character" />
		<GameObject Type="EnemyObj" Name="unknown"  X="780"  Y="1200"  Width="60"  Height="30"  ScaleX="1"  ScaleY="1"  Rotation="0"  Flip="False"  Tag=""  LevelType="0"  EnemyType="21" Difficulty="BASIC" InitialDelay="0" Procedural="False" SpriteName="EnemySpikeTrap_Character" />
		<GameObject Type="EnemyObj" Name="unknown"  X="840"  Y="1200"  Width="60"  Height="30"  ScaleX="1"  ScaleY="1"  Rotation="0"  Flip="False"  Tag=""  LevelType="0"  EnemyType="21" Difficulty="BASIC" InitialDelay="0" Procedural="False" SpriteName="EnemySpikeTrap_Character" />
		<GameObject Type="EnemyObj" Name="unknown"  X="900"  Y="1200"  Width="60"  Height="30"  ScaleX="1"  ScaleY="1"  Rotation="0"  Flip="False"  Tag=""  LevelType="0"  EnemyType="21" Difficulty="BASIC" InitialDelay="0" Procedural="False" SpriteName="EnemySpikeTrap_Character" />
		<GameObject Type="EnemyObj" Name="unknown"  X="420"  Y="1140"  Width="60"  Height="30"  ScaleX="1"  ScaleY="1"  Rotation="0"  Flip="False"  Tag=""  LevelType="0"  EnemyType="21" Difficulty="BASIC" InitialDelay="0" Procedural="False" SpriteName="EnemySpikeTrap_Character" />
		<GameObject Type="EnemyObj" Name="unknown"  X="480"  Y="1140"  Width="60"  Height="30"  ScaleX="1"  ScaleY="1"  Rotation="0"  Flip="False"  Tag=""  LevelType="0"  EnemyType="21" Difficulty="BASIC" InitialDelay="0" Procedural="False" SpriteName="EnemySpikeTrap_Character" />
		<GameObject Type="EnemyObj" Name="unknown"  X="540"  Y="1140"  Width="60"  Height="30"  ScaleX="1"  ScaleY="1"  Rotation="0"  Flip="False"  Tag=""  LevelType="0"  EnemyType="21" Difficulty="BASIC" InitialDelay="0" Procedural="False" SpriteName="EnemySpikeTrap_Character" />
		<GameObject Type="EnemyObj" Name="unknown"  X="600"  Y="1140"  Width="60"  Height="30"  ScaleX="1"  ScaleY="1"  Rotation="0"  Flip="False"  Tag=""  LevelType="0"  EnemyType="21" Difficulty="BASIC" InitialDelay="0" Procedural="False" SpriteName="EnemySpikeTrap_Character" />
		<GameObject Type="EnemyObj" Name="unknown"  X="660"  Y="1140"  Width="60"  Height="30"  ScaleX="1"  ScaleY="1"  Rotation="0"  Flip="False"  Tag=""  LevelType="0"  EnemyType="21" Difficulty="BASIC" InitialDelay="0" Procedural="False" SpriteName="EnemySpikeTrap_Character" />
		<GameObject Type="EnemyObj" Name="unknown"  X="720"  Y="1140"  Width="60"  Height="30"  ScaleX="1"  ScaleY="1"  Rotation="0"  Flip="False"  Tag=""  LevelType="0"  EnemyType="21" Difficulty="BASIC" InitialDelay="0" Procedural="False" SpriteName="EnemySpikeTrap_Character" />
		<GameObject Type="EnemyObj" Name="unknown"  X="780"  Y="1140"  Width="60"  Height="30"  ScaleX="1"  ScaleY="1"  Rotation="0"  Flip="False"  Tag=""  LevelType="0"  EnemyType="21" Difficulty="BASIC" InitialDelay="0" Procedural="False" SpriteName="EnemySpikeTrap_Character" />
		<GameObject Type="EnemyObj" Name="unknown"  X="840"  Y="1140"  Width="60"  Height="30"  ScaleX="1"  ScaleY="1"  Rotation="0"  Flip="False"  Tag=""  LevelType="0"  EnemyType="21" Difficulty="BASIC" InitialDelay="0" Procedural="False" SpriteName="EnemySpikeTrap_Character" />
		<GameObject Type="EnemyObj" Name="unknown"  X="900"  Y="1140"  Width="60"  Height="30"  ScaleX="1"  ScaleY="1"  Rotation="0"  Flip="False"  Tag=""  LevelType="0"  EnemyType="21" Difficulty="BASIC" InitialDelay="0" Procedural="False" SpriteName="EnemySpikeTrap_Character" />
		<GameObject Type="EnemyObj" Name="unknown"  X="420"  Y="1080"  Width="60"  Height="30"  ScaleX="1"  ScaleY="1"  Rotation="0"  Flip="False"  Tag=""  LevelType="0"  EnemyType="21" Difficulty="BASIC" InitialDelay="0" Procedural="False" SpriteName="EnemySpikeTrap_Character" />
		<GameObject Type="EnemyObj" Name="unknown"  X="480"  Y="1080"  Width="60"  Height="30"  ScaleX="1"  ScaleY="1"  Rotation="0"  Flip="False"  Tag=""  LevelType="0"  EnemyType="21" Difficulty="BASIC" InitialDelay="0" Procedural="False" SpriteName="EnemySpikeTrap_Character" />
		<GameObject Type="EnemyObj" Name="unknown"  X="540"  Y="1080"  Width="60"  Height="30"  ScaleX="1"  ScaleY="1"  Rotation="0"  Flip="False"  Tag=""  LevelType="0"  EnemyType="21" Difficulty="BASIC" InitialDelay="0" Procedural="False" SpriteName="EnemySpikeTrap_Character" />
		<GameObject Type="EnemyObj" Name="unknown"  X="600"  Y="1080"  Width="60"  Height="30"  ScaleX="1"  ScaleY="1"  Rotation="0"  Flip="False"  Tag=""  LevelType="0"  EnemyType="21" Difficulty="BASIC" InitialDelay="0" Procedural="False" SpriteName="EnemySpikeTrap_Character" />
		<GameObject Type="EnemyObj" Name="unknown"  X="660"  Y="1080"  Width="60"  Height="30"  ScaleX="1"  ScaleY="1"  Rotation="0"  Flip="False"  Tag=""  LevelType="0"  EnemyType="21" Difficulty="BASIC" InitialDelay="0" Procedural="False" SpriteName="EnemySpikeTrap_Character" />
		<GameObject Type="EnemyObj" Name="unknown"  X="720"  Y="1080"  Width="60"  Height="30"  ScaleX="1"  ScaleY="1"  Rotation="0"  Flip="False"  Tag=""  LevelType="0"  EnemyType="21" Difficulty="BASIC" InitialDelay="0" Procedural="False" SpriteName="EnemySpikeTrap_Character" />
		<GameObject Type="EnemyObj" Name="unknown"  X="780"  Y="1080"  Width="60"  Height="30"  ScaleX="1"  ScaleY="1"  Rotation="0"  Flip="False"  Tag=""  LevelType="0"  EnemyType="21" Difficulty="BASIC" InitialDelay="0" Procedural="False" SpriteName="EnemySpikeTrap_Character" />
		<GameObject Type="EnemyObj" Name="unknown"  X="840"  Y="1080"  Width="60"  Height="30"  ScaleX="1"  ScaleY="1"  Rotation="0"  Flip="False"  Tag=""  LevelType="0"  EnemyType="21" Difficulty="BASIC" InitialDelay="0" Procedural="False" SpriteName="EnemySpikeTrap_Character" />
		<GameObject Type="EnemyObj" Name="unknown"  X="900"  Y="1080"  Width="60"  Height="30"  ScaleX="1"  ScaleY="1"  Rotation="0"  Flip="False"  Tag=""  LevelType="0"  EnemyType="21" Difficulty="BASIC" InitialDelay="0" Procedural="False" SpriteName="EnemySpikeTrap_Character" />
		<GameObject Type="BorderObj" Name="unknown"  X="60"  Y="240"  Width="60"  Height="1140"  ScaleX="1"  ScaleY="1"  Rotation="0"  Flip="False"  Tag=""  LevelType="0"  CollidesTop="False" CollidesBottom="False" CollidesRight="True" CollidesLeft="False" />
		<GameObject Type="BorderObj" Name="unknown"  X="120"  Y="1380"  Width="1080"  Height="60"  ScaleX="1"  ScaleY="1"  Rotation="0"  Flip="False"  Tag=""  LevelType="0"  CollidesTop="True" CollidesBottom="False" CollidesRight="False" CollidesLeft="False" />
		<GameObject Type="BorderObj" Name="unknown"  X="1200"  Y="1230"  Width="60"  Height="150"  ScaleX="1"  ScaleY="1"  Rotation="0"  Flip="False"  Tag=""  LevelType="0"  CollidesTop="False" CollidesBottom="False" CollidesRight="False" CollidesLeft="True" />
		<GameObject Type="BorderObj" Name="unknown"  X="570"  Y="1170"  Width="180"  Height="60"  ScaleX="1"  ScaleY="1"  Rotation="0"  Flip="False"  Tag=""  LevelType="0"  CollidesTop="True" CollidesBottom="True" CollidesRight="True" CollidesLeft="True" />
		<GameObject Type="BorderObj" Name="unknown"  X="930"  Y="1020"  Width="270"  Height="210"  ScaleX="1"  ScaleY="1"  Rotation="0"  Flip="False"  Tag=""  LevelType="0"  CollidesTop="False" CollidesBottom="True" CollidesRight="False" CollidesLeft="True" />
		<GameObject Type="BorderObj" Name="unknown"  X="390"  Y="960"  Width="540"  Height="60"  ScaleX="1"  ScaleY="1"  Rotation="0"  Flip="False"  Tag=""  LevelType="0"  CollidesTop="False" CollidesBottom="True" CollidesRight="False" CollidesLeft="False" />
		<GameObject Type="BorderObj" Name="unknown"  X="300"  Y="1020"  Width="90"  Height="210"  ScaleX="1"  ScaleY="1"  Rotation="0"  Flip="False"  Tag=""  LevelType="0"  CollidesTop="False" CollidesBottom="True" CollidesRight="True" CollidesLeft="True" />
		<GameObject Type="BorderObj" Name="unknown"  X="300"  Y="420"  Width="90"  Height="600"  ScaleX="1"  ScaleY="1"  Rotation="0"  Flip="False"  Tag=""  LevelType="0"  CollidesTop="True" CollidesBottom="False" CollidesRight="False" CollidesLeft="True" />
		<GameObject Type="BorderObj" Name="unknown"  X="390"  Y="420"  Width="210"  Height="60"  ScaleX="1"  ScaleY="1"  Rotation="0"  Flip="False"  Tag=""  LevelType="0"  CollidesTop="True" CollidesBottom="False" CollidesRight="False" CollidesLeft="False" />
		<GameObject Type="BorderObj" Name="unknown"  X="120"  Y="60"  Width="420"  Height="180"  ScaleX="1"  ScaleY="1"  Rotation="0"  Flip="False"  Tag=""  LevelType="0"  CollidesTop="False" CollidesBottom="True" CollidesRight="True" CollidesLeft="False" />
		<GameObject Type="BorderObj" Name="unknown"  X="780"  Y="60"  Width="60"  Height="360"  ScaleX="1"  ScaleY="1"  Rotation="0"  Flip="False"  Tag=""  LevelType="0"  CollidesTop="False" CollidesBottom="False" CollidesRight="False" CollidesLeft="True" />
		<GameObject Type="BorderObj" Name="unknown"  X="600"  Y="420"  Width="180"  Height="30"  ScaleX="1"  ScaleY="1"  Rotation="0"  Flip="False"  Tag=""  LevelType="0"  CollidesTop="True" CollidesBottom="False" CollidesRight="False" CollidesLeft="False" />
		<GameObject Type="BorderObj" Name="unknown"  X="600"  Y="480"  Width="180"  Height="60"  ScaleX="1"  ScaleY="1"  Rotation="0"  Flip="False"  Tag=""  LevelType="0"  CollidesTop="False" CollidesBottom="True" CollidesRight="False" CollidesLeft="False" />
		<GameObject Type="BorderObj" Name="unknown"  X="450"  Y="540"  Width="150"  Height="180"  ScaleX="1"  ScaleY="1"  Rotation="0"  Flip="False"  Tag=""  LevelType="0"  CollidesTop="False" CollidesBottom="True" CollidesRight="True" CollidesLeft="False" />
		<GameObject Type="BorderObj" Name="unknown"  X="390"  Y="720"  Width="60"  Height="180"  ScaleX="1"  ScaleY="1"  Rotation="0"  Flip="False"  Tag=""  LevelType="0"  CollidesTop="False" CollidesBottom="False" CollidesRight="True" CollidesLeft="False" />
		<GameObject Type="BorderObj" Name="unknown"  X="450"  Y="900"  Width="510"  Height="60"  ScaleX="1"  ScaleY="1"  Rotation="0"  Flip="False"  Tag=""  LevelType="0"  CollidesTop="True" CollidesBottom="False" CollidesRight="False" CollidesLeft="False" />
		<GameObject Type="BorderObj" Name="unknown"  X="960"  Y="780"  Width="60"  Height="120"  ScaleX="1"  ScaleY="1"  Rotation="0"  Flip="False"  Tag=""  LevelType="0"  CollidesTop="True" CollidesBottom="False" CollidesRight="False" CollidesLeft="True" />
		<GameObject Type="BorderObj" Name="unknown"  X="780"  Y="540"  Width="180"  Height="60"  ScaleX="1"  ScaleY="1"  Rotation="0"  Flip="False"  Tag=""  LevelType="0"  CollidesTop="False" CollidesBottom="True" CollidesRight="True" CollidesLeft="True" />
		<GameObject Type="BorderObj" Name="unknown"  X="1020"  Y="780"  Width="180"  Height="30"  ScaleX="1"  ScaleY="1"  Rotation="0"  Flip="False"  Tag=""  LevelType="0"  CollidesTop="True" CollidesBottom="False" CollidesRight="False" CollidesLeft="False" />
		<GameObject Type="BorderObj" Name="unknown"  X="960"  Y="60"  Width="240"  Height="60"  ScaleX="1"  ScaleY="1"  Rotation="0"  Flip="False"  Tag=""  LevelType="0"  CollidesTop="False" CollidesBottom="True" CollidesRight="False" CollidesLeft="False" />
		<GameObject Type="BorderObj" Name="unknown"  X="960"  Y="150"  Width="240"  Height="60"  ScaleX="1"  ScaleY="1"  Rotation="0"  Flip="False"  Tag=""  LevelType="0"  CollidesTop="False" CollidesBottom="True" CollidesRight="False" CollidesLeft="False" />
		<GameObject Type="BorderObj" Name="unknown"  X="960"  Y="240"  Width="240"  Height="60"  ScaleX="1"  ScaleY="1"  Rotation="0"  Flip="False"  Tag=""  LevelType="0"  CollidesTop="False" CollidesBottom="True" CollidesRight="False" CollidesLeft="False" />
		<GameObject Type="BorderObj" Name="unknown"  X="960"  Y="330"  Width="240"  Height="60"  ScaleX="1"  ScaleY="1"  Rotation="0"  Flip="False"  Tag=""  LevelType="0"  CollidesTop="False" CollidesBottom="True" CollidesRight="False" CollidesLeft="False" />
		<GameObject Type="BorderObj" Name="unknown"  X="960"  Y="420"  Width="240"  Height="60"  ScaleX="1"  ScaleY="1"  Rotation="0"  Flip="False"  Tag=""  LevelType="0"  CollidesTop="False" CollidesBottom="True" CollidesRight="False" CollidesLeft="False" />
		<GameObject Type="BorderObj" Name="unknown"  X="960"  Y="150"  Width="240"  Height="30"  ScaleX="1"  ScaleY="1"  Rotation="0"  Flip="False"  Tag=""  LevelType="0"  CollidesTop="True" CollidesBottom="False" CollidesRight="False" CollidesLeft="False" />
		<GameObject Type="BorderObj" Name="unknown"  X="960"  Y="240"  Width="240"  Height="30"  ScaleX="1"  ScaleY="1"  Rotation="0"  Flip="False"  Tag=""  LevelType="0"  CollidesTop="True" CollidesBottom="False" CollidesRight="False" CollidesLeft="False" />
		<GameObject Type="BorderObj" Name="unknown"  X="960"  Y="330"  Width="240"  Height="30"  ScaleX="1"  ScaleY="1"  Rotation="0"  Flip="False"  Tag=""  LevelType="0"  CollidesTop="True" CollidesBottom="False" CollidesRight="False" CollidesLeft="False" />
		<GameObject Type="BorderObj" Name="unknown"  X="960"  Y="420"  Width="240"  Height="30"  ScaleX="1"  ScaleY="1"  Rotation="0"  Flip="False"  Tag=""  LevelType="0"  CollidesTop="True" CollidesBottom="False" CollidesRight="False" CollidesLeft="False" />
		<GameObject Type="BorderObj" Name="unknown"  X="1200"  Y="120"  Width="60"  Height="660"  ScaleX="1"  ScaleY="1"  Rotation="0"  Flip="False"  Tag=""  LevelType="0"  CollidesTop="False" CollidesBottom="False" CollidesRight="False" CollidesLeft="True" />
		<GameObject Type="BorderObj" Name="unknown"  X="900"  Y="120"  Width="60"  Height="420"  ScaleX="1"  ScaleY="1"  Rotation="0"  Flip="False"  Tag=""  LevelType="0"  CollidesTop="False" CollidesBottom="False" CollidesRight="True" CollidesLeft="False" />
		<GameObject Type="ChestObj" Name="unknown"  X="660"  Y="840"  Width="60"  Height="60"  ScaleX="1"  ScaleY="1"  Rotation="0"  Flip="False"  Tag=""  LevelType="0"  Fairy="False" />
		<GameObject Type="SpriteObj" Name="unknown"  X="120"  Y="240"  Width="60"  Height="60"  ScaleX="1"  ScaleY="1"  Rotation="0"  Flip="False"  Tag=""  LevelType="0"  BGLayer="False" SpriteName="CastleAssetWeb2_Sprite" />
		<GameObject Type="SpriteObj" Name="unknown"  X="450"  Y="720"  Width="60"  Height="60"  ScaleX="2"  ScaleY="2"  Rotation="0"  Flip="False"  Tag=""  LevelType="0"  BGLayer="False" SpriteName="CastleAssetWeb1_Sprite" />
		<GameObject Type="SpriteObj" Name="unknown"  X="780"  Y="540"  Width="60"  Height="60"  ScaleX="1"  ScaleY="1"  Rotation="0"  Flip="True"  Tag=""  LevelType="0"  BGLayer="False" SpriteName="CastleAssetWeb2_Sprite" />
		<GameObject Type="SpriteObj" Name="unknown"  X="960"  Y="900"  Width="60"  Height="60"  ScaleX="1"  ScaleY="1"  Rotation="180"  Flip="False"  Tag=""  LevelType="0"  BGLayer="False" SpriteName="CastleAssetWeb1_Sprite" />
		<GameObject Type="SpriteObj" Name="unknown"  X="1200"  Y="780"  Width="60"  Height="60"  ScaleX="2"  ScaleY="2"  Rotation="180"  Flip="False"  Tag=""  LevelType="0"  BGLayer="False" SpriteName="CastleAssetWeb2_Sprite" />
		<GameObject Type="SpriteObj" Name="unknown"  X="390"  Y="1020"  Width="60"  Height="60"  ScaleX="1"  ScaleY="1"  Rotation="0"  Flip="False"  Tag=""  LevelType="0"  BGLayer="False" SpriteName="CastleAssetWeb2_Sprite" />
		<GameObject Type="SpriteObj" Name="unknown"  X="300"  Y="660"  Width="60"  Height="60"  ScaleX="1"  ScaleY="1"  Rotation="180"  Flip="False"  Tag=""  LevelType="0"  BGLayer="False" SpriteName="CastleAssetWeb1_Sprite" />
		<GameObject Type="SpriteObj" Name="unknown"  X="1200"  Y="1230"  Width="60"  Height="60"  ScaleX="1"  ScaleY="1"  Rotation="0"  Flip="True"  Tag=""  LevelType="0"  BGLayer="False" SpriteName="CastleAssetWeb1_Sprite" />
		<GameObject Type="ObjContainer" Name="unknown"  X="390"  Y="240"  Width="60"  Height="60"  ScaleX="2"  ScaleY="2"  Rotation="0"  Flip="False"  Tag=""  LevelType="1"  BGLayer="True" Weighted="False" Collidable="False" Breakable="False" SpriteName="CastleBGPillar_Character" />
		<GameObject Type="ObjContainer" Name="unknown"  X="750"  Y="690"  Width="60"  Height="60"  ScaleX="2"  ScaleY="2"  Rotation="0"  Flip="False"  Tag=""  LevelType="1"  BGLayer="False" Weighted="False" Collidable="False" Breakable="False" SpriteName="CastleAssetBackTorch_Character" />
		<GameObject Type="ObjContainer" Name="unknown"  X="120"  Y="540"  Width="60"  Height="60"  ScaleX="2"  ScaleY="2"  Rotation="0"  Flip="False"  Tag=""  LevelType="1"  BGLayer="True" Weighted="False" Collidable="False" Breakable="False" SpriteName="CastleAssetSideTorch_Character" />
		<GameObject Type="ObjContainer" Name="unknown"  X="120"  Y="780"  Width="60"  Height="60"  ScaleX="2"  ScaleY="2"  Rotation="0"  Flip="False"  Tag=""  LevelType="1"  BGLayer="True" Weighted="False" Collidable="False" Breakable="False" SpriteName="CastleAssetSideTorch_Character" />
		<GameObject Type="ObjContainer" Name="unknown"  X="300"  Y="1020"  Width="60"  Height="60"  ScaleX="2"  ScaleY="2"  Rotation="0"  Flip="True"  Tag=""  LevelType="1"  BGLayer="True" Weighted="False" Collidable="False" Breakable="False" SpriteName="CastleAssetSideTorch_Character" />
		<GameObject Type="PhysicsObjContainer" Name="unknown"  X="180"  Y="1140"  Width="60"  Height="60"  ScaleX="2"  ScaleY="2"  Rotation="0"  Flip="False"  Tag=""  LevelType="1"  BGLayer="False" Weighted="True" Collidable="False" Breakable="True" SpriteName="BreakableBarrel1_Character" />
		<GameObject Type="PhysicsObjContainer" Name="unknown"  X="810"  Y="900"  Width="60"  Height="60"  ScaleX="2"  ScaleY="2"  Rotation="0"  Flip="False"  Tag=""  LevelType="1"  BGLayer="False" Weighted="True" Collidable="False" Breakable="True" SpriteName="BreakableBarrel1_Character" />
		<GameObject Type="PhysicsObjContainer" Name="unknown"  X="870"  Y="900"  Width="60"  Height="60"  ScaleX="2"  ScaleY="2"  Rotation="0"  Flip="False"  Tag=""  LevelType="1"  BGLayer="False" Weighted="True" Collidable="False" Breakable="True" SpriteName="BreakableBarrel1_Character" />
		<GameObject Type="PhysicsObjContainer" Name="unknown"  X="450"  Y="420"  Width="60"  Height="60"  ScaleX="2"  ScaleY="2"  Rotation="0"  Flip="False"  Tag=""  LevelType="1"  BGLayer="False" Weighted="True" Collidable="False" Breakable="True" SpriteName="BreakableBarrel1_Character" />
		<GameObject Type="PhysicsObjContainer" Name="unknown"  X="600"  Y="900"  Width="60"  Height="60"  ScaleX="2"  ScaleY="2"  Rotation="0"  Flip="False"  Tag=""  LevelType="1"  BGLayer="False" Weighted="True" Collidable="False" Breakable="True" SpriteName="BreakableBarrel2_Character" />
		<GameObject Type="EnemyObj" Name="unknown"  X="480"  Y="780"  Width="60"  Height="60"  ScaleX="1"  ScaleY="1"  Rotation="0"  Flip="False"  Tag=""  LevelType="0"  EnemyType="20" Difficulty="MINIBOSS" InitialDelay="0" Procedural="False" SpriteName="EnemyZombieRise_Character" />
	</RoomObject>
</Map>