﻿<?xml version="1.0" encoding="utf-8"?>
<Map>
	<Spritesheet Name="startingRoomSpritesheet" />
	<Spritesheet Name="castleTerrainSpritesheet" />
	<Spritesheet Name="dungeonTerrainSpritesheet" />
	<Spritesheet Name="towerTerrainSpritesheet" />
	<Spritesheet Name="gardenTerrainSpritesheet" />
	<RoomObject Name="EpicLoot_1" X="0" Y="0" Width="2640" Height="1440" ScaleX="1" ScaleY="1" Tag="" SelectionMode="0" DisplayBG="False" CastlePool="True" GardenPool="True" TowerPool="True" DungeonPool="True" Forced="true">
		<GameObject Type="CollHullObj" Name="unknown"  X="0"  Y="0"  Width="2640"  Height="120"  ScaleX="1"  ScaleY="1"  Rotation="0"  Flip="False"  Tag=""  LevelType="0"  CollidesTop="True" CollidesBottom="True" CollidesRight="True" CollidesLeft="True" />
		<GameObject Type="CollHullObj" Name="unknown"  X="0"  Y="1320"  Width="2640"  Height="120"  ScaleX="1"  ScaleY="1"  Rotation="0"  Flip="False"  Tag=""  LevelType="0"  CollidesTop="True" CollidesBottom="True" CollidesRight="True" CollidesLeft="True" />
		<GameObject Type="CollHullObj" Name="unknown"  X="2520"  Y="120"  Width="120"  Height="1200"  ScaleX="1"  ScaleY="1"  Rotation="0"  Flip="False"  Tag=""  LevelType="0"  CollidesTop="True" CollidesBottom="True" CollidesRight="True" CollidesLeft="True" />
		<GameObject Type="DoorObj" Name="unknown"  X="0"  Y="240"  Width="120"  Height="180"  ScaleX="1"  ScaleY="1"  Rotation="0"  Flip="False"  Tag=""  LevelType="0"  DoorPos="Left" BossDoor="False" />
		<GameObject Type="CollHullObj" Name="unknown"  X="0"  Y="120"  Width="120"  Height="120"  ScaleX="1"  ScaleY="1"  Rotation="0"  Flip="False"  Tag=""  LevelType="0"  CollidesTop="True" CollidesBottom="True" CollidesRight="True" CollidesLeft="True" />
		<GameObject Type="CollHullObj" Name="unknown"  X="0"  Y="420"  Width="120"  Height="900"  ScaleX="1"  ScaleY="1"  Rotation="0"  Flip="False"  Tag=""  LevelType="0"  CollidesTop="True" CollidesBottom="True" CollidesRight="True" CollidesLeft="True" />
		<GameObject Type="CollHullObj" Name="unknown"  X="420"  Y="120"  Width="120"  Height="960"  ScaleX="1"  ScaleY="1"  Rotation="0"  Flip="False"  Tag=""  LevelType="0"  CollidesTop="True" CollidesBottom="True" CollidesRight="True" CollidesLeft="True" />
		<GameObject Type="CollHullObj" Name="unknown"  X="840"  Y="300"  Width="120"  Height="1020"  ScaleX="1"  ScaleY="1"  Rotation="0"  Flip="False"  Tag=""  LevelType="0"  CollidesTop="True" CollidesBottom="True" CollidesRight="True" CollidesLeft="True" />
		<GameObject Type="CollHullObj" Name="unknown"  X="960"  Y="300"  Width="1260"  Height="120"  ScaleX="1"  ScaleY="1"  Rotation="0"  Flip="False"  Tag=""  LevelType="0"  CollidesTop="True" CollidesBottom="True" CollidesRight="True" CollidesLeft="True" />
		<GameObject Type="CollHullObj" Name="unknown"  X="2100"  Y="420"  Width="120"  Height="720"  ScaleX="1"  ScaleY="1"  Rotation="0"  Flip="False"  Tag=""  LevelType="0"  CollidesTop="True" CollidesBottom="True" CollidesRight="True" CollidesLeft="True" />
		<GameObject Type="CollHullObj" Name="unknown"  X="1260"  Y="1020"  Width="840"  Height="120"  ScaleX="1"  ScaleY="1"  Rotation="0"  Flip="False"  Tag=""  LevelType="0"  CollidesTop="True" CollidesBottom="True" CollidesRight="True" CollidesLeft="True" />
		<GameObject Type="CollHullObj" Name="unknown"  X="1260"  Y="720"  Width="120"  Height="300"  ScaleX="1"  ScaleY="1"  Rotation="0"  Flip="False"  Tag=""  LevelType="0"  CollidesTop="True" CollidesBottom="True" CollidesRight="True" CollidesLeft="True" />
		<GameObject Type="ChestObj" Name="unknown"  X="1980"  Y="1260"  Width="60"  Height="60"  ScaleX="1"  ScaleY="1"  Rotation="0"  Flip="False"  Tag=""  LevelType="0"  Fairy="False" />
		<GameObject Type="ChestObj" Name="unknown"  X="1800"  Y="960"  Width="60"  Height="60"  ScaleX="1"  ScaleY="1"  Rotation="0"  Flip="False"  Tag=""  LevelType="0"  Fairy="True" />
		<GameObject Type="ChestObj" Name="unknown"  X="1980"  Y="960"  Width="60"  Height="60"  ScaleX="1"  ScaleY="1"  Rotation="0"  Flip="False"  Tag=""  LevelType="0"  Fairy="False" />
		<GameObject Type="EnemyObj" Name="unknown"  X="240"  Y="240"  Width="60"  Height="60"  ScaleX="1"  ScaleY="1"  Rotation="0"  Flip="False"  Tag=""  LevelType="0"  SpriteName="EnemyEyeballIdle_Character" Procedural="False" EnemyType="6" Difficulty="BASIC" InitialDelay="0" />
		<GameObject Type="EnemyObj" Name="unknown"  X="240"  Y="540"  Width="60"  Height="60"  ScaleX="1"  ScaleY="1"  Rotation="0"  Flip="False"  Tag=""  LevelType="0"  SpriteName="EnemyEyeballIdle_Character" Procedural="False" EnemyType="6" Difficulty="BASIC" InitialDelay="0" />
		<GameObject Type="EnemyObj" Name="unknown"  X="240"  Y="840"  Width="60"  Height="60"  ScaleX="1"  ScaleY="1"  Rotation="0"  Flip="False"  Tag=""  LevelType="0"  SpriteName="EnemyEyeballIdle_Character" Procedural="False" EnemyType="6" Difficulty="BASIC" InitialDelay="0" />
		<GameObject Type="EnemyObj" Name="unknown"  X="240"  Y="1140"  Width="60"  Height="60"  ScaleX="1"  ScaleY="1"  Rotation="0"  Flip="False"  Tag=""  LevelType="0"  SpriteName="EnemyEyeballIdle_Character" Procedural="False" EnemyType="6" Difficulty="BASIC" InitialDelay="0" />
		<GameObject Type="EnemyObj" Name="unknown"  X="661"  Y="1141"  Width="60"  Height="60"  ScaleX="1"  ScaleY="1"  Rotation="0"  Flip="False"  Tag=""  LevelType="0"  SpriteName="EnemyEyeballIdle_Character" Procedural="False" EnemyType="6" Difficulty="BASIC" InitialDelay="0" />
		<GameObject Type="EnemyObj" Name="unknown"  X="661"  Y="841"  Width="60"  Height="60"  ScaleX="1"  ScaleY="1"  Rotation="0"  Flip="False"  Tag=""  LevelType="0"  SpriteName="EnemyEyeballIdle_Character" Procedural="False" EnemyType="6" Difficulty="BASIC" InitialDelay="0" />
		<GameObject Type="EnemyObj" Name="unknown"  X="661"  Y="541"  Width="60"  Height="60"  ScaleX="1"  ScaleY="1"  Rotation="0"  Flip="False"  Tag=""  LevelType="0"  SpriteName="EnemyEyeballIdle_Character" Procedural="False" EnemyType="6" Difficulty="BASIC" InitialDelay="0" />
		<GameObject Type="EnemyObj" Name="unknown"  X="661"  Y="241"  Width="60"  Height="60"  ScaleX="1"  ScaleY="1"  Rotation="0"  Flip="False"  Tag=""  LevelType="0"  SpriteName="EnemyEyeballIdle_Character" Procedural="False" EnemyType="6" Difficulty="BASIC" InitialDelay="0" />
		<GameObject Type="EnemyObj" Name="unknown"  X="1320"  Y="240"  Width="60"  Height="60"  ScaleX="1"  ScaleY="1"  Rotation="0"  Flip="False"  Tag=""  LevelType="0"  SpriteName="EnemyFairyGhostIdle_Character" Procedural="False" EnemyType="7" Difficulty="BASIC" InitialDelay="0" />
		<GameObject Type="EnemyObj" Name="unknown"  X="1680"  Y="240"  Width="60"  Height="60"  ScaleX="1"  ScaleY="1"  Rotation="0"  Flip="False"  Tag=""  LevelType="0"  SpriteName="EnemyFairyGhostIdle_Character" Procedural="False" EnemyType="7" Difficulty="BASIC" InitialDelay="0" />
		<GameObject Type="EnemyObj" Name="unknown"  X="2460"  Y="240"  Width="60"  Height="60"  ScaleX="1"  ScaleY="1"  Rotation="0"  Flip="False"  Tag=""  LevelType="0"  SpriteName="EnemyEyeballIdle_Character" Procedural="False" EnemyType="6" Difficulty="ADVANCED" InitialDelay="0" />
		<GameObject Type="EnemyObj" Name="unknown"  X="2460"  Y="540"  Width="60"  Height="60"  ScaleX="1"  ScaleY="1"  Rotation="0"  Flip="False"  Tag=""  LevelType="0"  SpriteName="EnemyEyeballIdle_Character" Procedural="False" EnemyType="6" Difficulty="ADVANCED" InitialDelay="0" />
		<GameObject Type="EnemyObj" Name="unknown"  X="2460"  Y="840"  Width="60"  Height="60"  ScaleX="1"  ScaleY="1"  Rotation="0"  Flip="False"  Tag=""  LevelType="0"  SpriteName="EnemyEyeballIdle_Character" Procedural="False" EnemyType="6" Difficulty="ADVANCED" InitialDelay="0" />
		<GameObject Type="EnemyObj" Name="unknown"  X="2460"  Y="1140"  Width="60"  Height="60"  ScaleX="1"  ScaleY="1"  Rotation="0"  Flip="False"  Tag=""  LevelType="0"  SpriteName="EnemyEyeballIdle_Character" Procedural="False" EnemyType="6" Difficulty="ADVANCED" InitialDelay="0" />
		<GameObject Type="EnemyObj" Name="unknown"  X="1800"  Y="1260"  Width="60"  Height="60"  ScaleX="1"  ScaleY="1"  Rotation="0"  Flip="False"  Tag=""  LevelType="0"  SpriteName="EnemyFairyGhostIdle_Character" Procedural="False" EnemyType="7" Difficulty="EXPERT" InitialDelay="0" />
		<GameObject Type="EnemyObj" Name="unknown"  X="1740"  Y="720"  Width="60"  Height="60"  ScaleX="1"  ScaleY="1"  Rotation="0"  Flip="False"  Tag=""  LevelType="0"  SpriteName="EnemyBlobIdle_Character" Procedural="False" EnemyType="2" Difficulty="EXPERT" InitialDelay="0" />
		<GameObject Type="PlayerStartObj" Name="unknown"  X="120"  Y="300"  Width="60"  Height="60"  ScaleX="1"  ScaleY="1"  Rotation="0"  Flip="False"  Tag=""  LevelType="0"  />
		<GameObject Type="CollHullObj" Name="unknown"  X="2220"  Y="420"  Width="300"  Height="60"  ScaleX="1"  ScaleY="1"  Rotation="0"  Flip="False"  Tag=""  LevelType="0"  CollidesTop="True" CollidesBottom="False" CollidesRight="False" CollidesLeft="False" />
		<GameObject Type="CollHullObj" Name="unknown"  X="2220"  Y="720"  Width="300"  Height="60"  ScaleX="1"  ScaleY="1"  Rotation="0"  Flip="False"  Tag=""  LevelType="0"  CollidesTop="True" CollidesBottom="False" CollidesRight="False" CollidesLeft="False" />
		<GameObject Type="CollHullObj" Name="unknown"  X="2220"  Y="1020"  Width="300"  Height="60"  ScaleX="1"  ScaleY="1"  Rotation="0"  Flip="False"  Tag=""  LevelType="0"  CollidesTop="True" CollidesBottom="False" CollidesRight="False" CollidesLeft="False" />
		<GameObject Type="BorderObj" Name="unknown"  X="120"  Y="60"  Width="300"  Height="60"  ScaleX="1"  ScaleY="1"  Rotation="0"  Flip="False"  Tag=""  LevelType="0"  CollidesTop="False" CollidesBottom="True" CollidesRight="False" CollidesLeft="False" />
		<GameObject Type="BorderObj" Name="unknown"  X="60"  Y="120"  Width="60"  Height="120"  ScaleX="1"  ScaleY="1"  Rotation="0"  Flip="False"  Tag=""  LevelType="0"  CollidesTop="False" CollidesBottom="False" CollidesRight="True" CollidesLeft="False" />
		<GameObject Type="BorderObj" Name="unknown"  X="60"  Y="420"  Width="60"  Height="900"  ScaleX="1"  ScaleY="1"  Rotation="0"  Flip="False"  Tag=""  LevelType="0"  CollidesTop="False" CollidesBottom="False" CollidesRight="True" CollidesLeft="False" />
		<GameObject Type="BorderObj" Name="unknown"  X="120"  Y="1320"  Width="720"  Height="60"  ScaleX="1"  ScaleY="1"  Rotation="0"  Flip="False"  Tag=""  LevelType="0"  CollidesTop="True" CollidesBottom="False" CollidesRight="False" CollidesLeft="False" />
		<GameObject Type="BorderObj" Name="unknown"  X="540"  Y="60"  Width="1980"  Height="60"  ScaleX="1"  ScaleY="1"  Rotation="0"  Flip="False"  Tag=""  LevelType="0"  CollidesTop="False" CollidesBottom="True" CollidesRight="False" CollidesLeft="False" />
		<GameObject Type="BorderObj" Name="unknown"  X="420"  Y="120"  Width="120"  Height="960"  ScaleX="1"  ScaleY="1"  Rotation="0"  Flip="False"  Tag=""  LevelType="0"  CollidesTop="False" CollidesBottom="True" CollidesRight="True" CollidesLeft="True" />
		<GameObject Type="BorderObj" Name="unknown"  X="960"  Y="360"  Width="1140"  Height="60"  ScaleX="1"  ScaleY="1"  Rotation="0"  Flip="False"  Tag=""  LevelType="0"  CollidesTop="False" CollidesBottom="True" CollidesRight="False" CollidesLeft="False" />
		<GameObject Type="BorderObj" Name="unknown"  X="1380"  Y="1020"  Width="720"  Height="120"  ScaleX="1"  ScaleY="1"  Rotation="0"  Flip="False"  Tag=""  LevelType="0"  CollidesTop="True" CollidesBottom="True" CollidesRight="False" CollidesLeft="False" />
		<GameObject Type="BorderObj" Name="unknown"  X="900"  Y="420"  Width="60"  Height="900"  ScaleX="1"  ScaleY="1"  Rotation="0"  Flip="False"  Tag=""  LevelType="0"  CollidesTop="False" CollidesBottom="False" CollidesRight="True" CollidesLeft="False" />
		<GameObject Type="BorderObj" Name="unknown"  X="2100"  Y="420"  Width="120"  Height="600"  ScaleX="1"  ScaleY="1"  Rotation="0"  Flip="False"  Tag=""  LevelType="0"  CollidesTop="False" CollidesBottom="False" CollidesRight="True" CollidesLeft="True" />
		<GameObject Type="BorderObj" Name="unknown"  X="2100"  Y="1020"  Width="120"  Height="120"  ScaleX="1"  ScaleY="1"  Rotation="0"  Flip="False"  Tag=""  LevelType="0"  CollidesTop="False" CollidesBottom="True" CollidesRight="True" CollidesLeft="False" />
		<GameObject Type="BorderObj" Name="unknown"  X="1260"  Y="1020"  Width="120"  Height="120"  ScaleX="1"  ScaleY="1"  Rotation="0"  Flip="False"  Tag=""  LevelType="0"  CollidesTop="False" CollidesBottom="True" CollidesRight="False" CollidesLeft="True" />
		<GameObject Type="BorderObj" Name="unknown"  X="1260"  Y="720"  Width="120"  Height="300"  ScaleX="1"  ScaleY="1"  Rotation="0"  Flip="False"  Tag=""  LevelType="0"  CollidesTop="True" CollidesBottom="False" CollidesRight="True" CollidesLeft="True" />
		<GameObject Type="BorderObj" Name="unknown"  X="840"  Y="360"  Width="60"  Height="960"  ScaleX="1"  ScaleY="1"  Rotation="0"  Flip="False"  Tag=""  LevelType="0"  CollidesTop="False" CollidesBottom="False" CollidesRight="False" CollidesLeft="True" />
		<GameObject Type="BorderObj" Name="unknown"  X="840"  Y="300"  Width="1260"  Height="60"  ScaleX="1"  ScaleY="1"  Rotation="0"  Flip="False"  Tag=""  LevelType="0"  CollidesTop="True" CollidesBottom="False" CollidesRight="False" CollidesLeft="True" />
		<GameObject Type="BorderObj" Name="unknown"  X="2100"  Y="300"  Width="120"  Height="120"  ScaleX="1"  ScaleY="1"  Rotation="0"  Flip="False"  Tag=""  LevelType="0"  CollidesTop="True" CollidesBottom="False" CollidesRight="True" CollidesLeft="False" />
		<GameObject Type="BorderObj" Name="unknown"  X="2220"  Y="420"  Width="300"  Height="60"  ScaleX="1"  ScaleY="1"  Rotation="0"  Flip="False"  Tag=""  LevelType="0"  CollidesTop="True" CollidesBottom="False" CollidesRight="False" CollidesLeft="False" />
		<GameObject Type="BorderObj" Name="unknown"  X="960"  Y="1020"  Width="300"  Height="60"  ScaleX="1"  ScaleY="1"  Rotation="0"  Flip="False"  Tag=""  LevelType="0"  CollidesTop="True" CollidesBottom="False" CollidesRight="False" CollidesLeft="False" />
		<GameObject Type="BorderObj" Name="unknown"  X="960"  Y="720"  Width="300"  Height="60"  ScaleX="1"  ScaleY="1"  Rotation="0"  Flip="False"  Tag=""  LevelType="0"  CollidesTop="True" CollidesBottom="False" CollidesRight="False" CollidesLeft="False" />
		<GameObject Type="BorderObj" Name="unknown"  X="1020"  Y="1320"  Width="1500"  Height="60"  ScaleX="1"  ScaleY="1"  Rotation="0"  Flip="False"  Tag=""  LevelType="0"  CollidesTop="True" CollidesBottom="False" CollidesRight="False" CollidesLeft="False" />
		<GameObject Type="BorderObj" Name="unknown"  X="2520"  Y="120"  Width="60"  Height="1200"  ScaleX="1"  ScaleY="1"  Rotation="0"  Flip="False"  Tag=""  LevelType="0"  CollidesTop="False" CollidesBottom="False" CollidesRight="False" CollidesLeft="True" />
		<GameObject Type="CollHullObj" Name="unknown"  X="120"  Y="420"  Width="300"  Height="60"  ScaleX="1"  ScaleY="1"  Rotation="0"  Flip="False"  Tag=""  LevelType="0"  CollidesTop="True" CollidesBottom="False" CollidesRight="False" CollidesLeft="False" />
		<GameObject Type="CollHullObj" Name="unknown"  X="540"  Y="420"  Width="300"  Height="60"  ScaleX="1"  ScaleY="1"  Rotation="0"  Flip="False"  Tag=""  LevelType="0"  CollidesTop="True" CollidesBottom="False" CollidesRight="False" CollidesLeft="False" />
		<GameObject Type="CollHullObj" Name="unknown"  X="120"  Y="1020"  Width="300"  Height="60"  ScaleX="1"  ScaleY="1"  Rotation="0"  Flip="False"  Tag=""  LevelType="0"  CollidesTop="True" CollidesBottom="False" CollidesRight="False" CollidesLeft="False" />
		<GameObject Type="CollHullObj" Name="unknown"  X="540"  Y="720"  Width="300"  Height="60"  ScaleX="1"  ScaleY="1"  Rotation="0"  Flip="False"  Tag=""  LevelType="0"  CollidesTop="True" CollidesBottom="False" CollidesRight="False" CollidesLeft="False" />
		<GameObject Type="CollHullObj" Name="unknown"  X="120"  Y="720"  Width="300"  Height="60"  ScaleX="1"  ScaleY="1"  Rotation="0"  Flip="False"  Tag=""  LevelType="0"  CollidesTop="True" CollidesBottom="False" CollidesRight="False" CollidesLeft="False" />
		<GameObject Type="CollHullObj" Name="unknown"  X="960"  Y="720"  Width="300"  Height="60"  ScaleX="1"  ScaleY="1"  Rotation="0"  Flip="False"  Tag=""  LevelType="0"  CollidesTop="True" CollidesBottom="False" CollidesRight="False" CollidesLeft="False" />
		<GameObject Type="CollHullObj" Name="unknown"  X="960"  Y="1020"  Width="300"  Height="60"  ScaleX="1"  ScaleY="1"  Rotation="0"  Flip="False"  Tag=""  LevelType="0"  CollidesTop="True" CollidesBottom="False" CollidesRight="False" CollidesLeft="False" />
		<GameObject Type="CollHullObj" Name="unknown"  X="540"  Y="1020"  Width="300"  Height="60"  ScaleX="1"  ScaleY="1"  Rotation="0"  Flip="False"  Tag=""  LevelType="0"  CollidesTop="True" CollidesBottom="False" CollidesRight="False" CollidesLeft="False" />
		<GameObject Type="BorderObj" Name="unknown"  X="2220"  Y="1020"  Width="300"  Height="60"  ScaleX="1"  ScaleY="1"  Rotation="0"  Flip="False"  Tag=""  LevelType="0"  CollidesTop="True" CollidesBottom="False" CollidesRight="False" CollidesLeft="False" />
		<GameObject Type="BorderObj" Name="unknown"  X="2220"  Y="720"  Width="300"  Height="60"  ScaleX="1"  ScaleY="1"  Rotation="0"  Flip="False"  Tag=""  LevelType="0"  CollidesTop="True" CollidesBottom="False" CollidesRight="False" CollidesLeft="False" />
		<GameObject Type="BorderObj" Name="unknown"  X="120"  Y="1020"  Width="300"  Height="60"  ScaleX="1"  ScaleY="1"  Rotation="0"  Flip="False"  Tag=""  LevelType="0"  CollidesTop="True" CollidesBottom="False" CollidesRight="False" CollidesLeft="False" />
		<GameObject Type="BorderObj" Name="unknown"  X="540"  Y="1020"  Width="300"  Height="60"  ScaleX="1"  ScaleY="1"  Rotation="0"  Flip="False"  Tag=""  LevelType="0"  CollidesTop="True" CollidesBottom="False" CollidesRight="False" CollidesLeft="False" />
		<GameObject Type="BorderObj" Name="unknown"  X="120"  Y="420"  Width="300"  Height="60"  ScaleX="1"  ScaleY="1"  Rotation="0"  Flip="False"  Tag=""  LevelType="0"  CollidesTop="True" CollidesBottom="False" CollidesRight="False" CollidesLeft="False" />
		<GameObject Type="BorderObj" Name="unknown"  X="120"  Y="720"  Width="300"  Height="60"  ScaleX="1"  ScaleY="1"  Rotation="0"  Flip="False"  Tag=""  LevelType="0"  CollidesTop="True" CollidesBottom="False" CollidesRight="False" CollidesLeft="False" />
		<GameObject Type="BorderObj" Name="unknown"  X="540"  Y="420"  Width="300"  Height="60"  ScaleX="1"  ScaleY="1"  Rotation="0"  Flip="False"  Tag=""  LevelType="0"  CollidesTop="True" CollidesBottom="False" CollidesRight="False" CollidesLeft="False" />
		<GameObject Type="BorderObj" Name="unknown"  X="540"  Y="720"  Width="300"  Height="60"  ScaleX="1"  ScaleY="1"  Rotation="0"  Flip="False"  Tag=""  LevelType="0"  CollidesTop="True" CollidesBottom="False" CollidesRight="False" CollidesLeft="False" />
		<GameObject Type="ChestObj" Name="unknown"  X="1620"  Y="960"  Width="60"  Height="60"  ScaleX="1"  ScaleY="1"  Rotation="0"  Flip="False"  Tag=""  LevelType="0"  Fairy="False" />
		<GameObject Type="ChestObj" Name="unknown"  X="1620"  Y="1260"  Width="60"  Height="60"  ScaleX="1"  ScaleY="1"  Rotation="0"  Flip="False"  Tag=""  LevelType="0"  Fairy="False" />
		<GameObject Type="EnemyObj" Name="unknown"  X="480"  Y="1320"  Width="60"  Height="60"  ScaleX="1"  ScaleY="1"  Rotation="0"  Flip="False"  Tag=""  LevelType="0"  SpriteName="EnemySpikeTrap_Character" Procedural="False" EnemyType="21" Difficulty="BASIC" InitialDelay="0" />
		<GameObject Type="EnemyObj" Name="unknown"  X="420"  Y="1320"  Width="60"  Height="60"  ScaleX="1"  ScaleY="1"  Rotation="0"  Flip="False"  Tag=""  LevelType="0"  SpriteName="EnemySpikeTrap_Character" Procedural="False" EnemyType="21" Difficulty="BASIC" InitialDelay="0" />
		<GameObject Type="EnemyObj" Name="unknown"  X="360"  Y="1320"  Width="60"  Height="60"  ScaleX="1"  ScaleY="1"  Rotation="0"  Flip="False"  Tag=""  LevelType="0"  SpriteName="EnemySpikeTrap_Character" Procedural="False" EnemyType="21" Difficulty="BASIC" InitialDelay="0" />
		<GameObject Type="EnemyObj" Name="unknown"  X="300"  Y="1320"  Width="60"  Height="60"  ScaleX="1"  ScaleY="1"  Rotation="0"  Flip="False"  Tag=""  LevelType="0"  SpriteName="EnemySpikeTrap_Character" Procedural="False" EnemyType="21" Difficulty="BASIC" InitialDelay="0" />
		<GameObject Type="EnemyObj" Name="unknown"  X="240"  Y="1320"  Width="60"  Height="60"  ScaleX="1"  ScaleY="1"  Rotation="0"  Flip="False"  Tag=""  LevelType="0"  SpriteName="EnemySpikeTrap_Character" Procedural="False" EnemyType="21" Difficulty="BASIC" InitialDelay="0" />
		<GameObject Type="EnemyObj" Name="unknown"  X="180"  Y="1320"  Width="60"  Height="60"  ScaleX="1"  ScaleY="1"  Rotation="0"  Flip="False"  Tag=""  LevelType="0"  SpriteName="EnemySpikeTrap_Character" Procedural="False" EnemyType="21" Difficulty="BASIC" InitialDelay="0" />
		<GameObject Type="EnemyObj" Name="unknown"  X="540"  Y="1320"  Width="60"  Height="60"  ScaleX="1"  ScaleY="1"  Rotation="0"  Flip="False"  Tag=""  LevelType="0"  SpriteName="EnemySpikeTrap_Character" Procedural="False" EnemyType="21" Difficulty="BASIC" InitialDelay="0" />
		<GameObject Type="EnemyObj" Name="unknown"  X="720"  Y="1320"  Width="60"  Height="60"  ScaleX="1"  ScaleY="1"  Rotation="0"  Flip="False"  Tag=""  LevelType="0"  SpriteName="EnemySpikeTrap_Character" Procedural="False" EnemyType="21" Difficulty="BASIC" InitialDelay="0" />
		<GameObject Type="EnemyObj" Name="unknown"  X="660"  Y="1320"  Width="60"  Height="60"  ScaleX="1"  ScaleY="1"  Rotation="0"  Flip="False"  Tag=""  LevelType="0"  SpriteName="EnemySpikeTrap_Character" Procedural="False" EnemyType="21" Difficulty="BASIC" InitialDelay="0" />
		<GameObject Type="EnemyObj" Name="unknown"  X="600"  Y="1320"  Width="60"  Height="60"  ScaleX="1"  ScaleY="1"  Rotation="0"  Flip="False"  Tag=""  LevelType="0"  SpriteName="EnemySpikeTrap_Character" Procedural="False" EnemyType="21" Difficulty="BASIC" InitialDelay="0" />
		<GameObject Type="EnemyObj" Name="unknown"  X="780"  Y="1320"  Width="60"  Height="60"  ScaleX="1"  ScaleY="1"  Rotation="0"  Flip="False"  Tag=""  LevelType="0"  SpriteName="EnemySpikeTrap_Character" Procedural="False" EnemyType="21" Difficulty="BASIC" InitialDelay="0" />
		<GameObject Type="SpriteObj" Name="unknown"  X="120"  Y="120"  Width="120"  Height="120"  ScaleX="2"  ScaleY="2"  Rotation="0"  Flip="False"  Tag=""  LevelType="0"  SpriteName="CastleAssetWeb2_Sprite" BGLayer="True" />
		<GameObject Type="SpriteObj" Name="unknown"  X="2522"  Y="122"  Width="60"  Height="59"  ScaleX="2"  ScaleY="2"  Rotation="0"  Flip="True"  Tag=""  LevelType="0"  SpriteName="CastleAssetWeb2_Sprite" BGLayer="True" />
		<GameObject Type="PhysicsObjContainer" Name="unknown"  X="1560"  Y="420"  Width="60"  Height="60"  ScaleX="2"  ScaleY="2"  Rotation="0"  Flip="False"  Tag=""  LevelType="0"  SpriteName="CastleAssetChandelier1_Character" BGLayer="False" Weighted="False" Collidable="False" Breakable="True" />
		<GameObject Type="PhysicsObjContainer" Name="unknown"  X="1921"  Y="421"  Width="60"  Height="60"  ScaleX="2"  ScaleY="2"  Rotation="0"  Flip="False"  Tag=""  LevelType="0"  SpriteName="CastleAssetChandelier1_Character" BGLayer="False" Weighted="False" Collidable="False" Breakable="True" />
		<GameObject Type="ObjContainer" Name="unknown"  X="1920"  Y="180"  Width="60"  Height="60"  ScaleX="2"  ScaleY="2"  Rotation="0"  Flip="False"  Tag=""  LevelType="0"  SpriteName="CastleAssetBackTorch_Character" BGLayer="True" Weighted="False" Collidable="False" Breakable="False" />
		<GameObject Type="ObjContainer" Name="unknown"  X="1080"  Y="180"  Width="60"  Height="60"  ScaleX="2"  ScaleY="2"  Rotation="0"  Flip="False"  Tag=""  LevelType="0"  SpriteName="CastleAssetBackTorch_Character" BGLayer="True" Weighted="False" Collidable="False" Breakable="False" />
		<GameObject Type="SpriteObj" Name="unknown"  X="244"  Y="904"  Width="60"  Height="60"  ScaleX="1"  ScaleY="1"  Rotation="0"  Flip="False"  Tag=""  LevelType="0"  SpriteName="CastleAssetWindow2_Sprite" BGLayer="True" />
		<GameObject Type="SpriteObj" Name="unknown"  X="1564"  Y="724"  Width="60"  Height="60"  ScaleX="2"  ScaleY="2"  Rotation="0"  Flip="False"  Tag=""  LevelType="0"  SpriteName="CastleAssetWindow2_Sprite" BGLayer="True" />
		<GameObject Type="SpriteObj" Name="unknown"  X="1922"  Y="722"  Width="60"  Height="60"  ScaleX="2"  ScaleY="2"  Rotation="0"  Flip="False"  Tag=""  LevelType="0"  SpriteName="CastleAssetWindow2_Sprite" BGLayer="True" />
		<GameObject Type="SpriteObj" Name="unknown"  X="302"  Y="602"  Width="60"  Height="60"  ScaleX="1"  ScaleY="1"  Rotation="0"  Flip="False"  Tag=""  LevelType="0"  SpriteName="CastleAssetWindow2_Sprite" BGLayer="True" />
		<GameObject Type="SpriteObj" Name="unknown"  X="182"  Y="302"  Width="60"  Height="60"  ScaleX="1"  ScaleY="1"  Rotation="0"  Flip="False"  Tag=""  LevelType="0"  SpriteName="CastleAssetWindow2_Sprite" BGLayer="True" />
		<GameObject Type="SpriteObj" Name="unknown"  X="663"  Y="303"  Width="60"  Height="60"  ScaleX="1"  ScaleY="1"  Rotation="0"  Flip="False"  Tag=""  LevelType="0"  SpriteName="CastleAssetWindow2_Sprite" BGLayer="True" />
		<GameObject Type="SpriteObj" Name="unknown"  X="664"  Y="604"  Width="60"  Height="60"  ScaleX="1"  ScaleY="1"  Rotation="0"  Flip="False"  Tag=""  LevelType="0"  SpriteName="CastleAssetWindow2_Sprite" BGLayer="True" />
		<GameObject Type="SpriteObj" Name="unknown"  X="722"  Y="902"  Width="60"  Height="60"  ScaleX="1"  ScaleY="1"  Rotation="0"  Flip="False"  Tag=""  LevelType="0"  SpriteName="CastleAssetWindow2_Sprite" BGLayer="True" />
		<GameObject Type="SpriteObj" Name="unknown"  X="303"  Y="1203"  Width="60"  Height="60"  ScaleX="1"  ScaleY="1"  Rotation="0"  Flip="False"  Tag=""  LevelType="0"  SpriteName="CastleAssetWindow2_Sprite" BGLayer="True" />
		<GameObject Type="SpriteObj" Name="unknown"  X="604"  Y="1204"  Width="60"  Height="60"  ScaleX="1"  ScaleY="1"  Rotation="0"  Flip="False"  Tag=""  LevelType="0"  SpriteName="CastleAssetWindow2_Sprite" BGLayer="True" />
		<GameObject Type="SpriteObj" Name="unknown"  X="961"  Y="421"  Width="119"  Height="119"  ScaleX="1"  ScaleY="1"  Rotation="0"  Flip="False"  Tag=""  LevelType="0"  SpriteName="CastleAssetWeb2_Sprite" BGLayer="True" />
	</RoomObject>
</Map>