<?xml version="1.0" encoding="utf-8"?>
<Map>
	<Spritesheet Name="startingRoomSpritesheet" />
	<Spritesheet Name="castleTerrainSpritesheet" />
	<Spritesheet Name="dungeonTerrainSpritesheet" />
	<Spritesheet Name="towerTerrainSpritesheet" />
	<Spritesheet Name="gardenTerrainSpritesheet" />
	<RoomObject Name="unknown" X="0" Y="0" Width="1320" Height="720" ScaleX="1" ScaleY="1" Tag="" SelectionMode="0" DisplayBG="False" CastlePool="True" GardenPool="True" TowerPool="True" DungeonPool="True">
		<GameObject Type="CollHullObj" Name="unknown"  X="0"  Y="0"  Width="1320"  Height="60"  ScaleX="1"  ScaleY="1"  Rotation="0"  Flip="False"  Tag=""  LevelType="0"  CollidesTop="True" CollidesBottom="True" CollidesRight="True" CollidesLeft="True" />
		<GameObject Type="CollHullObj" Name="unknown"  X="0"  Y="60"  Width="420"  Height="180"  ScaleX="1"  ScaleY="1"  Rotation="0"  Flip="False"  Tag=""  LevelType="0"  CollidesTop="True" CollidesBottom="True" CollidesRight="True" CollidesLeft="True" />
		<GameObject Type="CollHullObj" Name="unknown"  X="0"  Y="420"  Width="1320"  Height="300"  ScaleX="1"  ScaleY="1"  Rotation="0"  Flip="False"  Tag=""  LevelType="0"  CollidesTop="True" CollidesBottom="True" CollidesRight="True" CollidesLeft="True" />
		<GameObject Type="DoorObj" Name="unknown"  X="0"  Y="240"  Width="120"  Height="180"  ScaleX="1"  ScaleY="1"  Rotation="0"  Flip="False"  Tag=""  LevelType="0"  DoorPos="Left" BossDoor="False" />
		<GameObject Type="CollHullObj" Name="unknown"  X="600"  Y="240"  Width="420"  Height="60"  ScaleX="1"  ScaleY="1"  Rotation="0"  Flip="False"  Tag=""  LevelType="0"  CollidesTop="True" CollidesBottom="False" CollidesRight="False" CollidesLeft="False" />
		<GameObject Type="BorderObj" Name="unknown"  X="420"  Y="0"  Width="780"  Height="60"  ScaleX="1"  ScaleY="1"  Rotation="0"  Flip="False"  Tag=""  LevelType="0"  CollidesTop="False" CollidesBottom="True" CollidesRight="False" CollidesLeft="False" />
		<GameObject Type="BorderObj" Name="unknown"  X="360"  Y="60"  Width="60"  Height="180"  ScaleX="1"  ScaleY="1"  Rotation="0"  Flip="False"  Tag=""  LevelType="0"  CollidesTop="False" CollidesBottom="True" CollidesRight="True" CollidesLeft="False" />
		<GameObject Type="BorderObj" Name="unknown"  X="0"  Y="180"  Width="360"  Height="60"  ScaleX="1"  ScaleY="1"  Rotation="0"  Flip="False"  Tag=""  LevelType="0"  CollidesTop="False" CollidesBottom="True" CollidesRight="False" CollidesLeft="False" />
		<GameObject Type="BorderObj" Name="unknown"  X="0"  Y="420"  Width="1320"  Height="60"  ScaleX="1"  ScaleY="1"  Rotation="0"  Flip="False"  Tag=""  LevelType="0"  CollidesTop="True" CollidesBottom="False" CollidesRight="False" CollidesLeft="False" />
		<GameObject Type="BorderObj" Name="unknown"  X="600"  Y="240"  Width="420"  Height="60"  ScaleX="1"  ScaleY="1"  Rotation="0"  Flip="False"  Tag=""  LevelType="0"  CollidesTop="True" CollidesBottom="False" CollidesRight="False" CollidesLeft="False" />
		<GameObject Type="ChestObj" Name="unknown"  X="660"  Y="180"  Width="60"  Height="60"  ScaleX="1"  ScaleY="1"  Rotation="0"  Flip="False"  Tag=""  LevelType="0"  Fairy="False" />
		<GameObject Type="ChestObj" Name="unknown"  X="780"  Y="180"  Width="60"  Height="60"  ScaleX="1"  ScaleY="1"  Rotation="0"  Flip="False"  Tag=""  LevelType="0"  Fairy="False" />
		<GameObject Type="ChestObj" Name="unknown"  X="900"  Y="180"  Width="60"  Height="60"  ScaleX="1"  ScaleY="1"  Rotation="0"  Flip="False"  Tag=""  LevelType="0"  Fairy="False" />
		<GameObject Type="ChestObj" Name="unknown"  X="660"  Y="360"  Width="60"  Height="60"  ScaleX="1"  ScaleY="1"  Rotation="0"  Flip="False"  Tag=""  LevelType="0"  Fairy="False" />
		<GameObject Type="ChestObj" Name="unknown"  X="780"  Y="360"  Width="60"  Height="60"  ScaleX="1"  ScaleY="1"  Rotation="0"  Flip="False"  Tag=""  LevelType="0"  Fairy="False" />
		<GameObject Type="ChestObj" Name="unknown"  X="900"  Y="360"  Width="60"  Height="60"  ScaleX="1"  ScaleY="1"  Rotation="0"  Flip="False"  Tag=""  LevelType="0"  Fairy="False" />
		<GameObject Type="CollHullObj" Name="unknown"  X="1200"  Y="60"  Width="120"  Height="180"  ScaleX="1"  ScaleY="1"  Rotation="0"  Flip="False"  Tag=""  LevelType="0"  CollidesTop="True" CollidesBottom="True" CollidesRight="True" CollidesLeft="True" />
		<GameObject Type="BorderObj" Name="unknown"  X="1200"  Y="60"  Width="120"  Height="180"  ScaleX="1"  ScaleY="1"  Rotation="0"  Flip="False"  Tag=""  LevelType="0"  CollidesTop="False" CollidesBottom="True" CollidesRight="False" CollidesLeft="True" />
		<GameObject Type="DoorObj" Name="unknown"  X="1200"  Y="240"  Width="120"  Height="180"  ScaleX="1"  ScaleY="1"  Rotation="0"  Flip="False"  Tag=""  LevelType="0"  DoorPos="Right" BossDoor="False" />
	</RoomObject>
</Map>