﻿<?xml version="1.0" encoding="utf-8"?>
<Map>
	<Spritesheet Name="startingRoomSpritesheet" />
	<Spritesheet Name="castleTerrainSpritesheet" />
	<Spritesheet Name="dungeonTerrainSpritesheet" />
	<Spritesheet Name="towerTerrainSpritesheet" />
	<Spritesheet Name="gardenTerrainSpritesheet" />
	<RoomObject Name="Compass" X="0" Y="0" Width="3960" Height="1440" ScaleX="1" ScaleY="1" Tag="3" SelectionMode="0" DisplayBG="False" CastlePool="True" GardenPool="True" TowerPool="True" DungeonPool="True">
		<GameObject Type="CollHullObj" Name="unknown"  X="60"  Y="1380"  Width="3840"  Height="30"  ScaleX="1"  ScaleY="1"  Rotation="0"  Flip="False"  Tag=""  LevelType="0"  CollidesTop="True" CollidesBottom="True" CollidesRight="True" CollidesLeft="True" />
		<GameObject Type="CollHullObj" Name="unknown"  X="60"  Y="1410"  Width="3840"  Height="30"  ScaleX="1"  ScaleY="1"  Rotation="0"  Flip="False"  Tag=""  LevelType="0"  CollidesTop="True" CollidesBottom="True" CollidesRight="True" CollidesLeft="True" />
		<GameObject Type="DoorObj" Name="unknown"  X="780"  Y="690"  Width="120"  Height="180"  ScaleX="1"  ScaleY="1"  Rotation="0"  Flip="False"  Tag=""  LevelType="0"  DoorPos="None" BossDoor="True" />
		<GameObject Type="SpriteObj" Name="unknown"  X="840"  Y="870"  Width="60"  Height="60"  ScaleX="2"  ScaleY="2"  Rotation="0"  Flip="False"  Tag=""  LevelType="0"  BGLayer="False" SpriteName="CastleDoorOpen_Sprite" />
		<GameObject Type="SpriteObj" Name="unknown"  X="0"  Y="0"  Width="60"  Height="60"  ScaleX="31"  ScaleY="12"  Rotation="0"  Flip="False"  Tag=""  LevelType="0"  BGLayer="True" SpriteName="GardenBG_Sprite" />
		<GameObject Type="CollHullObj" Name="unknown"  X="60"  Y="0"  Width="3840"  Height="30"  ScaleX="1"  ScaleY="1"  Rotation="0"  Flip="False"  Tag=""  LevelType="0"  CollidesTop="True" CollidesBottom="True" CollidesRight="True" CollidesLeft="True" />
		<GameObject Type="CollHullObj" Name="unknown"  X="60"  Y="30"  Width="3840"  Height="30"  ScaleX="1"  ScaleY="1"  Rotation="0"  Flip="False"  Tag=""  LevelType="0"  CollidesTop="True" CollidesBottom="True" CollidesRight="True" CollidesLeft="True" />
		<GameObject Type="CollHullObj" Name="unknown"  X="30"  Y="0"  Width="1440"  Height="30"  ScaleX="1"  ScaleY="1"  Rotation="90"  Flip="False"  Tag=""  LevelType="0"  CollidesTop="True" CollidesBottom="True" CollidesRight="True" CollidesLeft="True" />
		<GameObject Type="CollHullObj" Name="unknown"  X="60"  Y="0"  Width="1440"  Height="30"  ScaleX="1"  ScaleY="1"  Rotation="90"  Flip="False"  Tag=""  LevelType="0"  CollidesTop="True" CollidesBottom="True" CollidesRight="True" CollidesLeft="True" />
		<GameObject Type="CollHullObj" Name="unknown"  X="3930"  Y="0"  Width="1440"  Height="30"  ScaleX="1"  ScaleY="1"  Rotation="90"  Flip="False"  Tag=""  LevelType="0"  CollidesTop="True" CollidesBottom="True" CollidesRight="True" CollidesLeft="True" />
		<GameObject Type="CollHullObj" Name="unknown"  X="3960"  Y="0"  Width="1440"  Height="30"  ScaleX="1"  ScaleY="1"  Rotation="90"  Flip="False"  Tag=""  LevelType="0"  CollidesTop="True" CollidesBottom="True" CollidesRight="True" CollidesLeft="True" />
		<GameObject Type="SpriteObj" Name="unknown"  X="840"  Y="735"  Width="60"  Height="60"  ScaleX="6"  ScaleY="6"  Rotation="0"  Flip="False"  Tag=""  LevelType="0"  BGLayer="True" SpriteName="GardenFloatingRock1_Sprite" />
		<GameObject Type="CollHullObj" Name="unknown"  X="720"  Y="870"  Width="240"  Height="60"  ScaleX="1"  ScaleY="1"  Rotation="0"  Flip="False"  Tag=""  LevelType="0"  CollidesTop="True" CollidesBottom="False" CollidesRight="False" CollidesLeft="False" />
		<GameObject Type="BorderObj" Name="unknown"  X="720"  Y="870"  Width="240"  Height="30"  ScaleX="1"  ScaleY="1"  Rotation="0"  Flip="False"  Tag=""  LevelType="0"  CollidesTop="True" CollidesBottom="False" CollidesRight="False" CollidesLeft="False" />
		<GameObject Type="ObjContainer" Name="unknown"  X="3240"  Y="570"  Width="60"  Height="60"  ScaleX="1"  ScaleY="1"  Rotation="0"  Flip="False"  Tag=""  LevelType="0"  BGLayer="True" Weighted="False" Collidable="False" Breakable="False" SpriteName="CastleBGPillar_Character" />
		<GameObject Type="ObjContainer" Name="unknown"  X="3240"  Y="570"  Width="60"  Height="60"  ScaleX="3"  ScaleY="3"  Rotation="0"  Flip="False"  Tag=""  LevelType="0"  BGLayer="False" Weighted="False" Collidable="False" Breakable="False" SpriteName="CastleAssetBackTorch_Character" />
		<GameObject Type="CollHullObj" Name="unknown"  X="1170"  Y="1050"  Width="180"  Height="60"  ScaleX="1"  ScaleY="1"  Rotation="0"  Flip="False"  Tag=""  LevelType="0"  CollidesTop="True" CollidesBottom="False" CollidesRight="False" CollidesLeft="False" />
		<GameObject Type="BorderObj" Name="unknown"  X="1170"  Y="1050"  Width="180"  Height="30"  ScaleX="1"  ScaleY="1"  Rotation="0"  Flip="False"  Tag=""  LevelType="0"  CollidesTop="True" CollidesBottom="False" CollidesRight="False" CollidesLeft="False" />
		<GameObject Type="CollHullObj" Name="unknown"  X="1560"  Y="780"  Width="180"  Height="60"  ScaleX="1"  ScaleY="1"  Rotation="0"  Flip="False"  Tag=""  LevelType="0"  CollidesTop="True" CollidesBottom="False" CollidesRight="False" CollidesLeft="False" />
		<GameObject Type="BorderObj" Name="unknown"  X="1560"  Y="780"  Width="180"  Height="30"  ScaleX="1"  ScaleY="1"  Rotation="0"  Flip="False"  Tag=""  LevelType="0"  CollidesTop="True" CollidesBottom="False" CollidesRight="False" CollidesLeft="False" />
		<GameObject Type="ChestObj" Name="unknown"  X="2028"  Y="870"  Width="60"  Height="60"  ScaleX="1"  ScaleY="1"  Rotation="0"  Flip="False"  Tag=""  LevelType="0"  Fairy="False" />
		<GameObject Type="ChestObj" Name="unknown"  X="2388"  Y="840"  Width="60"  Height="60"  ScaleX="1"  ScaleY="1"  Rotation="0"  Flip="False"  Tag=""  LevelType="0"  Fairy="False" />
		<GameObject Type="ChestObj" Name="unknown"  X="2748"  Y="840"  Width="60"  Height="60"  ScaleX="1"  ScaleY="1"  Rotation="0"  Flip="False"  Tag=""  LevelType="0"  Fairy="False" />
		<GameObject Type="ChestObj" Name="unknown"  X="3108"  Y="870"  Width="60"  Height="60"  ScaleX="1"  ScaleY="1"  Rotation="0"  Flip="False"  Tag=""  LevelType="0"  Fairy="False" />
		<GameObject Type="ObjContainer" Name="unknown"  X="3060"  Y="570"  Width="60"  Height="60"  ScaleX="1"  ScaleY="1"  Rotation="0"  Flip="False"  Tag=""  LevelType="0"  BGLayer="True" Weighted="False" Collidable="False" Breakable="False" SpriteName="CastleBGPillar_Character" />
		<GameObject Type="ObjContainer" Name="unknown"  X="3060"  Y="570"  Width="60"  Height="60"  ScaleX="3"  ScaleY="3"  Rotation="0"  Flip="False"  Tag=""  LevelType="0"  BGLayer="False" Weighted="False" Collidable="False" Breakable="False" SpriteName="CastleAssetBackTorch_Character" />
		<GameObject Type="ObjContainer" Name="unknown"  X="2880"  Y="540"  Width="60"  Height="60"  ScaleX="1"  ScaleY="1"  Rotation="0"  Flip="False"  Tag=""  LevelType="0"  BGLayer="True" Weighted="False" Collidable="False" Breakable="False" SpriteName="CastleBGPillar_Character" />
		<GameObject Type="ObjContainer" Name="unknown"  X="2700"  Y="540"  Width="60"  Height="60"  ScaleX="1"  ScaleY="1"  Rotation="0"  Flip="False"  Tag=""  LevelType="0"  BGLayer="True" Weighted="False" Collidable="False" Breakable="False" SpriteName="CastleBGPillar_Character" />
		<GameObject Type="ObjContainer" Name="unknown"  X="2520"  Y="540"  Width="60"  Height="60"  ScaleX="1"  ScaleY="1"  Rotation="0"  Flip="False"  Tag=""  LevelType="0"  BGLayer="True" Weighted="False" Collidable="False" Breakable="False" SpriteName="CastleBGPillar_Character" />
		<GameObject Type="ObjContainer" Name="unknown"  X="2340"  Y="540"  Width="60"  Height="60"  ScaleX="1"  ScaleY="1"  Rotation="0"  Flip="False"  Tag=""  LevelType="0"  BGLayer="True" Weighted="False" Collidable="False" Breakable="False" SpriteName="CastleBGPillar_Character" />
		<GameObject Type="ObjContainer" Name="unknown"  X="2160"  Y="570"  Width="60"  Height="60"  ScaleX="1"  ScaleY="1"  Rotation="0"  Flip="False"  Tag=""  LevelType="0"  BGLayer="True" Weighted="False" Collidable="False" Breakable="False" SpriteName="CastleBGPillar_Character" />
		<GameObject Type="ObjContainer" Name="unknown"  X="1980"  Y="570"  Width="60"  Height="60"  ScaleX="1"  ScaleY="1"  Rotation="0"  Flip="False"  Tag=""  LevelType="0"  BGLayer="True" Weighted="False" Collidable="False" Breakable="False" SpriteName="CastleBGPillar_Character" />
		<GameObject Type="ObjContainer" Name="unknown"  X="2880"  Y="540"  Width="60"  Height="60"  ScaleX="3"  ScaleY="3"  Rotation="0"  Flip="False"  Tag=""  LevelType="0"  BGLayer="False" Weighted="False" Collidable="False" Breakable="False" SpriteName="CastleAssetBackTorch_Character" />
		<GameObject Type="ObjContainer" Name="unknown"  X="2700"  Y="540"  Width="60"  Height="60"  ScaleX="3"  ScaleY="3"  Rotation="0"  Flip="False"  Tag=""  LevelType="0"  BGLayer="False" Weighted="False" Collidable="False" Breakable="False" SpriteName="CastleAssetBackTorch_Character" />
		<GameObject Type="ObjContainer" Name="unknown"  X="2520"  Y="540"  Width="60"  Height="60"  ScaleX="3"  ScaleY="3"  Rotation="0"  Flip="False"  Tag=""  LevelType="0"  BGLayer="False" Weighted="False" Collidable="False" Breakable="False" SpriteName="CastleAssetBackTorch_Character" />
		<GameObject Type="ObjContainer" Name="unknown"  X="2340"  Y="540"  Width="60"  Height="60"  ScaleX="3"  ScaleY="3"  Rotation="0"  Flip="False"  Tag=""  LevelType="0"  BGLayer="False" Weighted="False" Collidable="False" Breakable="False" SpriteName="CastleAssetBackTorch_Character" />
		<GameObject Type="ObjContainer" Name="unknown"  X="2160"  Y="570"  Width="60"  Height="60"  ScaleX="3"  ScaleY="3"  Rotation="0"  Flip="False"  Tag=""  LevelType="0"  BGLayer="False" Weighted="False" Collidable="False" Breakable="False" SpriteName="CastleAssetBackTorch_Character" />
		<GameObject Type="ObjContainer" Name="unknown"  X="1980"  Y="570"  Width="60"  Height="60"  ScaleX="3"  ScaleY="3"  Rotation="0"  Flip="False"  Tag=""  LevelType="0"  BGLayer="False" Weighted="False" Collidable="False" Breakable="False" SpriteName="CastleAssetBackTorch_Character" />
		<GameObject Type="CollHullObj" Name="unknown"  X="3030"  Y="930"  Width="240"  Height="60"  ScaleX="1"  ScaleY="1"  Rotation="0"  Flip="False"  Tag=""  LevelType="0"  CollidesTop="True" CollidesBottom="False" CollidesRight="False" CollidesLeft="False" />
		<GameObject Type="CollHullObj" Name="unknown"  X="2670"  Y="900"  Width="240"  Height="60"  ScaleX="1"  ScaleY="1"  Rotation="0"  Flip="False"  Tag=""  LevelType="0"  CollidesTop="True" CollidesBottom="False" CollidesRight="False" CollidesLeft="False" />
		<GameObject Type="CollHullObj" Name="unknown"  X="2310"  Y="900"  Width="240"  Height="60"  ScaleX="1"  ScaleY="1"  Rotation="0"  Flip="False"  Tag=""  LevelType="0"  CollidesTop="True" CollidesBottom="False" CollidesRight="False" CollidesLeft="False" />
		<GameObject Type="CollHullObj" Name="unknown"  X="1950"  Y="930"  Width="240"  Height="60"  ScaleX="1"  ScaleY="1"  Rotation="0"  Flip="False"  Tag=""  LevelType="0"  CollidesTop="True" CollidesBottom="False" CollidesRight="False" CollidesLeft="False" />
		<GameObject Type="BorderObj" Name="unknown"  X="1950"  Y="930"  Width="240"  Height="30"  ScaleX="1"  ScaleY="1"  Rotation="0"  Flip="False"  Tag=""  LevelType="0"  CollidesTop="True" CollidesBottom="False" CollidesRight="False" CollidesLeft="False" />
		<GameObject Type="BorderObj" Name="unknown"  X="2310"  Y="900"  Width="240"  Height="30"  ScaleX="1"  ScaleY="1"  Rotation="0"  Flip="False"  Tag=""  LevelType="0"  CollidesTop="True" CollidesBottom="False" CollidesRight="False" CollidesLeft="False" />
		<GameObject Type="BorderObj" Name="unknown"  X="2670"  Y="900"  Width="240"  Height="30"  ScaleX="1"  ScaleY="1"  Rotation="0"  Flip="False"  Tag=""  LevelType="0"  CollidesTop="True" CollidesBottom="False" CollidesRight="False" CollidesLeft="False" />
		<GameObject Type="BorderObj" Name="unknown"  X="3030"  Y="930"  Width="240"  Height="30"  ScaleX="1"  ScaleY="1"  Rotation="0"  Flip="False"  Tag=""  LevelType="0"  CollidesTop="True" CollidesBottom="False" CollidesRight="False" CollidesLeft="False" />
		<GameObject Type="SpriteObj" Name="unknown"  X="1980"  Y="960"  Width="60"  Height="60"  ScaleX="2.2"  ScaleY="2"  Rotation="0"  Flip="True"  Tag=""  LevelType="0"  BGLayer="True" SpriteName="GardenFloatingRock2_Sprite" />
		<GameObject Type="SpriteObj" Name="unknown"  X="2160"  Y="960"  Width="60"  Height="60"  ScaleX="2.2"  ScaleY="2"  Rotation="0"  Flip="False"  Tag=""  LevelType="0"  BGLayer="True" SpriteName="GardenFloatingRock2_Sprite" />
		<GameObject Type="SpriteObj" Name="unknown"  X="2340"  Y="930"  Width="60"  Height="60"  ScaleX="2.2"  ScaleY="2"  Rotation="0"  Flip="True"  Tag=""  LevelType="0"  BGLayer="True" SpriteName="GardenFloatingRock2_Sprite" />
		<GameObject Type="SpriteObj" Name="unknown"  X="2520"  Y="930"  Width="60"  Height="60"  ScaleX="2.2"  ScaleY="2"  Rotation="0"  Flip="False"  Tag=""  LevelType="0"  BGLayer="True" SpriteName="GardenFloatingRock2_Sprite" />
		<GameObject Type="SpriteObj" Name="unknown"  X="2700"  Y="930"  Width="60"  Height="60"  ScaleX="2.2"  ScaleY="2"  Rotation="0"  Flip="True"  Tag=""  LevelType="0"  BGLayer="True" SpriteName="GardenFloatingRock2_Sprite" />
		<GameObject Type="SpriteObj" Name="unknown"  X="2880"  Y="930"  Width="60"  Height="60"  ScaleX="2.2"  ScaleY="2"  Rotation="0"  Flip="False"  Tag=""  LevelType="0"  BGLayer="True" SpriteName="GardenFloatingRock2_Sprite" />
		<GameObject Type="SpriteObj" Name="unknown"  X="3060"  Y="960"  Width="60"  Height="60"  ScaleX="2.2"  ScaleY="2"  Rotation="0"  Flip="True"  Tag=""  LevelType="0"  BGLayer="True" SpriteName="GardenFloatingRock2_Sprite" />
		<GameObject Type="SpriteObj" Name="unknown"  X="3240"  Y="960"  Width="60"  Height="60"  ScaleX="2.2"  ScaleY="2"  Rotation="0"  Flip="False"  Tag=""  LevelType="0"  BGLayer="True" SpriteName="GardenFloatingRock2_Sprite" />
		<GameObject Type="SpriteObj" Name="unknown"  X="2070"  Y="990"  Width="60"  Height="60"  ScaleX="2.2"  ScaleY="2.4"  Rotation="0"  Flip="False"  Tag=""  LevelType="0"  BGLayer="True" SpriteName="GardenFloatingRock4_Sprite" />
		<GameObject Type="SpriteObj" Name="unknown"  X="2430"  Y="960"  Width="60"  Height="60"  ScaleX="2.2"  ScaleY="2.4"  Rotation="0"  Flip="False"  Tag=""  LevelType="0"  BGLayer="True" SpriteName="GardenFloatingRock4_Sprite" />
		<GameObject Type="SpriteObj" Name="unknown"  X="2790"  Y="960"  Width="60"  Height="60"  ScaleX="2.2"  ScaleY="2.4"  Rotation="0"  Flip="True"  Tag=""  LevelType="0"  BGLayer="True" SpriteName="GardenFloatingRock4_Sprite" />
		<GameObject Type="SpriteObj" Name="unknown"  X="3150"  Y="990"  Width="60"  Height="60"  ScaleX="2.2"  ScaleY="2.4"  Rotation="0"  Flip="True"  Tag=""  LevelType="0"  BGLayer="True" SpriteName="GardenFloatingRock4_Sprite" />
		<GameObject Type="SpriteObj" Name="unknown"  X="1260"  Y="990"  Width="60"  Height="60"  ScaleX="6"  ScaleY="6"  Rotation="0"  Flip="False"  Tag=""  LevelType="0"  BGLayer="True" SpriteName="GardenFloatingRock5_Sprite" />
		<GameObject Type="SpriteObj" Name="unknown"  X="1650"  Y="690"  Width="60"  Height="60"  ScaleX="6"  ScaleY="6"  Rotation="0"  Flip="False"  Tag=""  LevelType="0"  BGLayer="True" SpriteName="GardenFloatingRock3_Sprite" />
		<GameObject Type="SpriteObj" Name="unknown"  X="330"  Y="900"  Width="60"  Height="60"  ScaleX="5"  ScaleY="5"  Rotation="0"  Flip="False"  Tag=""  LevelType="0"  BGLayer="True" SpriteName="GardenFloatingRock2_Sprite" />
		<GameObject Type="SpriteObj" Name="unknown"  X="3600"  Y="840"  Width="60"  Height="60"  ScaleX="4"  ScaleY="4"  Rotation="0"  Flip="False"  Tag=""  LevelType="0"  BGLayer="True" SpriteName="GardenFloatingRock1_Sprite" />
		<GameObject Type="SpriteObj" Name="unknown"  X="180"  Y="1140"  Width="60"  Height="60"  ScaleX="2"  ScaleY="2"  Rotation="0"  Flip="False"  Tag=""  LevelType="0"  BGLayer="True" SpriteName="GardenFloatingRock4_Sprite" />
		<GameObject Type="SpriteObj" Name="unknown"  X="570"  Y="780"  Width="60"  Height="60"  ScaleX="2"  ScaleY="2"  Rotation="0"  Flip="False"  Tag=""  LevelType="0"  BGLayer="True" SpriteName="GardenFloatingRock5_Sprite" />
		<GameObject Type="SpriteObj" Name="unknown"  X="240"  Y="1350"  Width="60"  Height="60"  ScaleX="2"  ScaleY="2"  Rotation="0"  Flip="False"  Tag=""  LevelType="0"  BGLayer="True" SpriteName="GardenFloatingRock1_Sprite" />
		<GameObject Type="SpriteObj" Name="unknown"  X="1050"  Y="930"  Width="60"  Height="60"  ScaleX="2"  ScaleY="2"  Rotation="0"  Flip="False"  Tag=""  LevelType="0"  BGLayer="True" SpriteName="GardenFloatingRock3_Sprite" />
		<GameObject Type="SpriteObj" Name="unknown"  X="1410"  Y="750"  Width="60"  Height="60"  ScaleX="2"  ScaleY="2"  Rotation="0"  Flip="False"  Tag=""  LevelType="0"  BGLayer="True" SpriteName="GardenFloatingRock2_Sprite" />
		<GameObject Type="SpriteObj" Name="unknown"  X="3390"  Y="900"  Width="60"  Height="60"  ScaleX="2"  ScaleY="2"  Rotation="0"  Flip="False"  Tag=""  LevelType="0"  BGLayer="True" SpriteName="GardenFloatingRock5_Sprite" />
		<GameObject Type="SpriteObj" Name="unknown"  X="3750"  Y="630"  Width="60"  Height="60"  ScaleX="2"  ScaleY="2"  Rotation="0"  Flip="False"  Tag=""  LevelType="0"  BGLayer="True" SpriteName="GardenFloatingRock3_Sprite" />
		<GameObject Type="SpriteObj" Name="unknown"  X="3870"  Y="450"  Width="60"  Height="60"  ScaleX="2"  ScaleY="2"  Rotation="0"  Flip="False"  Tag=""  LevelType="0"  BGLayer="True" SpriteName="GardenFloatingRock2_Sprite" />
		<GameObject Type="SpriteObj" Name="unknown"  X="1890"  Y="780"  Width="30"  Height="30"  ScaleX="1"  ScaleY="1"  Rotation="0"  Flip="False"  Tag=""  LevelType="0"  BGLayer="True" SpriteName="GardenFloatingRock1_Sprite" />
		<GameObject Type="SpriteObj" Name="unknown"  X="1830"  Y="900"  Width="30"  Height="30"  ScaleX="1"  ScaleY="1"  Rotation="0"  Flip="False"  Tag=""  LevelType="0"  BGLayer="True" SpriteName="GardenFloatingRock4_Sprite" />
		<GameObject Type="SpriteObj" Name="unknown"  X="1500"  Y="960"  Width="30"  Height="30"  ScaleX="1"  ScaleY="1"  Rotation="0"  Flip="False"  Tag=""  LevelType="0"  BGLayer="True" SpriteName="GardenFloatingRock3_Sprite" />
		<GameObject Type="SpriteObj" Name="unknown"  X="1110"  Y="750"  Width="30"  Height="30"  ScaleX="1"  ScaleY="1"  Rotation="0"  Flip="False"  Tag=""  LevelType="0"  BGLayer="True" SpriteName="GardenFloatingRock5_Sprite" />
		<GameObject Type="SpriteObj" Name="unknown"  X="1020"  Y="1080"  Width="30"  Height="30"  ScaleX="1"  ScaleY="1"  Rotation="0"  Flip="False"  Tag=""  LevelType="0"  BGLayer="True" SpriteName="GardenFloatingRock2_Sprite" />
		<GameObject Type="SpriteObj" Name="unknown"  X="540"  Y="930"  Width="30"  Height="30"  ScaleX="1"  ScaleY="1"  Rotation="0"  Flip="False"  Tag=""  LevelType="0"  BGLayer="True" SpriteName="GardenFloatingRock3_Sprite" />
		<GameObject Type="SpriteObj" Name="unknown"  X="450"  Y="690"  Width="30"  Height="30"  ScaleX="1"  ScaleY="1"  Rotation="0"  Flip="False"  Tag=""  LevelType="0"  BGLayer="True" SpriteName="GardenFloatingRock4_Sprite" />
		<GameObject Type="SpriteObj" Name="unknown"  X="180"  Y="960"  Width="30"  Height="30"  ScaleX="1"  ScaleY="1"  Rotation="0"  Flip="False"  Tag=""  LevelType="0"  BGLayer="True" SpriteName="GardenFloatingRock5_Sprite" />
		<GameObject Type="SpriteObj" Name="unknown"  X="330"  Y="1230"  Width="30"  Height="30"  ScaleX="1"  ScaleY="1"  Rotation="0"  Flip="False"  Tag=""  LevelType="0"  BGLayer="True" SpriteName="GardenFloatingRock3_Sprite" />
		<GameObject Type="SpriteObj" Name="unknown"  X="120"  Y="1320"  Width="30"  Height="30"  ScaleX="1"  ScaleY="1"  Rotation="0"  Flip="False"  Tag=""  LevelType="0"  BGLayer="True" SpriteName="GardenFloatingRock2_Sprite" />
		<GameObject Type="SpriteObj" Name="unknown"  X="600"  Y="630"  Width="30"  Height="30"  ScaleX="1"  ScaleY="1"  Rotation="0"  Flip="False"  Tag=""  LevelType="0"  BGLayer="True" SpriteName="GardenFloatingRock2_Sprite" />
		<GameObject Type="SpriteObj" Name="unknown"  X="3330"  Y="780"  Width="30"  Height="30"  ScaleX="1"  ScaleY="1"  Rotation="0"  Flip="False"  Tag=""  LevelType="0"  BGLayer="True" SpriteName="GardenFloatingRock1_Sprite" />
		<GameObject Type="SpriteObj" Name="unknown"  X="3510"  Y="1020"  Width="30"  Height="30"  ScaleX="1"  ScaleY="1"  Rotation="0"  Flip="False"  Tag=""  LevelType="0"  BGLayer="True" SpriteName="GardenFloatingRock2_Sprite" />
		<GameObject Type="SpriteObj" Name="unknown"  X="3810"  Y="780"  Width="30"  Height="30"  ScaleX="1"  ScaleY="1"  Rotation="0"  Flip="False"  Tag=""  LevelType="0"  BGLayer="True" SpriteName="GardenFloatingRock1_Sprite" />
		<GameObject Type="SpriteObj" Name="unknown"  X="3660"  Y="570"  Width="30"  Height="30"  ScaleX="1"  ScaleY="1"  Rotation="0"  Flip="False"  Tag=""  LevelType="0"  BGLayer="True" SpriteName="GardenFloatingRock5_Sprite" />
		<GameObject Type="SpriteObj" Name="unknown"  X="3750"  Y="450"  Width="30"  Height="30"  ScaleX="1"  ScaleY="1"  Rotation="0"  Flip="False"  Tag=""  LevelType="0"  BGLayer="True" SpriteName="GardenFloatingRock1_Sprite" />
		<GameObject Type="SpriteObj" Name="unknown"  X="3900"  Y="600"  Width="30"  Height="30"  ScaleX="1"  ScaleY="1"  Rotation="0"  Flip="False"  Tag=""  LevelType="0"  BGLayer="True" SpriteName="GardenFloatingRock4_Sprite" />
		<GameObject Type="EnemyObj" Name="unknown"  X="120"  Y="840"  Width="60"  Height="60"  ScaleX="1"  ScaleY="1"  Rotation="0"  Flip="False"  Tag=""  LevelType="0"  EnemyType="6" Difficulty="BASIC" InitialDelay="5000" Procedural="False" SpriteName="EnemyEyeballIdle_Character" />
		<GameObject Type="EnemyObj" Name="unknown"  X="180"  Y="600"  Width="60"  Height="60"  ScaleX="1"  ScaleY="1"  Rotation="0"  Flip="False"  Tag=""  LevelType="0"  EnemyType="6" Difficulty="BASIC" InitialDelay="5000" Procedural="False" SpriteName="EnemyEyeballIdle_Character" />
		<GameObject Type="EnemyObj" Name="unknown"  X="330"  Y="690"  Width="60"  Height="60"  ScaleX="1"  ScaleY="1"  Rotation="0"  Flip="False"  Tag=""  LevelType="0"  EnemyType="6" Difficulty="BASIC" InitialDelay="5000" Procedural="False" SpriteName="EnemyEyeballIdle_Character" />
		<GameObject Type="EnemyObj" Name="unknown"  X="450"  Y="540"  Width="60"  Height="60"  ScaleX="1"  ScaleY="1"  Rotation="0"  Flip="False"  Tag=""  LevelType="0"  EnemyType="6" Difficulty="BASIC" InitialDelay="5000" Procedural="False" SpriteName="EnemyEyeballIdle_Character" />
		<GameObject Type="EnemyObj" Name="unknown"  X="600"  Y="390"  Width="60"  Height="60"  ScaleX="1"  ScaleY="1"  Rotation="0"  Flip="False"  Tag=""  LevelType="0"  EnemyType="6" Difficulty="BASIC" InitialDelay="5000" Procedural="False" SpriteName="EnemyEyeballIdle_Character" />
		<GameObject Type="EnemyObj" Name="unknown"  X="690"  Y="510"  Width="60"  Height="60"  ScaleX="1"  ScaleY="1"  Rotation="0"  Flip="False"  Tag=""  LevelType="0"  EnemyType="6" Difficulty="BASIC" InitialDelay="5000" Procedural="False" SpriteName="EnemyEyeballIdle_Character" />
		<GameObject Type="EnemyObj" Name="unknown"  X="900"  Y="420"  Width="60"  Height="60"  ScaleX="1"  ScaleY="1"  Rotation="0"  Flip="False"  Tag=""  LevelType="0"  EnemyType="6" Difficulty="BASIC" InitialDelay="5000" Procedural="False" SpriteName="EnemyEyeballIdle_Character" />
		<GameObject Type="EnemyObj" Name="unknown"  X="990"  Y="570"  Width="60"  Height="60"  ScaleX="1"  ScaleY="1"  Rotation="0"  Flip="False"  Tag=""  LevelType="0"  EnemyType="6" Difficulty="BASIC" InitialDelay="5000" Procedural="False" SpriteName="EnemyEyeballIdle_Character" />
		<GameObject Type="EnemyObj" Name="unknown"  X="1170"  Y="510"  Width="60"  Height="60"  ScaleX="1"  ScaleY="1"  Rotation="0"  Flip="False"  Tag=""  LevelType="0"  EnemyType="6" Difficulty="BASIC" InitialDelay="5000" Procedural="False" SpriteName="EnemyEyeballIdle_Character" />
		<GameObject Type="EnemyObj" Name="unknown"  X="1260"  Y="690"  Width="60"  Height="60"  ScaleX="1"  ScaleY="1"  Rotation="0"  Flip="False"  Tag=""  LevelType="0"  EnemyType="6" Difficulty="BASIC" InitialDelay="5000" Procedural="False" SpriteName="EnemyEyeballIdle_Character" />
		<GameObject Type="EnemyObj" Name="unknown"  X="1410"  Y="570"  Width="60"  Height="60"  ScaleX="1"  ScaleY="1"  Rotation="0"  Flip="False"  Tag=""  LevelType="0"  EnemyType="6" Difficulty="BASIC" InitialDelay="5000" Procedural="False" SpriteName="EnemyEyeballIdle_Character" />
		<GameObject Type="EnemyObj" Name="unknown"  X="1710"  Y="300"  Width="60"  Height="60"  ScaleX="1"  ScaleY="1"  Rotation="0"  Flip="False"  Tag=""  LevelType="0"  EnemyType="6" Difficulty="BASIC" InitialDelay="5000" Procedural="False" SpriteName="EnemyEyeballIdle_Character" />
		<GameObject Type="EnemyObj" Name="unknown"  X="1860"  Y="480"  Width="60"  Height="60"  ScaleX="1"  ScaleY="1"  Rotation="0"  Flip="False"  Tag=""  LevelType="0"  EnemyType="6" Difficulty="BASIC" InitialDelay="5000" Procedural="False" SpriteName="EnemyEyeballIdle_Character" />
		<GameObject Type="EnemyObj" Name="unknown"  X="1980"  Y="300"  Width="60"  Height="60"  ScaleX="1"  ScaleY="1"  Rotation="0"  Flip="False"  Tag=""  LevelType="0"  EnemyType="6" Difficulty="BASIC" InitialDelay="5000" Procedural="False" SpriteName="EnemyEyeballIdle_Character" />
		<GameObject Type="EnemyObj" Name="The Haunted"  X="2070"  Y="450"  Width="60"  Height="60"  ScaleX="1"  ScaleY="1"  Rotation="180"  Flip="False"  Tag=""  LevelType="0"  EnemyType="6" Difficulty="BASIC" InitialDelay="5000" Procedural="False" SpriteName="EnemyEyeballIdle_Character" />
		<GameObject Type="EnemyObj" Name="unknown"  X="2220"  Y="420"  Width="60"  Height="60"  ScaleX="1"  ScaleY="1"  Rotation="0"  Flip="False"  Tag=""  LevelType="0"  EnemyType="6" Difficulty="BASIC" InitialDelay="5000" Procedural="False" SpriteName="EnemyEyeballIdle_Character" />
		<GameObject Type="EnemyObj" Name="unknown"  X="2400"  Y="330"  Width="60"  Height="60"  ScaleX="1"  ScaleY="1"  Rotation="0"  Flip="False"  Tag=""  LevelType="0"  EnemyType="6" Difficulty="BASIC" InitialDelay="5000" Procedural="False" SpriteName="EnemyEyeballIdle_Character" />
		<GameObject Type="EnemyObj" Name="unknown"  X="2550"  Y="450"  Width="60"  Height="60"  ScaleX="1"  ScaleY="1"  Rotation="0"  Flip="False"  Tag=""  LevelType="0"  EnemyType="6" Difficulty="BASIC" InitialDelay="5000" Procedural="False" SpriteName="EnemyEyeballIdle_Character" />
		<GameObject Type="EnemyObj" Name="unknown"  X="2730"  Y="360"  Width="60"  Height="60"  ScaleX="1"  ScaleY="1"  Rotation="0"  Flip="False"  Tag=""  LevelType="0"  EnemyType="6" Difficulty="BASIC" InitialDelay="5000" Procedural="False" SpriteName="EnemyEyeballIdle_Character" />
		<GameObject Type="EnemyObj" Name="unknown"  X="2880"  Y="420"  Width="60"  Height="60"  ScaleX="1"  ScaleY="1"  Rotation="0"  Flip="False"  Tag=""  LevelType="0"  EnemyType="6" Difficulty="BASIC" InitialDelay="5000" Procedural="False" SpriteName="EnemyEyeballIdle_Character" />
		<GameObject Type="EnemyObj" Name="unknown"  X="3030"  Y="330"  Width="60"  Height="60"  ScaleX="1"  ScaleY="1"  Rotation="0"  Flip="False"  Tag=""  LevelType="0"  EnemyType="6" Difficulty="BASIC" InitialDelay="5000" Procedural="False" SpriteName="EnemyEyeballIdle_Character" />
		<GameObject Type="EnemyObj" Name="unknown"  X="3150"  Y="450"  Width="60"  Height="60"  ScaleX="1"  ScaleY="1"  Rotation="0"  Flip="False"  Tag=""  LevelType="0"  EnemyType="6" Difficulty="BASIC" InitialDelay="5000" Procedural="False" SpriteName="EnemyEyeballIdle_Character" />
		<GameObject Type="EnemyObj" Name="unknown"  X="3300"  Y="360"  Width="60"  Height="60"  ScaleX="1"  ScaleY="1"  Rotation="0"  Flip="False"  Tag=""  LevelType="0"  EnemyType="6" Difficulty="BASIC" InitialDelay="5000" Procedural="False" SpriteName="EnemyEyeballIdle_Character" />
		<GameObject Type="EnemyObj" Name="unknown"  X="3390"  Y="540"  Width="60"  Height="60"  ScaleX="1"  ScaleY="1"  Rotation="0"  Flip="False"  Tag=""  LevelType="0"  EnemyType="6" Difficulty="BASIC" InitialDelay="5000" Procedural="False" SpriteName="EnemyEyeballIdle_Character" />
		<GameObject Type="EnemyObj" Name="unknown"  X="3480"  Y="690"  Width="60"  Height="60"  ScaleX="1"  ScaleY="1"  Rotation="0"  Flip="False"  Tag=""  LevelType="0"  EnemyType="6" Difficulty="BASIC" InitialDelay="5000" Procedural="False" SpriteName="EnemyEyeballIdle_Character" />
		<GameObject Type="EnemyObj" Name="unknown"  X="3570"  Y="450"  Width="60"  Height="60"  ScaleX="1"  ScaleY="1"  Rotation="0"  Flip="False"  Tag=""  LevelType="0"  EnemyType="6" Difficulty="BASIC" InitialDelay="5000" Procedural="False" SpriteName="EnemyEyeballIdle_Character" />
		<GameObject Type="EnemyObj" Name="unknown"  X="3630"  Y="210"  Width="60"  Height="60"  ScaleX="1"  ScaleY="1"  Rotation="0"  Flip="False"  Tag=""  LevelType="0"  EnemyType="6" Difficulty="BASIC" InitialDelay="5000" Procedural="False" SpriteName="EnemyEyeballIdle_Character" />
		<GameObject Type="EnemyObj" Name="unknown"  X="3780"  Y="300"  Width="60"  Height="60"  ScaleX="1"  ScaleY="1"  Rotation="0"  Flip="False"  Tag=""  LevelType="0"  EnemyType="6" Difficulty="BASIC" InitialDelay="5000" Procedural="False" SpriteName="EnemyEyeballIdle_Character" />
		<GameObject Type="EnemyObj" Name="unknown"  X="3870"  Y="150"  Width="60"  Height="60"  ScaleX="1"  ScaleY="1"  Rotation="0"  Flip="False"  Tag=""  LevelType="0"  EnemyType="6" Difficulty="BASIC" InitialDelay="5000" Procedural="False" SpriteName="EnemyEyeballIdle_Character" />
		<GameObject Type="EnemyObj" Name="unknown"  X="1530"  Y="420"  Width="60"  Height="60"  ScaleX="1"  ScaleY="1"  Rotation="0"  Flip="False"  Tag=""  LevelType="0"  EnemyType="6" Difficulty="BASIC" InitialDelay="5000" Procedural="False" SpriteName="EnemyEyeballIdle_Character" />
		<GameObject Type="EnemyObj" Name="unknown"  X="1560"  Y="240"  Width="60"  Height="60"  ScaleX="1"  ScaleY="1"  Rotation="0"  Flip="False"  Tag=""  LevelType="0"  EnemyType="6" Difficulty="BASIC" InitialDelay="5000" Procedural="False" SpriteName="EnemyEyeballIdle_Character" />
		<GameObject Type="EnemyObj" Name="unknown"  X="1350"  Y="390"  Width="60"  Height="60"  ScaleX="1"  ScaleY="1"  Rotation="0"  Flip="False"  Tag=""  LevelType="0"  EnemyType="6" Difficulty="BASIC" InitialDelay="5000" Procedural="False" SpriteName="EnemyEyeballIdle_Character" />
		<GameObject Type="EnemyObj" Name="unknown"  X="60"  Y="1050"  Width="60"  Height="60"  ScaleX="1"  ScaleY="1"  Rotation="0"  Flip="False"  Tag=""  LevelType="0"  EnemyType="6" Difficulty="BASIC" InitialDelay="5000" Procedural="False" SpriteName="EnemyEyeballIdle_Character" />
		<GameObject Type="EnemyObj" Name="unknown"  X="420"  Y="1350"  Width="60"  Height="60"  ScaleX="1"  ScaleY="1"  Rotation="0"  Flip="False"  Tag=""  LevelType="0"  EnemyType="6" Difficulty="BASIC" InitialDelay="5000" Procedural="False" SpriteName="EnemyEyeballIdle_Character" />
		<GameObject Type="EnemyObj" Name="unknown"  X="570"  Y="1260"  Width="60"  Height="60"  ScaleX="1"  ScaleY="1"  Rotation="0"  Flip="False"  Tag=""  LevelType="0"  EnemyType="6" Difficulty="BASIC" InitialDelay="5000" Procedural="False" SpriteName="EnemyEyeballIdle_Character" />
		<GameObject Type="EnemyObj" Name="unknown"  X="450"  Y="1140"  Width="60"  Height="60"  ScaleX="1"  ScaleY="1"  Rotation="0"  Flip="False"  Tag=""  LevelType="0"  EnemyType="6" Difficulty="BASIC" InitialDelay="5000" Procedural="False" SpriteName="EnemyEyeballIdle_Character" />
		<GameObject Type="EnemyObj" Name="unknown"  X="630"  Y="1050"  Width="60"  Height="60"  ScaleX="1"  ScaleY="1"  Rotation="0"  Flip="False"  Tag=""  LevelType="0"  EnemyType="6" Difficulty="BASIC" InitialDelay="5000" Procedural="False" SpriteName="EnemyEyeballIdle_Character" />
		<GameObject Type="EnemyObj" Name="unknown"  X="810"  Y="1020"  Width="60"  Height="60"  ScaleX="1"  ScaleY="1"  Rotation="0"  Flip="False"  Tag=""  LevelType="0"  EnemyType="6" Difficulty="BASIC" InitialDelay="5000" Procedural="False" SpriteName="EnemyEyeballIdle_Character" />
		<GameObject Type="EnemyObj" Name="unknown"  X="870"  Y="1200"  Width="60"  Height="60"  ScaleX="1"  ScaleY="1"  Rotation="0"  Flip="False"  Tag=""  LevelType="0"  EnemyType="6" Difficulty="BASIC" InitialDelay="5000" Procedural="False" SpriteName="EnemyEyeballIdle_Character" />
		<GameObject Type="EnemyObj" Name="unknown"  X="1050"  Y="1290"  Width="60"  Height="60"  ScaleX="1"  ScaleY="1"  Rotation="0"  Flip="False"  Tag=""  LevelType="0"  EnemyType="6" Difficulty="BASIC" InitialDelay="5000" Procedural="False" SpriteName="EnemyEyeballIdle_Character" />
		<GameObject Type="EnemyObj" Name="unknown"  X="1200"  Y="1230"  Width="60"  Height="60"  ScaleX="1"  ScaleY="1"  Rotation="0"  Flip="False"  Tag=""  LevelType="0"  EnemyType="6" Difficulty="BASIC" InitialDelay="5000" Procedural="False" SpriteName="EnemyEyeballIdle_Character" />
		<GameObject Type="EnemyObj" Name="unknown"  X="1350"  Y="1320"  Width="60"  Height="60"  ScaleX="1"  ScaleY="1"  Rotation="0"  Flip="False"  Tag=""  LevelType="0"  EnemyType="6" Difficulty="BASIC" InitialDelay="5000" Procedural="False" SpriteName="EnemyEyeballIdle_Character" />
		<GameObject Type="EnemyObj" Name="unknown"  X="1440"  Y="1170"  Width="60"  Height="60"  ScaleX="1"  ScaleY="1"  Rotation="0"  Flip="False"  Tag=""  LevelType="0"  EnemyType="6" Difficulty="BASIC" InitialDelay="5000" Procedural="False" SpriteName="EnemyEyeballIdle_Character" />
		<GameObject Type="EnemyObj" Name="unknown"  X="1620"  Y="1140"  Width="60"  Height="60"  ScaleX="1"  ScaleY="1"  Rotation="0"  Flip="False"  Tag=""  LevelType="0"  EnemyType="6" Difficulty="BASIC" InitialDelay="5000" Procedural="False" SpriteName="EnemyEyeballIdle_Character" />
		<GameObject Type="EnemyObj" Name="unknown"  X="1680"  Y="990"  Width="60"  Height="60"  ScaleX="1"  ScaleY="1"  Rotation="0"  Flip="False"  Tag=""  LevelType="0"  EnemyType="6" Difficulty="BASIC" InitialDelay="5000" Procedural="False" SpriteName="EnemyEyeballIdle_Character" />
		<GameObject Type="EnemyObj" Name="unknown"  X="1830"  Y="1110"  Width="60"  Height="60"  ScaleX="1"  ScaleY="1"  Rotation="0"  Flip="False"  Tag=""  LevelType="0"  EnemyType="6" Difficulty="BASIC" InitialDelay="5000" Procedural="False" SpriteName="EnemyEyeballIdle_Character" />
		<GameObject Type="EnemyObj" Name="unknown"  X="1950"  Y="1230"  Width="60"  Height="60"  ScaleX="1"  ScaleY="1"  Rotation="0"  Flip="False"  Tag=""  LevelType="0"  EnemyType="6" Difficulty="BASIC" InitialDelay="5000" Procedural="False" SpriteName="EnemyEyeballIdle_Character" />
		<GameObject Type="EnemyObj" Name="unknown"  X="2100"  Y="1140"  Width="60"  Height="60"  ScaleX="1"  ScaleY="1"  Rotation="0"  Flip="False"  Tag=""  LevelType="0"  EnemyType="6" Difficulty="BASIC" InitialDelay="5000" Procedural="False" SpriteName="EnemyEyeballIdle_Character" />
		<GameObject Type="EnemyObj" Name="unknown"  X="2280"  Y="1080"  Width="60"  Height="60"  ScaleX="1"  ScaleY="1"  Rotation="0"  Flip="False"  Tag=""  LevelType="0"  EnemyType="6" Difficulty="BASIC" InitialDelay="5000" Procedural="False" SpriteName="EnemyEyeballIdle_Character" />
		<GameObject Type="EnemyObj" Name="unknown"  X="2430"  Y="1200"  Width="60"  Height="60"  ScaleX="1"  ScaleY="1"  Rotation="0"  Flip="False"  Tag=""  LevelType="0"  EnemyType="6" Difficulty="BASIC" InitialDelay="5000" Procedural="False" SpriteName="EnemyEyeballIdle_Character" />
		<GameObject Type="EnemyObj" Name="unknown"  X="2550"  Y="1080"  Width="60"  Height="60"  ScaleX="1"  ScaleY="1"  Rotation="0"  Flip="False"  Tag=""  LevelType="0"  EnemyType="6" Difficulty="BASIC" InitialDelay="5000" Procedural="False" SpriteName="EnemyEyeballIdle_Character" />
		<GameObject Type="EnemyObj" Name="unknown"  X="2700"  Y="1140"  Width="60"  Height="60"  ScaleX="1"  ScaleY="1"  Rotation="0"  Flip="False"  Tag=""  LevelType="0"  EnemyType="6" Difficulty="BASIC" InitialDelay="5000" Procedural="False" SpriteName="EnemyEyeballIdle_Character" />
		<GameObject Type="EnemyObj" Name="unknown"  X="2880"  Y="1110"  Width="60"  Height="60"  ScaleX="1"  ScaleY="1"  Rotation="0"  Flip="False"  Tag=""  LevelType="0"  EnemyType="6" Difficulty="BASIC" InitialDelay="5000" Procedural="False" SpriteName="EnemyEyeballIdle_Character" />
		<GameObject Type="EnemyObj" Name="unknown"  X="3030"  Y="1230"  Width="60"  Height="60"  ScaleX="1"  ScaleY="1"  Rotation="0"  Flip="False"  Tag=""  LevelType="0"  EnemyType="6" Difficulty="BASIC" InitialDelay="5000" Procedural="False" SpriteName="EnemyEyeballIdle_Character" />
		<GameObject Type="EnemyObj" Name="unknown"  X="3180"  Y="1140"  Width="60"  Height="60"  ScaleX="1"  ScaleY="1"  Rotation="0"  Flip="False"  Tag=""  LevelType="0"  EnemyType="6" Difficulty="BASIC" InitialDelay="5000" Procedural="False" SpriteName="EnemyEyeballIdle_Character" />
		<GameObject Type="EnemyObj" Name="unknown"  X="3330"  Y="1260"  Width="60"  Height="60"  ScaleX="1"  ScaleY="1"  Rotation="0"  Flip="False"  Tag=""  LevelType="0"  EnemyType="6" Difficulty="BASIC" InitialDelay="5000" Procedural="False" SpriteName="EnemyEyeballIdle_Character" />
		<GameObject Type="EnemyObj" Name="unknown"  X="3420"  Y="1110"  Width="60"  Height="60"  ScaleX="1"  ScaleY="1"  Rotation="0"  Flip="False"  Tag=""  LevelType="0"  EnemyType="6" Difficulty="BASIC" InitialDelay="5000" Procedural="False" SpriteName="EnemyEyeballIdle_Character" />
		<GameObject Type="EnemyObj" Name="unknown"  X="3600"  Y="1170"  Width="60"  Height="60"  ScaleX="1"  ScaleY="1"  Rotation="0"  Flip="False"  Tag=""  LevelType="0"  EnemyType="6" Difficulty="BASIC" InitialDelay="5000" Procedural="False" SpriteName="EnemyEyeballIdle_Character" />
		<GameObject Type="EnemyObj" Name="unknown"  X="3720"  Y="1020"  Width="60"  Height="60"  ScaleX="1"  ScaleY="1"  Rotation="0"  Flip="False"  Tag=""  LevelType="0"  EnemyType="6" Difficulty="BASIC" InitialDelay="5000" Procedural="False" SpriteName="EnemyEyeballIdle_Character" />
		<GameObject Type="EnemyObj" Name="unknown"  X="3840"  Y="900"  Width="60"  Height="60"  ScaleX="1"  ScaleY="1"  Rotation="0"  Flip="False"  Tag=""  LevelType="0"  EnemyType="6" Difficulty="BASIC" InitialDelay="5000" Procedural="False" SpriteName="EnemyEyeballIdle_Character" />
		<GameObject Type="PhysicsObjContainer" Name="Mana"  X="2070"  Y="450"  Width="60"  Height="60"  ScaleX="0"  ScaleY="0"  Rotation="0"  Flip="False"  Tag=""  LevelType="0"  BGLayer="False" Weighted="False" Collidable="False" Breakable="True" SpriteName="CastleAssetCandle1_Character" />
		<GameObject Type="PhysicsObjContainer" Name="Mana"  X="2070"  Y="450"  Width="60"  Height="60"  ScaleX="0"  ScaleY="0"  Rotation="0"  Flip="False"  Tag=""  LevelType="0"  BGLayer="False" Weighted="False" Collidable="False" Breakable="True" SpriteName="CastleAssetCandle1_Character" />
		<GameObject Type="PhysicsObjContainer" Name="Mana"  X="2070"  Y="450"  Width="60"  Height="60"  ScaleX="0"  ScaleY="0"  Rotation="0"  Flip="False"  Tag=""  LevelType="0"  BGLayer="False" Weighted="False" Collidable="False" Breakable="True" SpriteName="CastleAssetCandle1_Character" />
		<GameObject Type="PhysicsObjContainer" Name="Mana"  X="2070"  Y="450"  Width="60"  Height="60"  ScaleX="0"  ScaleY="0"  Rotation="0"  Flip="False"  Tag=""  LevelType="0"  BGLayer="False" Weighted="False" Collidable="False" Breakable="True" SpriteName="CastleAssetCandle1_Character" />
		<GameObject Type="PhysicsObjContainer" Name="Health"  X="2070"  Y="450"  Width="60"  Height="60"  ScaleX="0"  ScaleY="0"  Rotation="0"  Flip="False"  Tag=""  LevelType="0"  BGLayer="False" Weighted="False" Collidable="False" Breakable="True" SpriteName="CastleAssetCandle1_Character" />
		<GameObject Type="PhysicsObjContainer" Name="Health"  X="2070"  Y="450"  Width="60"  Height="60"  ScaleX="0"  ScaleY="0"  Rotation="0"  Flip="False"  Tag=""  LevelType="0"  BGLayer="False" Weighted="False" Collidable="False" Breakable="True" SpriteName="CastleAssetCandle1_Character" />
		<GameObject Type="PhysicsObjContainer" Name="Health"  X="2070"  Y="450"  Width="60"  Height="60"  ScaleX="0"  ScaleY="0"  Rotation="0"  Flip="False"  Tag=""  LevelType="0"  BGLayer="False" Weighted="False" Collidable="False" Breakable="True" SpriteName="CastleAssetCandle1_Character" />
		<GameObject Type="PhysicsObjContainer" Name="Health"  X="2070"  Y="450"  Width="60"  Height="60"  ScaleX="0"  ScaleY="0"  Rotation="0"  Flip="False"  Tag=""  LevelType="0"  BGLayer="False" Weighted="False" Collidable="False" Breakable="True" SpriteName="CastleAssetCandle1_Character" />
	</RoomObject>
</Map>