﻿<?xml version="1.0" encoding="utf-8"?>
<Map>
	<Spritesheet Name="startingRoomSpritesheet" />
	<Spritesheet Name="castleTerrainSpritesheet" />
	<Spritesheet Name="dungeonTerrainSpritesheet" />
	<Spritesheet Name="towerTerrainSpritesheet" />
	<Spritesheet Name="gardenTerrainSpritesheet" />
	<RoomObject Name="unknown" X="0" Y="0" Width="3960" Height="720" ScaleX="1" ScaleY="1" Tag="" SelectionMode="0" DisplayBG="False" CastlePool="True" GardenPool="True" TowerPool="True" DungeonPool="True">
		<GameObject Type="CollHullObj" Name="unknown"  X="0"  Y="420"  Width="120"  Height="300"  ScaleX="1"  ScaleY="1"  Rotation="0"  Flip="False"  Tag=""  LevelType="0"  CollidesTop="True" CollidesBottom="True" CollidesRight="True" CollidesLeft="True" />
		<GameObject Type="CollHullObj" Name="unknown"  X="120"  Y="660"  Width="420"  Height="60"  ScaleX="1"  ScaleY="1"  Rotation="0"  Flip="False"  Tag=""  LevelType="0"  CollidesTop="True" CollidesBottom="True" CollidesRight="True" CollidesLeft="True" />
		<GameObject Type="CollHullObj" Name="unknown"  X="780"  Y="660"  Width="3180"  Height="60"  ScaleX="1"  ScaleY="1"  Rotation="0"  Flip="False"  Tag=""  LevelType="0"  CollidesTop="True" CollidesBottom="True" CollidesRight="True" CollidesLeft="True" />
		<GameObject Type="CollHullObj" Name="unknown"  X="0"  Y="0"  Width="120"  Height="240"  ScaleX="1"  ScaleY="1"  Rotation="0"  Flip="False"  Tag=""  LevelType="0"  CollidesTop="True" CollidesBottom="True" CollidesRight="True" CollidesLeft="True" />
		<GameObject Type="CollHullObj" Name="unknown"  X="120"  Y="0"  Width="3060"  Height="60"  ScaleX="1"  ScaleY="1"  Rotation="0"  Flip="False"  Tag=""  LevelType="0"  CollidesTop="True" CollidesBottom="True" CollidesRight="True" CollidesLeft="True" />
		<GameObject Type="CollHullObj" Name="unknown"  X="3420"  Y="0"  Width="420"  Height="60"  ScaleX="1"  ScaleY="1"  Rotation="0"  Flip="False"  Tag=""  LevelType="0"  CollidesTop="True" CollidesBottom="True" CollidesRight="True" CollidesLeft="True" />
		<GameObject Type="CollHullObj" Name="unknown"  X="3840"  Y="0"  Width="120"  Height="240"  ScaleX="1"  ScaleY="1"  Rotation="0"  Flip="False"  Tag=""  LevelType="0"  CollidesTop="True" CollidesBottom="True" CollidesRight="True" CollidesLeft="True" />
		<GameObject Type="CollHullObj" Name="unknown"  X="120"  Y="480"  Width="60"  Height="60"  ScaleX="1"  ScaleY="1"  Rotation="0"  Flip="False"  Tag=""  LevelType="0"  CollidesTop="True" CollidesBottom="True" CollidesRight="True" CollidesLeft="True" />
		<GameObject Type="CollHullObj" Name="unknown"  X="120"  Y="540"  Width="120"  Height="60"  ScaleX="1"  ScaleY="1"  Rotation="0"  Flip="False"  Tag=""  LevelType="0"  CollidesTop="True" CollidesBottom="True" CollidesRight="True" CollidesLeft="True" />
		<GameObject Type="CollHullObj" Name="unknown"  X="120"  Y="600"  Width="180"  Height="60"  ScaleX="1"  ScaleY="1"  Rotation="0"  Flip="False"  Tag=""  LevelType="0"  CollidesTop="True" CollidesBottom="True" CollidesRight="True" CollidesLeft="True" />
		<GameObject Type="CollHullObj" Name="unknown"  X="3840"  Y="420"  Width="120"  Height="240"  ScaleX="1"  ScaleY="1"  Rotation="0"  Flip="False"  Tag=""  LevelType="0"  CollidesTop="True" CollidesBottom="True" CollidesRight="True" CollidesLeft="True" />
		<GameObject Type="DoorObj" Name="unknown"  X="0"  Y="240"  Width="120"  Height="180"  ScaleX="1"  ScaleY="1"  Rotation="0"  Flip="False"  Tag=""  LevelType="0"  DoorPos="Left" BossDoor="False" />
		<GameObject Type="DoorObj" Name="unknown"  X="3180"  Y="0"  Width="240"  Height="60"  ScaleX="1"  ScaleY="1"  Rotation="0"  Flip="False"  Tag=""  LevelType="0"  DoorPos="Top" BossDoor="False" />
		<GameObject Type="DoorObj" Name="unknown"  X="540"  Y="660"  Width="240"  Height="60"  ScaleX="1"  ScaleY="1"  Rotation="0"  Flip="False"  Tag=""  LevelType="0"  DoorPos="Bottom" BossDoor="False" />
		<GameObject Type="DoorObj" Name="unknown"  X="3840"  Y="240"  Width="120"  Height="180"  ScaleX="1"  ScaleY="1"  Rotation="0"  Flip="False"  Tag=""  LevelType="0"  DoorPos="Right" BossDoor="False" />
		<GameObject Type="EnemyObj" Name="unknown"  X="540"  Y="420"  Width="60"  Height="60"  ScaleX="1"  ScaleY="1"  Rotation="0"  Flip="False"  Tag=""  LevelType="0"  EnemyType="27" Difficulty="BASIC" InitialDelay="0" Procedural="False" SpriteName="EnemyPlatform_Character" />
		<GameObject Type="EnemyObj" Name="unknown"  X="780"  Y="330"  Width="60"  Height="60"  ScaleX="1"  ScaleY="1"  Rotation="0"  Flip="False"  Tag=""  LevelType="0"  EnemyType="27" Difficulty="BASIC" InitialDelay="0" Procedural="False" SpriteName="EnemyPlatform_Character" />
		<GameObject Type="EnemyObj" Name="unknown"  X="2460"  Y="300"  Width="60"  Height="60"  ScaleX="1"  ScaleY="1"  Rotation="0"  Flip="False"  Tag=""  LevelType="0"  EnemyType="27" Difficulty="BASIC" InitialDelay="0" Procedural="False" SpriteName="EnemyPlatform_Character" />
		<GameObject Type="EnemyObj" Name="unknown"  X="2700"  Y="270"  Width="60"  Height="60"  ScaleX="1"  ScaleY="1"  Rotation="0"  Flip="False"  Tag=""  LevelType="0"  EnemyType="27" Difficulty="BASIC" InitialDelay="0" Procedural="False" SpriteName="EnemyPlatform_Character" />
		<GameObject Type="EnemyObj" Name="unknown"  X="3240"  Y="270"  Width="60"  Height="60"  ScaleX="1"  ScaleY="1"  Rotation="0"  Flip="False"  Tag=""  LevelType="0"  EnemyType="27" Difficulty="BASIC" InitialDelay="0" Procedural="False" SpriteName="EnemyPlatform_Character" />
		<GameObject Type="EnemyObj" Name="unknown"  X="1860"  Y="270"  Width="60"  Height="60"  ScaleX="1"  ScaleY="1"  Rotation="0"  Flip="False"  Tag=""  LevelType="0"  EnemyType="20" Difficulty="EXPERT" InitialDelay="0" Procedural="False" SpriteName="EnemyZombieRise_Character" />
		<GameObject Type="CollHullObj" Name="unknown"  X="960"  Y="600"  Width="2880"  Height="60"  ScaleX="1"  ScaleY="1"  Rotation="0"  Flip="False"  Tag=""  LevelType="0"  CollidesTop="True" CollidesBottom="True" CollidesRight="True" CollidesLeft="True" />
		<GameObject Type="CollHullObj" Name="unknown"  X="1020"  Y="540"  Width="1200"  Height="60"  ScaleX="1"  ScaleY="1"  Rotation="0"  Flip="False"  Tag=""  LevelType="0"  CollidesTop="True" CollidesBottom="True" CollidesRight="True" CollidesLeft="True" />
		<GameObject Type="CollHullObj" Name="unknown"  X="1440"  Y="480"  Width="720"  Height="60"  ScaleX="1"  ScaleY="1"  Rotation="0"  Flip="False"  Tag=""  LevelType="0"  CollidesTop="True" CollidesBottom="True" CollidesRight="True" CollidesLeft="True" />
		<GameObject Type="CollHullObj" Name="unknown"  X="1500"  Y="420"  Width="600"  Height="60"  ScaleX="1"  ScaleY="1"  Rotation="0"  Flip="False"  Tag=""  LevelType="0"  CollidesTop="True" CollidesBottom="True" CollidesRight="True" CollidesLeft="True" />
		<GameObject Type="CollHullObj" Name="unknown"  X="1560"  Y="360"  Width="480"  Height="60"  ScaleX="1"  ScaleY="1"  Rotation="0"  Flip="False"  Tag=""  LevelType="0"  CollidesTop="True" CollidesBottom="True" CollidesRight="True" CollidesLeft="True" />
		<GameObject Type="CollHullObj" Name="unknown"  X="2700"  Y="540"  Width="1140"  Height="60"  ScaleX="1"  ScaleY="1"  Rotation="0"  Flip="False"  Tag=""  LevelType="0"  CollidesTop="True" CollidesBottom="True" CollidesRight="True" CollidesLeft="True" />
		<GameObject Type="CollHullObj" Name="unknown"  X="2760"  Y="480"  Width="1080"  Height="60"  ScaleX="1"  ScaleY="1"  Rotation="0"  Flip="False"  Tag=""  LevelType="0"  CollidesTop="True" CollidesBottom="True" CollidesRight="True" CollidesLeft="True" />
		<GameObject Type="CollHullObj" Name="unknown"  X="3480"  Y="420"  Width="360"  Height="60"  ScaleX="1"  ScaleY="1"  Rotation="0"  Flip="False"  Tag=""  LevelType="0"  CollidesTop="True" CollidesBottom="True" CollidesRight="True" CollidesLeft="True" />
		<GameObject Type="CollHullObj" Name="unknown"  X="3600"  Y="60"  Width="240"  Height="60"  ScaleX="1"  ScaleY="1"  Rotation="0"  Flip="False"  Tag=""  LevelType="0"  CollidesTop="True" CollidesBottom="True" CollidesRight="True" CollidesLeft="True" />
		<GameObject Type="CollHullObj" Name="unknown"  X="1980"  Y="60"  Width="240"  Height="120"  ScaleX="1"  ScaleY="1"  Rotation="0"  Flip="False"  Tag=""  LevelType="0"  CollidesTop="True" CollidesBottom="True" CollidesRight="True" CollidesLeft="True" />
		<GameObject Type="CollHullObj" Name="unknown"  X="2220"  Y="60"  Width="120"  Height="60"  ScaleX="1"  ScaleY="1"  Rotation="0"  Flip="False"  Tag=""  LevelType="0"  CollidesTop="True" CollidesBottom="True" CollidesRight="True" CollidesLeft="True" />
		<GameObject Type="CollHullObj" Name="unknown"  X="1200"  Y="60"  Width="180"  Height="60"  ScaleX="1"  ScaleY="1"  Rotation="0"  Flip="False"  Tag=""  LevelType="0"  CollidesTop="True" CollidesBottom="True" CollidesRight="True" CollidesLeft="True" />
		<GameObject Type="CollHullObj" Name="unknown"  X="120"  Y="60"  Width="300"  Height="120"  ScaleX="1"  ScaleY="1"  Rotation="0"  Flip="False"  Tag=""  LevelType="0"  CollidesTop="True" CollidesBottom="True" CollidesRight="True" CollidesLeft="True" />
		<GameObject Type="CollHullObj" Name="unknown"  X="960"  Y="60"  Width="240"  Height="240"  ScaleX="1"  ScaleY="1"  Rotation="0"  Flip="False"  Tag=""  LevelType="0"  CollidesTop="True" CollidesBottom="True" CollidesRight="True" CollidesLeft="True" />
		<GameObject Type="CollHullObj" Name="unknown"  X="120"  Y="420"  Width="369"  Height="60"  ScaleX="1"  ScaleY="1"  Rotation="45"  Flip="False"  Tag=""  LevelType="0"  CollidesTop="True" CollidesBottom="True" CollidesRight="True" CollidesLeft="True" />
		<GameObject Type="CollHullObj" Name="unknown"  X="1020"  Y="540"  Width="60"  Height="200"  ScaleX="1"  ScaleY="1"  Rotation="45"  Flip="False"  Tag=""  LevelType="0"  CollidesTop="True" CollidesBottom="True" CollidesRight="True" CollidesLeft="True" />
		<GameObject Type="CollHullObj" Name="unknown"  X="1560"  Y="360"  Width="60"  Height="285"  ScaleX="1"  ScaleY="1"  Rotation="45"  Flip="False"  Tag=""  LevelType="0"  CollidesTop="True" CollidesBottom="True" CollidesRight="True" CollidesLeft="True" />
		<GameObject Type="CollHullObj" Name="unknown"  X="2040"  Y="360"  Width="369"  Height="60"  ScaleX="1"  ScaleY="1"  Rotation="45"  Flip="False"  Tag=""  LevelType="0"  CollidesTop="True" CollidesBottom="True" CollidesRight="True" CollidesLeft="True" />
		<GameObject Type="CollHullObj" Name="unknown"  X="2760"  Y="480"  Width="60"  Height="200"  ScaleX="1"  ScaleY="1"  Rotation="45"  Flip="False"  Tag=""  LevelType="0"  CollidesTop="True" CollidesBottom="True" CollidesRight="True" CollidesLeft="True" />
		<GameObject Type="CollHullObj" Name="unknown"  X="3480"  Y="420"  Width="60"  Height="115"  ScaleX="1"  ScaleY="1"  Rotation="45"  Flip="False"  Tag=""  LevelType="0"  CollidesTop="True" CollidesBottom="True" CollidesRight="True" CollidesLeft="True" />
		<GameObject Type="BorderObj" Name="unknown"  X="120"  Y="420"  Width="339"  Height="60"  ScaleX="1"  ScaleY="1"  Rotation="45"  Flip="False"  Tag=""  LevelType="0"  CollidesTop="True" CollidesBottom="false" CollidesRight="false" CollidesLeft="false" />
		<GameObject Type="BorderObj" Name="unknown"  X="900"  Y="660"  Width="170"  Height="60"  ScaleX="1"  ScaleY="1"  Rotation="-45"  Flip="False"  Tag=""  LevelType="0"  CollidesTop="True" CollidesBottom="false" CollidesRight="false" CollidesLeft="false" />
		<GameObject Type="BorderObj" Name="unknown"  X="1380"  Y="540"  Width="255"  Height="60"  ScaleX="1"  ScaleY="1"  Rotation="-45"  Flip="False"  Tag=""  LevelType="0"  CollidesTop="True" CollidesBottom="false" CollidesRight="false" CollidesLeft="false" />
		<GameObject Type="BorderObj" Name="unknown"  X="2040"  Y="360"  Width="339"  Height="60"  ScaleX="1"  ScaleY="1"  Rotation="45"  Flip="False"  Tag=""  LevelType="0"  CollidesTop="True" CollidesBottom="false" CollidesRight="false" CollidesLeft="false" />
		<GameObject Type="BorderObj" Name="unknown"  X="2640"  Y="600"  Width="170"  Height="60"  ScaleX="1"  ScaleY="1"  Rotation="-45"  Flip="False"  Tag=""  LevelType="0"  CollidesTop="True" CollidesBottom="false" CollidesRight="false" CollidesLeft="false" />
		<GameObject Type="BorderObj" Name="unknown"  X="3420"  Y="480"  Width="85"  Height="60"  ScaleX="1"  ScaleY="1"  Rotation="-45"  Flip="False"  Tag=""  LevelType="0"  CollidesTop="True" CollidesBottom="false" CollidesRight="false" CollidesLeft="false" />
		<GameObject Type="BorderObj" Name="unknown"  X="60"  Y="180"  Width="60"  Height="60"  ScaleX="1"  ScaleY="1"  Rotation="0"  Flip="False"  Tag=""  LevelType="0"  CollidesTop="False" CollidesBottom="False" CollidesRight="True" CollidesLeft="False" />
		<GameObject Type="BorderObj" Name="unknown"  X="120"  Y="120"  Width="300"  Height="60"  ScaleX="1"  ScaleY="1"  Rotation="0"  Flip="False"  Tag=""  LevelType="0"  CollidesTop="False" CollidesBottom="True" CollidesRight="True" CollidesLeft="False" />
		<GameObject Type="BorderObj" Name="unknown"  X="1200"  Y="60"  Width="180"  Height="60"  ScaleX="1"  ScaleY="1"  Rotation="0"  Flip="False"  Tag=""  LevelType="0"  CollidesTop="False" CollidesBottom="True" CollidesRight="True" CollidesLeft="False" />
		<GameObject Type="BorderObj" Name="unknown"  X="1380"  Y="0"  Width="600"  Height="60"  ScaleX="1"  ScaleY="1"  Rotation="0"  Flip="False"  Tag=""  LevelType="0"  CollidesTop="False" CollidesBottom="True" CollidesRight="False" CollidesLeft="False" />
		<GameObject Type="BorderObj" Name="unknown"  X="1980"  Y="60"  Width="60"  Height="60"  ScaleX="1"  ScaleY="1"  Rotation="0"  Flip="False"  Tag=""  LevelType="0"  CollidesTop="False" CollidesBottom="False" CollidesRight="False" CollidesLeft="True" />
		<GameObject Type="BorderObj" Name="unknown"  X="1980"  Y="120"  Width="240"  Height="60"  ScaleX="1"  ScaleY="1"  Rotation="0"  Flip="False"  Tag=""  LevelType="0"  CollidesTop="False" CollidesBottom="True" CollidesRight="True" CollidesLeft="True" />
		<GameObject Type="BorderObj" Name="unknown"  X="2220"  Y="60"  Width="120"  Height="60"  ScaleX="1"  ScaleY="1"  Rotation="0"  Flip="False"  Tag=""  LevelType="0"  CollidesTop="False" CollidesBottom="True" CollidesRight="True" CollidesLeft="False" />
		<GameObject Type="BorderObj" Name="unknown"  X="2340"  Y="0"  Width="480"  Height="60"  ScaleX="1"  ScaleY="1"  Rotation="0"  Flip="False"  Tag=""  LevelType="0"  CollidesTop="False" CollidesBottom="True" CollidesRight="False" CollidesLeft="False" />
		<GameObject Type="BorderObj" Name="unknown"  X="3420"  Y="0"  Width="180"  Height="60"  ScaleX="1"  ScaleY="1"  Rotation="0"  Flip="False"  Tag=""  LevelType="0"  CollidesTop="False" CollidesBottom="True" CollidesRight="False" CollidesLeft="False" />
		<GameObject Type="BorderObj" Name="unknown"  X="3600"  Y="60"  Width="240"  Height="60"  ScaleX="1"  ScaleY="1"  Rotation="0"  Flip="False"  Tag=""  LevelType="0"  CollidesTop="False" CollidesBottom="True" CollidesRight="False" CollidesLeft="True" />
		<GameObject Type="BorderObj" Name="unknown"  X="3840"  Y="120"  Width="60"  Height="120"  ScaleX="1"  ScaleY="1"  Rotation="0"  Flip="False"  Tag=""  LevelType="0"  CollidesTop="False" CollidesBottom="False" CollidesRight="False" CollidesLeft="True" />
		<GameObject Type="BorderObj" Name="unknown"  X="3480"  Y="420"  Width="360"  Height="60"  ScaleX="1"  ScaleY="1"  Rotation="0"  Flip="False"  Tag=""  LevelType="0"  CollidesTop="True" CollidesBottom="False" CollidesRight="False" CollidesLeft="False" />
		<GameObject Type="BorderObj" Name="unknown"  X="2760"  Y="480"  Width="660"  Height="60"  ScaleX="1"  ScaleY="1"  Rotation="0"  Flip="False"  Tag=""  LevelType="0"  CollidesTop="True" CollidesBottom="False" CollidesRight="False" CollidesLeft="False" />
		<GameObject Type="BorderObj" Name="unknown"  X="2280"  Y="600"  Width="360"  Height="60"  ScaleX="1"  ScaleY="1"  Rotation="0"  Flip="False"  Tag=""  LevelType="0"  CollidesTop="True" CollidesBottom="False" CollidesRight="False" CollidesLeft="False" />
		<GameObject Type="BorderObj" Name="unknown"  X="1560"  Y="360"  Width="480"  Height="60"  ScaleX="1"  ScaleY="1"  Rotation="0"  Flip="False"  Tag=""  LevelType="0"  CollidesTop="True" CollidesBottom="False" CollidesRight="False" CollidesLeft="False" />
		<GameObject Type="BorderObj" Name="unknown"  X="1020"  Y="540"  Width="360"  Height="60"  ScaleX="1"  ScaleY="1"  Rotation="0"  Flip="False"  Tag=""  LevelType="0"  CollidesTop="True" CollidesBottom="False" CollidesRight="False" CollidesLeft="False" />
		<GameObject Type="BorderObj" Name="unknown"  X="780"  Y="660"  Width="120"  Height="60"  ScaleX="1"  ScaleY="1"  Rotation="0"  Flip="False"  Tag=""  LevelType="0"  CollidesTop="True" CollidesBottom="False" CollidesRight="False" CollidesLeft="False" />
		<GameObject Type="BorderObj" Name="unknown"  X="360"  Y="660"  Width="180"  Height="60"  ScaleX="1"  ScaleY="1"  Rotation="0"  Flip="False"  Tag=""  LevelType="0"  CollidesTop="True" CollidesBottom="False" CollidesRight="False" CollidesLeft="False" />
		<GameObject Type="CollHullObj" Name="unknown"  X="420"  Y="60"  Width="540"  Height="60"  ScaleX="1"  ScaleY="1"  Rotation="0"  Flip="False"  Tag=""  LevelType="0"  CollidesTop="True" CollidesBottom="True" CollidesRight="True" CollidesLeft="True" />
		<GameObject Type="CollHullObj" Name="unknown"  X="840"  Y="120"  Width="120"  Height="60"  ScaleX="1"  ScaleY="1"  Rotation="0"  Flip="False"  Tag=""  LevelType="0"  CollidesTop="True" CollidesBottom="True" CollidesRight="True" CollidesLeft="True" />
		<GameObject Type="BorderObj" Name="unknown"  X="420"  Y="60"  Width="420"  Height="60"  ScaleX="1"  ScaleY="1"  Rotation="0"  Flip="False"  Tag=""  LevelType="0"  CollidesTop="False" CollidesBottom="True" CollidesRight="False" CollidesLeft="False" />
		<GameObject Type="BorderObj" Name="unknown"  X="840"  Y="120"  Width="120"  Height="60"  ScaleX="1"  ScaleY="1"  Rotation="0"  Flip="False"  Tag=""  LevelType="0"  CollidesTop="False" CollidesBottom="True" CollidesRight="False" CollidesLeft="True" />
		<GameObject Type="BorderObj" Name="unknown"  X="1140"  Y="120"  Width="60"  Height="60"  ScaleX="1"  ScaleY="1"  Rotation="0"  Flip="False"  Tag=""  LevelType="0"  CollidesTop="False" CollidesBottom="False" CollidesRight="True" CollidesLeft="False" />
		<GameObject Type="BorderObj" Name="unknown"  X="960"  Y="180"  Width="240"  Height="120"  ScaleX="1"  ScaleY="1"  Rotation="0"  Flip="False"  Tag=""  LevelType="0"  CollidesTop="False" CollidesBottom="True" CollidesRight="True" CollidesLeft="True" />
		<GameObject Type="CollHullObj" Name="unknown"  X="2820"  Y="60"  Width="180"  Height="60"  ScaleX="1"  ScaleY="1"  Rotation="0"  Flip="False"  Tag=""  LevelType="0"  CollidesTop="True" CollidesBottom="True" CollidesRight="True" CollidesLeft="True" />
		<GameObject Type="CollHullObj" Name="unknown"  X="3000"  Y="60"  Width="120"  Height="120"  ScaleX="1"  ScaleY="1"  Rotation="0"  Flip="False"  Tag=""  LevelType="0"  CollidesTop="True" CollidesBottom="True" CollidesRight="True" CollidesLeft="True" />
		<GameObject Type="BorderObj" Name="unknown"  X="3120"  Y="0"  Width="60"  Height="60"  ScaleX="1"  ScaleY="1"  Rotation="0"  Flip="False"  Tag=""  LevelType="0"  CollidesTop="False" CollidesBottom="True" CollidesRight="False" CollidesLeft="False" />
		<GameObject Type="BorderObj" Name="unknown"  X="2820"  Y="60"  Width="180"  Height="60"  ScaleX="1"  ScaleY="1"  Rotation="0"  Flip="False"  Tag=""  LevelType="0"  CollidesTop="False" CollidesBottom="True" CollidesRight="False" CollidesLeft="True" />
		<GameObject Type="BorderObj" Name="unknown"  X="3060"  Y="60"  Width="60"  Height="60"  ScaleX="1"  ScaleY="1"  Rotation="0"  Flip="False"  Tag=""  LevelType="0"  CollidesTop="False" CollidesBottom="False" CollidesRight="True" CollidesLeft="False" />
		<GameObject Type="BorderObj" Name="unknown"  X="3000"  Y="120"  Width="120"  Height="60"  ScaleX="1"  ScaleY="1"  Rotation="0"  Flip="False"  Tag=""  LevelType="0"  CollidesTop="False" CollidesBottom="True" CollidesRight="True" CollidesLeft="True" />
		<GameObject Type="EnemyObj" Name="unknown"  X="1320"  Y="480"  Width="60"  Height="60"  ScaleX="1"  ScaleY="1"  Rotation="0"  Flip="False"  Tag=""  LevelType="0"  EnemyType="20" Difficulty="EXPERT" InitialDelay="0" Procedural="False" SpriteName="EnemyZombieRise_Character" />
		<GameObject Type="EnemyObj" Name="unknown"  X="2430"  Y="540"  Width="60"  Height="60"  ScaleX="1"  ScaleY="1"  Rotation="0"  Flip="False"  Tag=""  LevelType="0"  EnemyType="20" Difficulty="EXPERT" InitialDelay="0" Procedural="False" SpriteName="EnemyZombieRise_Character" />
		<GameObject Type="EnemyObj" Name="unknown"  X="450"  Y="600"  Width="60"  Height="60"  ScaleX="1"  ScaleY="1"  Rotation="0"  Flip="False"  Tag=""  LevelType="0"  EnemyType="20" Difficulty="ADVANCED" InitialDelay="0" Procedural="False" SpriteName="EnemyZombieRise_Character" />
		<GameObject Type="EnemyObj" Name="unknown"  X="2880"  Y="420"  Width="60"  Height="60"  ScaleX="1"  ScaleY="1"  Rotation="0"  Flip="False"  Tag=""  LevelType="0"  EnemyType="20" Difficulty="ADVANCED" InitialDelay="0" Procedural="False" SpriteName="EnemyZombieRise_Character" />
		<GameObject Type="EnemyObj" Name="unknown"  X="660"  Y="210"  Width="60"  Height="60"  ScaleX="1"  ScaleY="1"  Rotation="0"  Flip="False"  Tag=""  LevelType="0"  EnemyType="6" Difficulty="ADVANCED" InitialDelay="0" Procedural="False" SpriteName="EnemyEyeballIdle_Character" />
		<GameObject Type="EnemyObj" Name="unknown"  X="2580"  Y="150"  Width="60"  Height="60"  ScaleX="1"  ScaleY="1"  Rotation="0"  Flip="False"  Tag=""  LevelType="0"  EnemyType="6" Difficulty="ADVANCED" InitialDelay="0" Procedural="False" SpriteName="EnemyEyeballIdle_Character" />
		<GameObject Type="EnemyObj" Name="unknown"  X="1650"  Y="180"  Width="60"  Height="60"  ScaleX="1"  ScaleY="1"  Rotation="0"  Flip="False"  Tag=""  LevelType="0"  EnemyType="6" Difficulty="EXPERT" InitialDelay="0" Procedural="False" SpriteName="EnemyEyeballIdle_Character" />
		<GameObject Type="EnemyObj" Name="unknown"  X="3480"  Y="150"  Width="60"  Height="60"  ScaleX="1"  ScaleY="1"  Rotation="0"  Flip="False"  Tag=""  LevelType="0"  EnemyType="6" Difficulty="ADVANCED" InitialDelay="0" Procedural="False" SpriteName="EnemyEyeballIdle_Character" />
		<GameObject Type="EnemyObj" Name="unknown"  X="3150"  Y="420"  Width="60"  Height="60"  ScaleX="1"  ScaleY="1"  Rotation="0"  Flip="False"  Tag=""  LevelType="0"  EnemyType="20" Difficulty="ADVANCED" InitialDelay="0" Procedural="False" SpriteName="EnemyZombieRise_Character" />
		<GameObject Type="EnemyObj" Name="unknown"  X="1710"  Y="300"  Width="60"  Height="60"  ScaleX="1"  ScaleY="1"  Rotation="0"  Flip="False"  Tag=""  LevelType="0"  EnemyType="20" Difficulty="BASIC" InitialDelay="0" Procedural="False" SpriteName="EnemyZombieRise_Character" />
		<GameObject Type="EnemyObj" Name="unknown"  X="2010"  Y="300"  Width="60"  Height="60"  ScaleX="1"  ScaleY="1"  Rotation="0"  Flip="False"  Tag=""  LevelType="0"  EnemyType="20" Difficulty="BASIC" InitialDelay="0" Procedural="False" SpriteName="EnemyZombieRise_Character" />
		<GameObject Type="EnemyObj" Name="unknown"  X="1110"  Y="480"  Width="60"  Height="60"  ScaleX="1"  ScaleY="1"  Rotation="0"  Flip="False"  Tag=""  LevelType="0"  EnemyType="20" Difficulty="ADVANCED" InitialDelay="0" Procedural="False" SpriteName="EnemyZombieRise_Character" />
		<GameObject Type="ChestObj" Name="unknown"  X="1260"  Y="480"  Width="60"  Height="60"  ScaleX="1"  ScaleY="1"  Rotation="0"  Flip="False"  Tag="1"  LevelType="0"  Fairy="True" />
		<GameObject Type="ChestObj" Name="unknown"  X="2490"  Y="540"  Width="60"  Height="60"  ScaleX="1"  ScaleY="1"  Rotation="0"  Flip="False"  Tag="1"  LevelType="0"  Fairy="True" />
		<GameObject Type="ChestObj" Name="unknown"  X="1890"  Y="300"  Width="60"  Height="60"  ScaleX="1"  ScaleY="1"  Rotation="0"  Flip="False"  Tag=""  LevelType="0"  Fairy="False" />
		<GameObject Type="EnemyObj" Name="unknown"  X="1290"  Y="210"  Width="60"  Height="60"  ScaleX="1"  ScaleY="1"  Rotation="0"  Flip="False"  Tag=""  LevelType="0"  EnemyType="6" Difficulty="ADVANCED" InitialDelay="0" Procedural="False" SpriteName="EnemyEyeballIdle_Character" />
		<GameObject Type="SpriteObj" Name="unknown"  X="420"  Y="120"  Width="60"  Height="60"  ScaleX="1"  ScaleY="1"  Rotation="0"  Flip="False"  Tag=""  LevelType="1"  BGLayer="True" SpriteName="CastleAssetWeb1_Sprite" />
		<GameObject Type="SpriteObj" Name="unknown"  X="960"  Y="180"  Width="60"  Height="60"  ScaleX="1"  ScaleY="1"  Rotation="0"  Flip="True"  Tag=""  LevelType="1"  BGLayer="True" SpriteName="CastleAssetWeb2_Sprite" />
		<GameObject Type="SpriteObj" Name="unknown"  X="1200"  Y="120"  Width="60"  Height="60"  ScaleX="2"  ScaleY="2"  Rotation="0"  Flip="False"  Tag=""  LevelType="1"  BGLayer="True" SpriteName="CastleAssetWeb1_Sprite" />
		<GameObject Type="SpriteObj" Name="unknown"  X="1980"  Y="60"  Width="60"  Height="60"  ScaleX="1"  ScaleY="1"  Rotation="0"  Flip="True"  Tag=""  LevelType="1"  BGLayer="True" SpriteName="CastleAssetWeb1_Sprite" />
		<GameObject Type="SpriteObj" Name="unknown"  X="2220"  Y="120"  Width="60"  Height="60"  ScaleX="1"  ScaleY="1"  Rotation="0"  Flip="False"  Tag=""  LevelType="1"  BGLayer="True" SpriteName="CastleAssetWeb2_Sprite" />
		<GameObject Type="SpriteObj" Name="unknown"  X="3120"  Y="60"  Width="60"  Height="60"  ScaleX="1"  ScaleY="1"  Rotation="0"  Flip="False"  Tag=""  LevelType="1"  BGLayer="True" SpriteName="CastleAssetWeb1_Sprite" />
		<GameObject Type="SpriteObj" Name="unknown"  X="3840"  Y="120"  Width="60"  Height="60"  ScaleX="2"  ScaleY="2"  Rotation="0"  Flip="True"  Tag=""  LevelType="1"  BGLayer="True" SpriteName="CastleAssetWeb2_Sprite" />
		<GameObject Type="ObjContainer" Name="unknown"  X="1140"  Y="540"  Width="60"  Height="60"  ScaleX="2"  ScaleY="2"  Rotation="0"  Flip="False"  Tag=""  LevelType="1"  BGLayer="True" Weighted="False" Collidable="False" Breakable="False" SpriteName="CastleAssetFireplace_Character" />
		<GameObject Type="ObjContainer" Name="unknown"  X="3660"  Y="420"  Width="60"  Height="60"  ScaleX="2"  ScaleY="2"  Rotation="0"  Flip="True"  Tag=""  LevelType="1"  BGLayer="True" Weighted="False" Collidable="False" Breakable="False" SpriteName="CastleAssetFireplace_Character" />
		<GameObject Type="PhysicsObjContainer" Name="unknown"  X="840"  Y="660"  Width="60"  Height="60"  ScaleX="2"  ScaleY="2"  Rotation="0"  Flip="False"  Tag=""  LevelType="1"  BGLayer="False" Weighted="False" Collidable="False" Breakable="True" SpriteName="BreakableChair1_Character" />
		<GameObject Type="PhysicsObjContainer" Name="unknown"  X="1620"  Y="360"  Width="60"  Height="60"  ScaleX="2"  ScaleY="2"  Rotation="0"  Flip="False"  Tag=""  LevelType="1"  BGLayer="False" Weighted="False" Collidable="False" Breakable="True" SpriteName="CastleAssetTable2_Character" />
		<GameObject Type="PhysicsObjContainer" Name="unknown"  X="1710"  Y="360"  Width="60"  Height="60"  ScaleX="2"  ScaleY="2"  Rotation="0"  Flip="True"  Tag=""  LevelType="1"  BGLayer="False" Weighted="False" Collidable="False" Breakable="True" SpriteName="BreakableChair1_Character" />
		<GameObject Type="PhysicsObjContainer" Name="unknown"  X="2820"  Y="480"  Width="60"  Height="60"  ScaleX="2"  ScaleY="2"  Rotation="0"  Flip="False"  Tag=""  LevelType="1"  BGLayer="False" Weighted="False" Collidable="False" Breakable="True" SpriteName="BreakableBarrel1_Character" />
		<GameObject Type="PhysicsObjContainer" Name="unknown"  X="2880"  Y="480"  Width="60"  Height="60"  ScaleX="2"  ScaleY="2"  Rotation="0"  Flip="False"  Tag=""  LevelType="1"  BGLayer="False" Weighted="False" Collidable="False" Breakable="True" SpriteName="BreakableBarrel1_Character" />
		<GameObject Type="PhysicsObjContainer" Name="unknown"  X="3570"  Y="420"  Width="60"  Height="60"  ScaleX="2"  ScaleY="2"  Rotation="0"  Flip="False"  Tag=""  LevelType="1"  BGLayer="False" Weighted="False" Collidable="False" Breakable="True" SpriteName="BreakableChair1_Character" />
		<GameObject Type="PhysicsObjContainer" Name="unknown"  X="270"  Y="180"  Width="60"  Height="60"  ScaleX="2"  ScaleY="2"  Rotation="0"  Flip="False"  Tag=""  LevelType="1"  BGLayer="False" Weighted="False" Collidable="False" Breakable="True" SpriteName="CastleAssetChandelier1_Character" />
		<GameObject Type="PhysicsObjContainer" Name="unknown"  X="1500"  Y="60"  Width="60"  Height="60"  ScaleX="2"  ScaleY="2"  Rotation="0"  Flip="False"  Tag=""  LevelType="1"  BGLayer="False" Weighted="False" Collidable="False" Breakable="True" SpriteName="CastleAssetChandelier2_Character" />
		<GameObject Type="PhysicsObjContainer" Name="unknown"  X="2910"  Y="120"  Width="60"  Height="60"  ScaleX="2"  ScaleY="2"  Rotation="0"  Flip="True"  Tag=""  LevelType="1"  BGLayer="False" Weighted="False" Collidable="False" Breakable="True" SpriteName="CastleAssetChandelier1_Character" />
		<GameObject Type="PhysicsObj" Name="unknown"  X="450"  Y="660"  Width="60"  Height="60"  ScaleX="2"  ScaleY="2"  Rotation="0"  Flip="True"  Tag=""  LevelType="1"  SpriteName="CastleAssetBookCase2_Sprite"  BGLayer="True"  Weighted="False" Collidable="True" />
		<GameObject Type="PhysicsObj" Name="unknown"  X="1650"  Y="360"  Width="60"  Height="60"  ScaleX="2"  ScaleY="2"  Rotation="0"  Flip="True"  Tag=""  LevelType="1"  SpriteName="CastleAssetBookCase3_Sprite"  BGLayer="True"  Weighted="False" Collidable="True" />
		<GameObject Type="PhysicsObj" Name="unknown"  X="1770"  Y="360"  Width="60"  Height="60"  ScaleX="2"  ScaleY="2"  Rotation="0"  Flip="False"  Tag=""  LevelType="1"  SpriteName="CastleAssetBookCase2_Sprite"  BGLayer="True"  Weighted="False" Collidable="True" />
		<GameObject Type="PhysicsObj" Name="unknown"  X="2370"  Y="600"  Width="60"  Height="60"  ScaleX="2"  ScaleY="2"  Rotation="0"  Flip="True"  Tag=""  LevelType="1"  SpriteName="CastleAssetBookCase2_Sprite"  BGLayer="True"  Weighted="False" Collidable="True" />
		<GameObject Type="PhysicsObj" Name="unknown"  X="2880"  Y="480"  Width="60"  Height="60"  ScaleX="2"  ScaleY="2"  Rotation="0"  Flip="False"  Tag=""  LevelType="1"  SpriteName="CastleAssetBookCase2_Sprite"  BGLayer="True"  Weighted="False" Collidable="True" />
		<GameObject Type="PhysicsObj" Name="unknown"  X="3000"  Y="480"  Width="60"  Height="60"  ScaleX="2"  ScaleY="2"  Rotation="0"  Flip="True"  Tag=""  LevelType="1"  SpriteName="CastleAssetBookCase3_Sprite"  BGLayer="True"  Weighted="False" Collidable="True" />
		<GameObject Type="PhysicsObj" Name="unknown"  X="3330"  Y="480"  Width="60"  Height="60"  ScaleX="2"  ScaleY="2"  Rotation="0"  Flip="True"  Tag=""  LevelType="1"  SpriteName="CastleAssetBookCase2_Sprite"  BGLayer="True"  Weighted="False" Collidable="True" />
	</RoomObject>
</Map>