﻿<?xml version="1.0" encoding="utf-8"?>
<Map>
	<Spritesheet Name="startingRoomSpritesheet" />
	<Spritesheet Name="castleTerrainSpritesheet" />
	<Spritesheet Name="dungeonTerrainSpritesheet" />
	<Spritesheet Name="towerTerrainSpritesheet" />
	<Spritesheet Name="gardenTerrainSpritesheet" />
	<RoomObject Name="Bonus" X="0" Y="0" Width="3960" Height="1440" ScaleX="1" ScaleY="1" Tag="5" SelectionMode="0" DisplayBG="False" CastlePool="False" GardenPool="True" TowerPool="False" DungeonPool="False">
		<GameObject Type="DoorObj" Name="unknown"  X="0"  Y="960"  Width="120"  Height="180"  ScaleX="1"  ScaleY="1"  Rotation="0"  Flip="False"  Tag=""  LevelType="0"  DoorPos="Left" BossDoor="False" />
		<GameObject Type="CollHullObj" Name="unknown"  X="0"  Y="1140"  Width="450"  Height="300"  ScaleX="1"  ScaleY="1"  Rotation="0"  Flip="False"  Tag=""  LevelType="0"  CollidesTop="True" CollidesBottom="True" CollidesRight="True" CollidesLeft="True" />
		<GameObject Type="CollHullObj" Name="unknown"  X="2610"  Y="660"  Width="480"  Height="30"  ScaleX="1"  ScaleY="1"  Rotation="0"  Flip="False"  Tag=""  LevelType="0"  CollidesTop="True" CollidesBottom="True" CollidesRight="True" CollidesLeft="True" />
		<GameObject Type="SpriteObj" Name="unknown"  X="630"  Y="1020"  Width="60"  Height="60"  ScaleX="5"  ScaleY="5"  Rotation="0"  Flip="True"  Tag=""  LevelType="0"  BGLayer="True" SpriteName="StartRoomTree1Dark_Sprite" />
		<GameObject Type="SpriteObj" Name="unknown"  X="1950"  Y="900"  Width="60"  Height="60"  ScaleX="3"  ScaleY="3"  Rotation="0"  Flip="False"  Tag=""  LevelType="0"  BGLayer="True" SpriteName="StartRoomTree1Dark_Sprite" />
		<GameObject Type="SpriteObj" Name="unknown"  X="480"  Y="1020"  Width="60"  Height="60"  ScaleX="2"  ScaleY="2"  Rotation="0"  Flip="True"  Tag=""  LevelType="0"  BGLayer="True" SpriteName="StartRoomTree3Dark_Sprite" />
		<GameObject Type="SpriteObj" Name="unknown"  X="1380"  Y="1230"  Width="60"  Height="60"  ScaleX="3"  ScaleY="3"  Rotation="0"  Flip="False"  Tag=""  LevelType="0"  BGLayer="True" SpriteName="StartRoomTree2Dark_Sprite" />
		<GameObject Type="SpriteObj" Name="unknown"  X="1170"  Y="1200"  Width="60"  Height="60"  ScaleX="4"  ScaleY="4"  Rotation="0"  Flip="True"  Tag=""  LevelType="0"  BGLayer="True" SpriteName="StartRoomTree1Dark_Sprite" />
		<GameObject Type="SpriteObj" Name="unknown"  X="2370"  Y="1320"  Width="60"  Height="60"  ScaleX="4"  ScaleY="4"  Rotation="0"  Flip="False"  Tag=""  LevelType="0"  BGLayer="True" SpriteName="StartRoomTree1Dark_Sprite" />
		<GameObject Type="SpriteObj" Name="unknown"  X="2730"  Y="930"  Width="60"  Height="60"  ScaleX="3"  ScaleY="3"  Rotation="0"  Flip="True"  Tag=""  LevelType="0"  BGLayer="True" SpriteName="StartRoomTree2Dark_Sprite" />
		<GameObject Type="SpriteObj" Name="unknown"  X="2970"  Y="870"  Width="60"  Height="60"  ScaleX="2"  ScaleY="2"  Rotation="0"  Flip="False"  Tag=""  LevelType="0"  BGLayer="True" SpriteName="StartRoomTree3Dark_Sprite" />
		<GameObject Type="SpriteObj" Name="unknown"  X="3870"  Y="1140"  Width="60"  Height="60"  ScaleX="3"  ScaleY="3"  Rotation="0"  Flip="True"  Tag=""  LevelType="0"  BGLayer="True" SpriteName="StartRoomTree2Dark_Sprite" />
		<GameObject Type="SpriteObj" Name="unknown"  X="3330"  Y="1350"  Width="60"  Height="60"  ScaleX="4"  ScaleY="4"  Rotation="0"  Flip="False"  Tag=""  LevelType="0"  BGLayer="True" SpriteName="StartRoomTree2Dark_Sprite" />
		<GameObject Type="SpriteObj" Name="unknown"  X="3930"  Y="900"  Width="60"  Height="60"  ScaleX="2"  ScaleY="2"  Rotation="0"  Flip="False"  Tag=""  LevelType="0"  BGLayer="True" SpriteName="StartRoomGrass1Dark_Sprite" />
		<GameObject Type="SpriteObj" Name="unknown"  X="1800"  Y="900"  Width="60"  Height="60"  ScaleX="2"  ScaleY="2"  Rotation="0"  Flip="False"  Tag=""  LevelType="0"  BGLayer="True" SpriteName="StartRoomGrass3Dark_Sprite" />
		<GameObject Type="SpriteObj" Name="unknown"  X="750"  Y="960"  Width="60"  Height="60"  ScaleX="2"  ScaleY="2"  Rotation="0"  Flip="False"  Tag=""  LevelType="0"  BGLayer="True" SpriteName="StartRoomGrass2Dark_Sprite" />
		<GameObject Type="SpriteObj" Name="unknown"  X="540"  Y="1020"  Width="60"  Height="60"  ScaleX="3"  ScaleY="3"  Rotation="0"  Flip="True"  Tag=""  LevelType="0"  BGLayer="True" SpriteName="StartRoomTree1_Sprite" />
		<GameObject Type="SpriteObj" Name="unknown"  X="780"  Y="960"  Width="60"  Height="60"  ScaleX="2"  ScaleY="2"  Rotation="0"  Flip="False"  Tag=""  LevelType="0"  BGLayer="True" SpriteName="StartRoomTree2_Sprite" />
		<GameObject Type="SpriteObj" Name="unknown"  X="1830"  Y="900"  Width="60"  Height="60"  ScaleX="4"  ScaleY="4"  Rotation="0"  Flip="True"  Tag=""  LevelType="0"  BGLayer="True" SpriteName="StartRoomTree3_Sprite" />
		<GameObject Type="SpriteObj" Name="unknown"  X="1620"  Y="960"  Width="60"  Height="60"  ScaleX="3"  ScaleY="3"  Rotation="0"  Flip="False"  Tag=""  LevelType="0"  BGLayer="True" SpriteName="StartRoomTree1_Sprite" />
		<GameObject Type="SpriteObj" Name="unknown"  X="3720"  Y="900"  Width="60"  Height="60"  ScaleX="4"  ScaleY="4"  Rotation="0"  Flip="True"  Tag=""  LevelType="0"  BGLayer="True" SpriteName="StartRoomTree3_Sprite" />
		<GameObject Type="SpriteObj" Name="unknown"  X="270"  Y="1380"  Width="60"  Height="60"  ScaleX="3"  ScaleY="3"  Rotation="0"  Flip="False"  Tag=""  LevelType="0"  BGLayer="True" SpriteName="StartRoomTree1_Sprite" />
		<GameObject Type="SpriteObj" Name="unknown"  X="960"  Y="1350"  Width="60"  Height="60"  ScaleX="3"  ScaleY="3"  Rotation="0"  Flip="True"  Tag=""  LevelType="0"  BGLayer="True" SpriteName="StartRoomTree3_Sprite" />
		<GameObject Type="SpriteObj" Name="unknown"  X="1770"  Y="1110"  Width="60"  Height="60"  ScaleX="2"  ScaleY="2"  Rotation="0"  Flip="False"  Tag=""  LevelType="0"  BGLayer="True" SpriteName="StartRoomTree2_Sprite" />
		<GameObject Type="SpriteObj" Name="fountain"  X="2850"  Y="662"  Width="60"  Height="60"  ScaleX="3"  ScaleY="3"  Rotation="0"  Flip="False"  Tag=""  LevelType="0"  BGLayer="False" SpriteName="HealingFountain_Sprite" />
		<GameObject Type="CollHullObj" Name="unknown"  X="450"  Y="1020"  Width="570"  Height="180"  ScaleX="1"  ScaleY="1"  Rotation="0"  Flip="False"  Tag=""  LevelType="0"  CollidesTop="True" CollidesBottom="True" CollidesRight="True" CollidesLeft="True" />
		<GameObject Type="CollHullObj" Name="unknown"  X="1530"  Y="1020"  Width="240"  Height="420"  ScaleX="1"  ScaleY="1"  Rotation="0"  Flip="False"  Tag=""  LevelType="0"  CollidesTop="True" CollidesBottom="True" CollidesRight="True" CollidesLeft="True" />
		<GameObject Type="ObjContainer" Name="unknown"  X="990"  Y="990"  Width="60"  Height="60"  ScaleX="1.3"  ScaleY="1.3"  Rotation="-90"  Flip="False"  Tag=""  LevelType="1"  BGLayer="True" Weighted="False" Collidable="False" Breakable="False" SpriteName="CastleBGPillar_Character" />
		<GameObject Type="CollHullObj" Name="unknown"  X="840"  Y="960"  Width="870"  Height="30"  ScaleX="1"  ScaleY="1"  Rotation="0"  Flip="False"  Tag=""  LevelType="0"  CollidesTop="True" CollidesBottom="True" CollidesRight="True" CollidesLeft="True" />
		<GameObject Type="ObjContainer" Name="unknown"  X="840"  Y="990"  Width="60"  Height="60"  ScaleX="1.3"  ScaleY="1.3"  Rotation="-90"  Flip="False"  Tag=""  LevelType="1"  BGLayer="True" Weighted="False" Collidable="False" Breakable="False" SpriteName="CastleBGPillar_Character" />
		<GameObject Type="ObjContainer" Name="unknown"  X="1170"  Y="990"  Width="60"  Height="60"  ScaleX="1.3"  ScaleY="1.3"  Rotation="-90"  Flip="False"  Tag=""  LevelType="1"  BGLayer="True" Weighted="False" Collidable="False" Breakable="False" SpriteName="CastleBGPillar_Character" />
		<GameObject Type="ObjContainer" Name="unknown"  X="1350"  Y="990"  Width="60"  Height="60"  ScaleX="1.3"  ScaleY="1.3"  Rotation="-90"  Flip="False"  Tag=""  LevelType="1"  BGLayer="True" Weighted="False" Collidable="False" Breakable="False" SpriteName="CastleBGPillar_Character" />
		<GameObject Type="ObjContainer" Name="unknown"  X="1530"  Y="990"  Width="60"  Height="60"  ScaleX="1.3"  ScaleY="1.3"  Rotation="-90"  Flip="False"  Tag=""  LevelType="1"  BGLayer="True" Weighted="False" Collidable="False" Breakable="False" SpriteName="CastleBGPillar_Character" />
		<GameObject Type="CollHullObj" Name="unknown"  X="2430"  Y="720"  Width="840"  Height="30"  ScaleX="1"  ScaleY="1"  Rotation="0"  Flip="False"  Tag=""  LevelType="0"  CollidesTop="True" CollidesBottom="True" CollidesRight="True" CollidesLeft="True" />
		<GameObject Type="CollHullObj" Name="unknown"  X="2250"  Y="780"  Width="1200"  Height="30"  ScaleX="1"  ScaleY="1"  Rotation="0"  Flip="False"  Tag=""  LevelType="0"  CollidesTop="True" CollidesBottom="True" CollidesRight="True" CollidesLeft="True" />
		<GameObject Type="CollHullObj" Name="unknown"  X="2070"  Y="840"  Width="1560"  Height="30"  ScaleX="1"  ScaleY="1"  Rotation="0"  Flip="False"  Tag=""  LevelType="0"  CollidesTop="True" CollidesBottom="True" CollidesRight="True" CollidesLeft="True" />
		<GameObject Type="ObjContainer" Name="unknown"  X="2160"  Y="420"  Width="60"  Height="60"  ScaleX="2.5"  ScaleY="2"  Rotation="0"  Flip="False"  Tag=""  LevelType="0"  BGLayer="True" Weighted="False" Collidable="False" Breakable="False" SpriteName="CastleBGPillar_Character" />
		<GameObject Type="ObjContainer" Name="unknown"  X="2340"  Y="360"  Width="60"  Height="60"  ScaleX="2.5"  ScaleY="2"  Rotation="0"  Flip="False"  Tag=""  LevelType="0"  BGLayer="True" Weighted="False" Collidable="False" Breakable="False" SpriteName="CastleBGPillar_Character" />
		<GameObject Type="ObjContainer" Name="unknown"  X="2520"  Y="300"  Width="60"  Height="60"  ScaleX="2.5"  ScaleY="2"  Rotation="0"  Flip="False"  Tag=""  LevelType="0"  BGLayer="True" Weighted="False" Collidable="False" Breakable="False" SpriteName="CastleBGPillar_Character" />
		<GameObject Type="ObjContainer" Name="unknown"  X="2700"  Y="240"  Width="60"  Height="60"  ScaleX="2.5"  ScaleY="2"  Rotation="0"  Flip="False"  Tag=""  LevelType="0"  BGLayer="True" Weighted="False" Collidable="False" Breakable="False" SpriteName="CastleBGPillar_Character" />
		<GameObject Type="ObjContainer" Name="unknown"  X="3000"  Y="240"  Width="60"  Height="60"  ScaleX="2.5"  ScaleY="2"  Rotation="0"  Flip="True"  Tag=""  LevelType="0"  BGLayer="True" Weighted="False" Collidable="False" Breakable="False" SpriteName="CastleBGPillar_Character" />
		<GameObject Type="ObjContainer" Name="unknown"  X="3180"  Y="300"  Width="60"  Height="60"  ScaleX="2.5"  ScaleY="2"  Rotation="0"  Flip="True"  Tag=""  LevelType="0"  BGLayer="True" Weighted="False" Collidable="False" Breakable="False" SpriteName="CastleBGPillar_Character" />
		<GameObject Type="ObjContainer" Name="unknown"  X="3360"  Y="360"  Width="60"  Height="60"  ScaleX="2.5"  ScaleY="2"  Rotation="0"  Flip="True"  Tag=""  LevelType="0"  BGLayer="True" Weighted="False" Collidable="False" Breakable="False" SpriteName="CastleBGPillar_Character" />
		<GameObject Type="ObjContainer" Name="unknown"  X="3540"  Y="420"  Width="60"  Height="60"  ScaleX="2.5"  ScaleY="2"  Rotation="0"  Flip="True"  Tag=""  LevelType="0"  BGLayer="True" Weighted="False" Collidable="False" Breakable="False" SpriteName="CastleBGPillar_Character" />
		<GameObject Type="CollHullObj" Name="unknown"  X="1770"  Y="900"  Width="300"  Height="540"  ScaleX="1"  ScaleY="1"  Rotation="0"  Flip="False"  Tag=""  LevelType="0"  CollidesTop="True" CollidesBottom="True" CollidesRight="True" CollidesLeft="True" />
		<GameObject Type="CollHullObj" Name="unknown"  X="2070"  Y="390"  Width="180"  Height="30"  ScaleX="1"  ScaleY="1"  Rotation="0"  Flip="False"  Tag=""  LevelType="0"  CollidesTop="True" CollidesBottom="True" CollidesRight="True" CollidesLeft="True" />
		<GameObject Type="CollHullObj" Name="unknown"  X="720"  Y="960"  Width="120"  Height="60"  ScaleX="1"  ScaleY="1"  Rotation="0"  Flip="False"  Tag=""  LevelType="0"  CollidesTop="True" CollidesBottom="True" CollidesRight="True" CollidesLeft="True" />
		<GameObject Type="CollHullObj" Name="unknown"  X="720"  Y="960"  Width="42"  Height="115"  ScaleX="1"  ScaleY="1"  Rotation="45"  Flip="False"  Tag=""  LevelType="0"  CollidesTop="True" CollidesBottom="True" CollidesRight="True" CollidesLeft="True" />
		<GameObject Type="CollHullObj" Name="unknown"  X="1650"  Y="1020"  Width="170"  Height="85"  ScaleX="1"  ScaleY="1"  Rotation="-45"  Flip="False"  Tag=""  LevelType="0"  CollidesTop="True" CollidesBottom="True" CollidesRight="True" CollidesLeft="True" />
		<GameObject Type="CollHullObj" Name="unknown"  X="450"  Y="1020"  Width="85"  Height="200"  ScaleX="1"  ScaleY="1"  Rotation="45"  Flip="False"  Tag=""  LevelType="0"  CollidesTop="True" CollidesBottom="True" CollidesRight="True" CollidesLeft="True" />
		<GameObject Type="CollHullObj" Name="unknown"  X="840"  Y="960"  Width="85"  Height="42"  ScaleX="1"  ScaleY="1"  Rotation="45"  Flip="False"  Tag=""  LevelType="0"  CollidesTop="True" CollidesBottom="True" CollidesRight="True" CollidesLeft="True" />
		<GameObject Type="CollHullObj" Name="unknown"  X="2610"  Y="690"  Width="480"  Height="30"  ScaleX="1"  ScaleY="1"  Rotation="0"  Flip="False"  Tag=""  LevelType="0"  CollidesTop="True" CollidesBottom="True" CollidesRight="True" CollidesLeft="True" />
		<GameObject Type="CollHullObj" Name="unknown"  X="2430"  Y="750"  Width="840"  Height="30"  ScaleX="1"  ScaleY="1"  Rotation="0"  Flip="False"  Tag=""  LevelType="0"  CollidesTop="True" CollidesBottom="True" CollidesRight="True" CollidesLeft="True" />
		<GameObject Type="CollHullObj" Name="unknown"  X="2250"  Y="810"  Width="1200"  Height="30"  ScaleX="1"  ScaleY="1"  Rotation="0"  Flip="False"  Tag=""  LevelType="0"  CollidesTop="True" CollidesBottom="True" CollidesRight="True" CollidesLeft="True" />
		<GameObject Type="CollHullObj" Name="unknown"  X="2070"  Y="870"  Width="1560"  Height="30"  ScaleX="1"  ScaleY="1"  Rotation="0"  Flip="False"  Tag=""  LevelType="0"  CollidesTop="True" CollidesBottom="True" CollidesRight="True" CollidesLeft="True" />
		<GameObject Type="CollHullObj" Name="unknown"  X="2070"  Y="900"  Width="1560"  Height="30"  ScaleX="1"  ScaleY="1"  Rotation="0"  Flip="False"  Tag=""  LevelType="0"  CollidesTop="True" CollidesBottom="True" CollidesRight="True" CollidesLeft="True" />
		<GameObject Type="CollHullObj" Name="unknown"  X="2070"  Y="930"  Width="1560"  Height="30"  ScaleX="1"  ScaleY="1"  Rotation="0"  Flip="False"  Tag=""  LevelType="0"  CollidesTop="True" CollidesBottom="True" CollidesRight="True" CollidesLeft="True" />
		<GameObject Type="CollHullObj" Name="unknown"  X="2070"  Y="960"  Width="1560"  Height="480"  ScaleX="1"  ScaleY="1"  Rotation="0"  Flip="False"  Tag=""  LevelType="0"  CollidesTop="True" CollidesBottom="True" CollidesRight="True" CollidesLeft="True" />
		<GameObject Type="CollHullObj" Name="unknown"  X="3630"  Y="900"  Width="330"  Height="540"  ScaleX="1"  ScaleY="1"  Rotation="0"  Flip="False"  Tag=""  LevelType="0"  CollidesTop="True" CollidesBottom="True" CollidesRight="True" CollidesLeft="True" />
		<GameObject Type="BorderObj" Name="unknown"  X="1770"  Y="900"  Width="300"  Height="60"  ScaleX="1"  ScaleY="1"  Rotation="0"  Flip="False"  Tag=""  LevelType="0"  CollidesTop="True" CollidesBottom="False" CollidesRight="True" CollidesLeft="False" />
		<GameObject Type="BorderObj" Name="unknown"  X="2070"  Y="960"  Width="1560"  Height="60"  ScaleX="1"  ScaleY="1"  Rotation="0"  Flip="False"  Tag=""  LevelType="0"  CollidesTop="True" CollidesBottom="False" CollidesRight="False" CollidesLeft="False" />
		<GameObject Type="BorderObj" Name="unknown"  X="3630"  Y="900"  Width="330"  Height="60"  ScaleX="1"  ScaleY="1"  Rotation="0"  Flip="False"  Tag=""  LevelType="0"  CollidesTop="True" CollidesBottom="False" CollidesRight="False" CollidesLeft="True" />
		<GameObject Type="SpriteObj" Name="unknown"  X="2610"  Y="660"  Width="60"  Height="60"  ScaleX="4"  ScaleY="2"  Rotation="0"  Flip="False"  Tag=""  LevelType="0"  BGLayer="True" SpriteName="StartingRoomRockBottom_Sprite" />
		<GameObject Type="SpriteObj" Name="unknown"  X="2430"  Y="720"  Width="60"  Height="60"  ScaleX="2"  ScaleY="2"  Rotation="0"  Flip="False"  Tag=""  LevelType="0"  BGLayer="True" SpriteName="StartingRoomRockBottom_Sprite" />
		<GameObject Type="SpriteObj" Name="unknown"  X="2250"  Y="780"  Width="60"  Height="60"  ScaleX="2"  ScaleY="2"  Rotation="0"  Flip="False"  Tag=""  LevelType="0"  BGLayer="True" SpriteName="StartingRoomRockBottom_Sprite" />
		<GameObject Type="SpriteObj" Name="unknown"  X="2070"  Y="840"  Width="60"  Height="60"  ScaleX="2"  ScaleY="2"  Rotation="0"  Flip="False"  Tag=""  LevelType="0"  BGLayer="True" SpriteName="StartingRoomRockBottom_Sprite" />
		<GameObject Type="SpriteObj" Name="unknown"  X="3030"  Y="720"  Width="60"  Height="60"  ScaleX="2"  ScaleY="2"  Rotation="0"  Flip="False"  Tag=""  LevelType="0"  BGLayer="True" SpriteName="StartingRoomRockBottom_Sprite" />
		<GameObject Type="SpriteObj" Name="unknown"  X="3210"  Y="780"  Width="60"  Height="60"  ScaleX="2"  ScaleY="2"  Rotation="0"  Flip="False"  Tag=""  LevelType="0"  BGLayer="True" SpriteName="StartingRoomRockBottom_Sprite" />
		<GameObject Type="SpriteObj" Name="unknown"  X="3390"  Y="840"  Width="60"  Height="60"  ScaleX="2"  ScaleY="2"  Rotation="0"  Flip="False"  Tag=""  LevelType="0"  BGLayer="True" SpriteName="StartingRoomRockBottom_Sprite" />
		<GameObject Type="BorderObj" Name="unknown"  X="2070"  Y="840"  Width="240"  Height="60"  ScaleX="1"  ScaleY="1"  Rotation="0"  Flip="False"  Tag=""  LevelType="0"  CollidesTop="True" CollidesBottom="False" CollidesRight="True" CollidesLeft="True" />
		<GameObject Type="BorderObj" Name="unknown"  X="2250"  Y="780"  Width="240"  Height="60"  ScaleX="1"  ScaleY="1"  Rotation="0"  Flip="False"  Tag=""  LevelType="0"  CollidesTop="True" CollidesBottom="False" CollidesRight="True" CollidesLeft="True" />
		<GameObject Type="BorderObj" Name="unknown"  X="2430"  Y="720"  Width="240"  Height="60"  ScaleX="1"  ScaleY="1"  Rotation="0"  Flip="False"  Tag=""  LevelType="0"  CollidesTop="True" CollidesBottom="False" CollidesRight="True" CollidesLeft="True" />
		<GameObject Type="BorderObj" Name="unknown"  X="2610"  Y="660"  Width="480"  Height="60"  ScaleX="1"  ScaleY="1"  Rotation="0"  Flip="False"  Tag=""  LevelType="0"  CollidesTop="True" CollidesBottom="False" CollidesRight="True" CollidesLeft="True" />
		<GameObject Type="BorderObj" Name="unknown"  X="3030"  Y="720"  Width="240"  Height="60"  ScaleX="1"  ScaleY="1"  Rotation="0"  Flip="False"  Tag=""  LevelType="0"  CollidesTop="True" CollidesBottom="False" CollidesRight="True" CollidesLeft="True" />
		<GameObject Type="BorderObj" Name="unknown"  X="3210"  Y="780"  Width="240"  Height="60"  ScaleX="1"  ScaleY="1"  Rotation="0"  Flip="False"  Tag=""  LevelType="0"  CollidesTop="True" CollidesBottom="False" CollidesRight="True" CollidesLeft="True" />
		<GameObject Type="BorderObj" Name="unknown"  X="3390"  Y="840"  Width="240"  Height="60"  ScaleX="1"  ScaleY="1"  Rotation="0"  Flip="False"  Tag=""  LevelType="0"  CollidesTop="True" CollidesBottom="False" CollidesRight="True" CollidesLeft="True" />
		<GameObject Type="BorderObj" Name="unknown"  X="2490"  Y="870"  Width="90"  Height="90"  ScaleX="1"  ScaleY="1"  Rotation="0"  Flip="False"  Tag=""  LevelType="0"  CollidesTop="True" CollidesBottom="False" CollidesRight="False" CollidesLeft="True" />
		<GameObject Type="BorderObj" Name="unknown"  X="2670"  Y="810"  Width="120"  Height="120"  ScaleX="1"  ScaleY="1"  Rotation="0"  Flip="False"  Tag=""  LevelType="0"  CollidesTop="True" CollidesBottom="False" CollidesRight="False" CollidesLeft="True" />
		<GameObject Type="BorderObj" Name="unknown"  X="2790"  Y="810"  Width="60"  Height="60"  ScaleX="1"  ScaleY="1"  Rotation="0"  Flip="False"  Tag=""  LevelType="0"  CollidesTop="True" CollidesBottom="False" CollidesRight="True" CollidesLeft="False" />
		<GameObject Type="BorderObj" Name="unknown"  X="3030"  Y="780"  Width="60"  Height="120"  ScaleX="1"  ScaleY="1"  Rotation="0"  Flip="False"  Tag=""  LevelType="0"  CollidesTop="False" CollidesBottom="False" CollidesRight="False" CollidesLeft="True" />
		<GameObject Type="BorderObj" Name="unknown"  X="2430"  Y="840"  Width="60"  Height="90"  ScaleX="1"  ScaleY="1"  Rotation="0"  Flip="False"  Tag=""  LevelType="0"  CollidesTop="False" CollidesBottom="False" CollidesRight="True" CollidesLeft="False" />
		<GameObject Type="BorderObj" Name="unknown"  X="3180"  Y="900"  Width="120"  Height="60"  ScaleX="1"  ScaleY="1"  Rotation="0"  Flip="False"  Tag=""  LevelType="0"  CollidesTop="True" CollidesBottom="False" CollidesRight="False" CollidesLeft="True" />
		<GameObject Type="BorderObj" Name="unknown"  X="2850"  Y="870"  Width="90"  Height="90"  ScaleX="1"  ScaleY="1"  Rotation="0"  Flip="False"  Tag=""  LevelType="0"  CollidesTop="True" CollidesBottom="False" CollidesRight="True" CollidesLeft="False" />
		<GameObject Type="CollHullObj" Name="unknown"  X="2070"  Y="360"  Width="180"  Height="30"  ScaleX="1"  ScaleY="1"  Rotation="0"  Flip="False"  Tag=""  LevelType="0"  CollidesTop="True" CollidesBottom="True" CollidesRight="True" CollidesLeft="True" />
		<GameObject Type="CollHullObj" Name="unknown"  X="2070"  Y="330"  Width="360"  Height="30"  ScaleX="1"  ScaleY="1"  Rotation="0"  Flip="False"  Tag=""  LevelType="0"  CollidesTop="True" CollidesBottom="True" CollidesRight="True" CollidesLeft="True" />
		<GameObject Type="CollHullObj" Name="unknown"  X="2070"  Y="300"  Width="360"  Height="30"  ScaleX="1"  ScaleY="1"  Rotation="0"  Flip="False"  Tag=""  LevelType="0"  CollidesTop="True" CollidesBottom="True" CollidesRight="True" CollidesLeft="True" />
		<GameObject Type="CollHullObj" Name="unknown"  X="2070"  Y="270"  Width="540"  Height="30"  ScaleX="1"  ScaleY="1"  Rotation="0"  Flip="False"  Tag=""  LevelType="0"  CollidesTop="True" CollidesBottom="True" CollidesRight="True" CollidesLeft="True" />
		<GameObject Type="CollHullObj" Name="unknown"  X="2070"  Y="240"  Width="540"  Height="30"  ScaleX="1"  ScaleY="1"  Rotation="0"  Flip="False"  Tag=""  LevelType="0"  CollidesTop="True" CollidesBottom="True" CollidesRight="True" CollidesLeft="True" />
		<GameObject Type="CollHullObj" Name="unknown"  X="2070"  Y="210"  Width="1560"  Height="30"  ScaleX="1"  ScaleY="1"  Rotation="0"  Flip="False"  Tag=""  LevelType="0"  CollidesTop="True" CollidesBottom="True" CollidesRight="True" CollidesLeft="True" />
		<GameObject Type="CollHullObj" Name="unknown"  X="2070"  Y="180"  Width="1560"  Height="30"  ScaleX="1"  ScaleY="1"  Rotation="0"  Flip="False"  Tag=""  LevelType="0"  CollidesTop="True" CollidesBottom="True" CollidesRight="True" CollidesLeft="True" />
		<GameObject Type="CollHullObj" Name="unknown"  X="2250"  Y="150"  Width="1200"  Height="30"  ScaleX="1"  ScaleY="1"  Rotation="0"  Flip="False"  Tag=""  LevelType="0"  CollidesTop="True" CollidesBottom="True" CollidesRight="True" CollidesLeft="True" />
		<GameObject Type="CollHullObj" Name="unknown"  X="2250"  Y="120"  Width="1200"  Height="30"  ScaleX="1"  ScaleY="1"  Rotation="0"  Flip="False"  Tag=""  LevelType="0"  CollidesTop="True" CollidesBottom="True" CollidesRight="True" CollidesLeft="True" />
		<GameObject Type="CollHullObj" Name="unknown"  X="2430"  Y="90"  Width="840"  Height="30"  ScaleX="1"  ScaleY="1"  Rotation="0"  Flip="False"  Tag=""  LevelType="0"  CollidesTop="True" CollidesBottom="True" CollidesRight="True" CollidesLeft="True" />
		<GameObject Type="CollHullObj" Name="unknown"  X="2430"  Y="60"  Width="840"  Height="30"  ScaleX="1"  ScaleY="1"  Rotation="0"  Flip="False"  Tag=""  LevelType="0"  CollidesTop="True" CollidesBottom="True" CollidesRight="True" CollidesLeft="True" />
		<GameObject Type="CollHullObj" Name="unknown"  X="2610"  Y="30"  Width="480"  Height="30"  ScaleX="1"  ScaleY="1"  Rotation="0"  Flip="False"  Tag=""  LevelType="0"  CollidesTop="True" CollidesBottom="True" CollidesRight="True" CollidesLeft="True" />
		<GameObject Type="CollHullObj" Name="unknown"  X="2610"  Y="0"  Width="480"  Height="30"  ScaleX="1"  ScaleY="1"  Rotation="0"  Flip="False"  Tag=""  LevelType="0"  CollidesTop="True" CollidesBottom="True" CollidesRight="True" CollidesLeft="True" />
		<GameObject Type="CollHullObj" Name="unknown"  X="3090"  Y="240"  Width="540"  Height="30"  ScaleX="1"  ScaleY="1"  Rotation="0"  Flip="False"  Tag=""  LevelType="0"  CollidesTop="True" CollidesBottom="True" CollidesRight="True" CollidesLeft="True" />
		<GameObject Type="CollHullObj" Name="unknown"  X="3090"  Y="270"  Width="540"  Height="30"  ScaleX="1"  ScaleY="1"  Rotation="0"  Flip="False"  Tag=""  LevelType="0"  CollidesTop="True" CollidesBottom="True" CollidesRight="True" CollidesLeft="True" />
		<GameObject Type="CollHullObj" Name="unknown"  X="3270"  Y="300"  Width="360"  Height="30"  ScaleX="1"  ScaleY="1"  Rotation="0"  Flip="False"  Tag=""  LevelType="0"  CollidesTop="True" CollidesBottom="True" CollidesRight="True" CollidesLeft="True" />
		<GameObject Type="CollHullObj" Name="unknown"  X="3270"  Y="330"  Width="360"  Height="30"  ScaleX="1"  ScaleY="1"  Rotation="0"  Flip="False"  Tag=""  LevelType="0"  CollidesTop="True" CollidesBottom="True" CollidesRight="True" CollidesLeft="True" />
		<GameObject Type="CollHullObj" Name="unknown"  X="3450"  Y="360"  Width="180"  Height="30"  ScaleX="1"  ScaleY="1"  Rotation="0"  Flip="False"  Tag=""  LevelType="0"  CollidesTop="True" CollidesBottom="True" CollidesRight="True" CollidesLeft="True" />
		<GameObject Type="CollHullObj" Name="unknown"  X="3450"  Y="390"  Width="180"  Height="30"  ScaleX="1"  ScaleY="1"  Rotation="0"  Flip="False"  Tag=""  LevelType="0"  CollidesTop="True" CollidesBottom="True" CollidesRight="True" CollidesLeft="True" />
		<GameObject Type="SpriteObj" Name="unknown"  X="2610"  Y="0"  Width="60"  Height="60"  ScaleX="4"  ScaleY="1.5"  Rotation="0"  Flip="False"  Tag=""  LevelType="0"  BGLayer="True" SpriteName="StartingRoomRockTop_Sprite" />
		<GameObject Type="SpriteObj" Name="unknown"  X="2430"  Y="60"  Width="60"  Height="60"  ScaleX="3"  ScaleY="1.1"  Rotation="0"  Flip="False"  Tag=""  LevelType="0"  BGLayer="True" SpriteName="StartingRoomRockTop_Sprite" />
		<GameObject Type="SpriteObj" Name="unknown"  X="2250"  Y="120"  Width="60"  Height="60"  ScaleX="3"  ScaleY="1.1"  Rotation="0"  Flip="False"  Tag=""  LevelType="0"  BGLayer="True" SpriteName="StartingRoomRockTop_Sprite" />
		<GameObject Type="SpriteObj" Name="unknown"  X="2070"  Y="180"  Width="60"  Height="60"  ScaleX="3"  ScaleY="1.1"  Rotation="0"  Flip="False"  Tag=""  LevelType="0"  BGLayer="True" SpriteName="StartingRoomRockTop_Sprite" />
		<GameObject Type="SpriteObj" Name="unknown"  X="2070"  Y="240"  Width="60"  Height="60"  ScaleX="1.5"  ScaleY="1.1"  Rotation="0"  Flip="False"  Tag=""  LevelType="0"  BGLayer="True" SpriteName="StartingRoomRockTop_Sprite" />
		<GameObject Type="SpriteObj" Name="unknown"  X="2910"  Y="60"  Width="60"  Height="60"  ScaleX="3"  ScaleY="1.1"  Rotation="0"  Flip="False"  Tag=""  LevelType="0"  BGLayer="True" SpriteName="StartingRoomRockTop_Sprite" />
		<GameObject Type="SpriteObj" Name="unknown"  X="3090"  Y="120"  Width="60"  Height="60"  ScaleX="3"  ScaleY="1.1"  Rotation="0"  Flip="False"  Tag=""  LevelType="0"  BGLayer="True" SpriteName="StartingRoomRockTop_Sprite" />
		<GameObject Type="SpriteObj" Name="unknown"  X="3270"  Y="180"  Width="60"  Height="60"  ScaleX="3"  ScaleY="1.1"  Rotation="0"  Flip="False"  Tag=""  LevelType="0"  BGLayer="True" SpriteName="StartingRoomRockTop_Sprite" />
		<GameObject Type="SpriteObj" Name="unknown"  X="3450"  Y="240"  Width="60"  Height="60"  ScaleX="1.5"  ScaleY="1.1"  Rotation="0"  Flip="False"  Tag=""  LevelType="0"  BGLayer="True" SpriteName="StartingRoomRockTop_Sprite" />
		<GameObject Type="BorderObj" Name="unknown"  X="2070"  Y="270"  Width="180"  Height="150"  ScaleX="1"  ScaleY="1"  Rotation="0"  Flip="False"  Tag=""  LevelType="0"  CollidesTop="False" CollidesBottom="True" CollidesRight="True" CollidesLeft="True" />
		<GameObject Type="BorderObj" Name="unknown"  X="2250"  Y="240"  Width="180"  Height="120"  ScaleX="1"  ScaleY="1"  Rotation="0"  Flip="False"  Tag=""  LevelType="0"  CollidesTop="False" CollidesBottom="True" CollidesRight="True" CollidesLeft="False" />
		<GameObject Type="BorderObj" Name="unknown"  X="2430"  Y="180"  Width="180"  Height="120"  ScaleX="1"  ScaleY="1"  Rotation="0"  Flip="False"  Tag=""  LevelType="0"  CollidesTop="False" CollidesBottom="True" CollidesRight="True" CollidesLeft="False" />
		<GameObject Type="BorderObj" Name="unknown"  X="2610"  Y="180"  Width="480"  Height="60"  ScaleX="1"  ScaleY="1"  Rotation="0"  Flip="False"  Tag=""  LevelType="0"  CollidesTop="False" CollidesBottom="True" CollidesRight="False" CollidesLeft="False" />
		<GameObject Type="BorderObj" Name="unknown"  X="3090"  Y="180"  Width="180"  Height="120"  ScaleX="1"  ScaleY="1"  Rotation="0"  Flip="False"  Tag=""  LevelType="0"  CollidesTop="False" CollidesBottom="True" CollidesRight="False" CollidesLeft="True" />
		<GameObject Type="BorderObj" Name="unknown"  X="3270"  Y="210"  Width="180"  Height="150"  ScaleX="1"  ScaleY="1"  Rotation="0"  Flip="False"  Tag=""  LevelType="0"  CollidesTop="False" CollidesBottom="True" CollidesRight="False" CollidesLeft="True" />
		<GameObject Type="BorderObj" Name="unknown"  X="3450"  Y="300"  Width="180"  Height="120"  ScaleX="1"  ScaleY="1"  Rotation="0"  Flip="False"  Tag=""  LevelType="0"  CollidesTop="False" CollidesBottom="True" CollidesRight="True" CollidesLeft="True" />
		<GameObject Type="BorderObj" Name="unknown"  X="2070"  Y="900"  Width="60"  Height="60"  ScaleX="1"  ScaleY="1"  Rotation="0"  Flip="False"  Tag=""  LevelType="0"  CollidesTop="False" CollidesBottom="False" CollidesRight="False" CollidesLeft="True" />
		<GameObject Type="BorderObj" Name="unknown"  X="3390"  Y="900"  Width="60"  Height="60"  ScaleX="1"  ScaleY="1"  Rotation="0"  Flip="False"  Tag=""  LevelType="0"  CollidesTop="False" CollidesBottom="False" CollidesRight="False" CollidesLeft="True" />
		<GameObject Type="BorderObj" Name="unknown"  X="2610"  Y="0"  Width="480"  Height="60"  ScaleX="1"  ScaleY="1"  Rotation="0"  Flip="False"  Tag=""  LevelType="0"  CollidesTop="True" CollidesBottom="False" CollidesRight="True" CollidesLeft="True" />
		<GameObject Type="BorderObj" Name="unknown"  X="2910"  Y="60"  Width="360"  Height="60"  ScaleX="1"  ScaleY="1"  Rotation="0"  Flip="False"  Tag=""  LevelType="0"  CollidesTop="True" CollidesBottom="False" CollidesRight="True" CollidesLeft="True" />
		<GameObject Type="BorderObj" Name="unknown"  X="2910"  Y="120"  Width="60"  Height="60"  ScaleX="1"  ScaleY="1"  Rotation="0"  Flip="False"  Tag=""  LevelType="0"  CollidesTop="False" CollidesBottom="False" CollidesRight="False" CollidesLeft="True" />
		<GameObject Type="BorderObj" Name="unknown"  X="3210"  Y="120"  Width="240"  Height="60"  ScaleX="1"  ScaleY="1"  Rotation="0"  Flip="False"  Tag=""  LevelType="0"  CollidesTop="True" CollidesBottom="False" CollidesRight="True" CollidesLeft="True" />
		<GameObject Type="BorderObj" Name="unknown"  X="3390"  Y="180"  Width="240"  Height="60"  ScaleX="1"  ScaleY="1"  Rotation="0"  Flip="False"  Tag=""  LevelType="0"  CollidesTop="True" CollidesBottom="False" CollidesRight="True" CollidesLeft="True" />
		<GameObject Type="BorderObj" Name="unknown"  X="3570"  Y="240"  Width="60"  Height="60"  ScaleX="1"  ScaleY="1"  Rotation="0"  Flip="False"  Tag=""  LevelType="0"  CollidesTop="False" CollidesBottom="False" CollidesRight="True" CollidesLeft="False" />
		<GameObject Type="BorderObj" Name="unknown"  X="2430"  Y="60"  Width="240"  Height="60"  ScaleX="1"  ScaleY="1"  Rotation="0"  Flip="False"  Tag=""  LevelType="0"  CollidesTop="True" CollidesBottom="False" CollidesRight="True" CollidesLeft="True" />
		<GameObject Type="BorderObj" Name="unknown"  X="2250"  Y="120"  Width="240"  Height="60"  ScaleX="1"  ScaleY="1"  Rotation="0"  Flip="False"  Tag=""  LevelType="0"  CollidesTop="True" CollidesBottom="False" CollidesRight="True" CollidesLeft="True" />
		<GameObject Type="BorderObj" Name="unknown"  X="2070"  Y="180"  Width="240"  Height="60"  ScaleX="1"  ScaleY="1"  Rotation="0"  Flip="False"  Tag=""  LevelType="0"  CollidesTop="True" CollidesBottom="False" CollidesRight="True" CollidesLeft="True" />
		<GameObject Type="BorderObj" Name="unknown"  X="3390"  Y="240"  Width="60"  Height="60"  ScaleX="1"  ScaleY="1"  Rotation="0"  Flip="False"  Tag=""  LevelType="0"  CollidesTop="False" CollidesBottom="False" CollidesRight="False" CollidesLeft="True" />
		<GameObject Type="BorderObj" Name="unknown"  X="2730"  Y="90"  Width="60"  Height="60"  ScaleX="1"  ScaleY="1"  Rotation="0"  Flip="False"  Tag=""  LevelType="0"  CollidesTop="True" CollidesBottom="False" CollidesRight="True" CollidesLeft="False" />
		<GameObject Type="BorderObj" Name="unknown"  X="2400"  Y="120"  Width="90"  Height="90"  ScaleX="1"  ScaleY="1"  Rotation="0"  Flip="False"  Tag=""  LevelType="0"  CollidesTop="True" CollidesBottom="False" CollidesRight="True" CollidesLeft="False" />
		<GameObject Type="BorderObj" Name="unknown"  X="2070"  Y="240"  Width="60"  Height="60"  ScaleX="1"  ScaleY="1"  Rotation="0"  Flip="False"  Tag=""  LevelType="0"  CollidesTop="False" CollidesBottom="False" CollidesRight="False" CollidesLeft="True" />
		<GameObject Type="PhysicsObjContainer" Name="Mana"  X="2700"  Y="660"  Width="60"  Height="60"  ScaleX="2"  ScaleY="2"  Rotation="0"  Flip="True"  Tag=""  LevelType="0"  BGLayer="False" Weighted="False" Collidable="False" Breakable="True" SpriteName="CastleAssetAngelStatue_Character" />
		<GameObject Type="PhysicsObjContainer" Name="Mana"  X="3000"  Y="660"  Width="60"  Height="60"  ScaleX="2"  ScaleY="2"  Rotation="0"  Flip="False"  Tag=""  LevelType="0"  BGLayer="False" Weighted="False" Collidable="False" Breakable="True" SpriteName="CastleAssetAngelStatue_Character" />
		<GameObject Type="BorderObj" Name="unknown"  X="2100"  Y="840"  Width="420"  Height="30"  ScaleX="1"  ScaleY="1"  Rotation="-90"  Flip="False"  Tag=""  LevelType="0"  CollidesTop="True" CollidesBottom="False" CollidesRight="False" CollidesLeft="False" />
		<GameObject Type="BorderObj" Name="unknown"  X="2280"  Y="780"  Width="420"  Height="30"  ScaleX="1"  ScaleY="1"  Rotation="-90"  Flip="False"  Tag=""  LevelType="0"  CollidesTop="True" CollidesBottom="False" CollidesRight="False" CollidesLeft="False" />
		<GameObject Type="BorderObj" Name="unknown"  X="2460"  Y="720"  Width="420"  Height="30"  ScaleX="1"  ScaleY="1"  Rotation="-90"  Flip="False"  Tag=""  LevelType="0"  CollidesTop="True" CollidesBottom="False" CollidesRight="False" CollidesLeft="False" />
		<GameObject Type="BorderObj" Name="unknown"  X="2640"  Y="660"  Width="420"  Height="30"  ScaleX="1"  ScaleY="1"  Rotation="-90"  Flip="False"  Tag=""  LevelType="0"  CollidesTop="True" CollidesBottom="False" CollidesRight="False" CollidesLeft="False" />
		<GameObject Type="BorderObj" Name="unknown"  X="2940"  Y="660"  Width="420"  Height="30"  ScaleX="1"  ScaleY="1"  Rotation="-90"  Flip="False"  Tag=""  LevelType="0"  CollidesTop="True" CollidesBottom="False" CollidesRight="False" CollidesLeft="False" />
		<GameObject Type="BorderObj" Name="unknown"  X="3120"  Y="720"  Width="420"  Height="30"  ScaleX="1"  ScaleY="1"  Rotation="-90"  Flip="False"  Tag=""  LevelType="0"  CollidesTop="True" CollidesBottom="False" CollidesRight="False" CollidesLeft="False" />
		<GameObject Type="BorderObj" Name="unknown"  X="3300"  Y="780"  Width="420"  Height="30"  ScaleX="1"  ScaleY="1"  Rotation="-90"  Flip="False"  Tag=""  LevelType="0"  CollidesTop="True" CollidesBottom="False" CollidesRight="False" CollidesLeft="False" />
		<GameObject Type="BorderObj" Name="unknown"  X="3480"  Y="840"  Width="420"  Height="30"  ScaleX="1"  ScaleY="1"  Rotation="-90"  Flip="False"  Tag=""  LevelType="0"  CollidesTop="True" CollidesBottom="False" CollidesRight="False" CollidesLeft="False" />
		<GameObject Type="BorderObj" Name="unknown"  X="2220"  Y="420"  Width="420"  Height="30"  ScaleX="1"  ScaleY="1"  Rotation="90"  Flip="False"  Tag=""  LevelType="0"  CollidesTop="True" CollidesBottom="False" CollidesRight="False" CollidesLeft="False" />
		<GameObject Type="BorderObj" Name="unknown"  X="2400"  Y="360"  Width="420"  Height="30"  ScaleX="1"  ScaleY="1"  Rotation="90"  Flip="False"  Tag=""  LevelType="0"  CollidesTop="True" CollidesBottom="False" CollidesRight="False" CollidesLeft="False" />
		<GameObject Type="BorderObj" Name="unknown"  X="2580"  Y="300"  Width="420"  Height="30"  ScaleX="1"  ScaleY="1"  Rotation="90"  Flip="False"  Tag=""  LevelType="0"  CollidesTop="True" CollidesBottom="False" CollidesRight="False" CollidesLeft="False" />
		<GameObject Type="BorderObj" Name="unknown"  X="2760"  Y="240"  Width="420"  Height="30"  ScaleX="1"  ScaleY="1"  Rotation="90"  Flip="False"  Tag=""  LevelType="0"  CollidesTop="True" CollidesBottom="False" CollidesRight="False" CollidesLeft="False" />
		<GameObject Type="BorderObj" Name="unknown"  X="3060"  Y="240"  Width="420"  Height="30"  ScaleX="1"  ScaleY="1"  Rotation="90"  Flip="False"  Tag=""  LevelType="0"  CollidesTop="True" CollidesBottom="False" CollidesRight="False" CollidesLeft="False" />
		<GameObject Type="BorderObj" Name="unknown"  X="3240"  Y="300"  Width="420"  Height="30"  ScaleX="1"  ScaleY="1"  Rotation="90"  Flip="False"  Tag=""  LevelType="0"  CollidesTop="True" CollidesBottom="False" CollidesRight="False" CollidesLeft="False" />
		<GameObject Type="BorderObj" Name="unknown"  X="3420"  Y="360"  Width="420"  Height="30"  ScaleX="1"  ScaleY="1"  Rotation="90"  Flip="False"  Tag=""  LevelType="0"  CollidesTop="True" CollidesBottom="False" CollidesRight="False" CollidesLeft="False" />
		<GameObject Type="BorderObj" Name="unknown"  X="3600"  Y="420"  Width="420"  Height="30"  ScaleX="1"  ScaleY="1"  Rotation="90"  Flip="False"  Tag=""  LevelType="0"  CollidesTop="True" CollidesBottom="False" CollidesRight="False" CollidesLeft="False" />
		<GameObject Type="CollHullObj" Name="unknown"  X="0"  Y="0"  Width="120"  Height="960"  ScaleX="1"  ScaleY="1"  Rotation="0"  Flip="False"  Tag=""  LevelType="0"  CollidesTop="True" CollidesBottom="True" CollidesRight="True" CollidesLeft="True" />
		<GameObject Type="CollHullObj" Name="unknown"  X="120"  Y="390"  Width="120"  Height="420"  ScaleX="1"  ScaleY="1"  Rotation="0"  Flip="False"  Tag=""  LevelType="0"  CollidesTop="True" CollidesBottom="True" CollidesRight="True" CollidesLeft="True" />
		<GameObject Type="CollHullObj" Name="unknown"  X="240"  Y="390"  Width="120"  Height="150"  ScaleX="1"  ScaleY="1"  Rotation="0"  Flip="False"  Tag=""  LevelType="0"  CollidesTop="True" CollidesBottom="True" CollidesRight="True" CollidesLeft="True" />
		<GameObject Type="CollHullObj" Name="unknown"  X="120"  Y="150"  Width="339"  Height="170"  ScaleX="1"  ScaleY="1"  Rotation="45"  Flip="False"  Tag=""  LevelType="0"  CollidesTop="True" CollidesBottom="True" CollidesRight="True" CollidesLeft="True" />
		<GameObject Type="CollHullObj" Name="unknown"  X="450"  Y="1200"  Width="420"  Height="240"  ScaleX="1"  ScaleY="1"  Rotation="0"  Flip="False"  Tag=""  LevelType="0"  CollidesTop="True" CollidesBottom="True" CollidesRight="True" CollidesLeft="True" />
		<GameObject Type="CollHullObj" Name="unknown"  X="1350"  Y="1350"  Width="300"  Height="90"  ScaleX="1"  ScaleY="1"  Rotation="0"  Flip="False"  Tag=""  LevelType="0"  CollidesTop="True" CollidesBottom="True" CollidesRight="True" CollidesLeft="True" />
		<GameObject Type="CollHullObj" Name="unknown"  X="1350"  Y="1350"  Width="255"  Height="127"  ScaleX="1"  ScaleY="1"  Rotation="-45"  Flip="False"  Tag=""  LevelType="0"  CollidesTop="True" CollidesBottom="True" CollidesRight="True" CollidesLeft="True" />
		<GameObject Type="SpriteObj" Name="unknown"  X="1530"  Y="1560"  Width="60"  Height="60"  ScaleX="4"  ScaleY="11"  Rotation="180"  Flip="False"  Tag=""  LevelType="0"  BGLayer="True" SpriteName="StartingRoomWater_Sprite" />
		<GameObject Type="SpriteObj" Name="unknown"  X="870"  Y="1560"  Width="60"  Height="60"  ScaleX="4"  ScaleY="11"  Rotation="180"  Flip="True"  Tag=""  LevelType="0"  BGLayer="True" SpriteName="StartingRoomWater_Sprite" />
		<GameObject Type="SpriteObj" Name="unknown"  X="1020"  Y="1110"  Width="60"  Height="60"  ScaleX="4"  ScaleY="2"  Rotation="0"  Flip="False"  Tag=""  LevelType="0"  BGLayer="True" SpriteName="StartingRoomWater_Sprite" />
		<GameObject Type="BorderObj" Name="unknown"  X="60"  Y="0"  Width="60"  Height="150"  ScaleX="1"  ScaleY="1"  Rotation="0"  Flip="False"  Tag=""  LevelType="0"  CollidesTop="False" CollidesBottom="False" CollidesRight="True" CollidesLeft="False" />
		<GameObject Type="BorderObj" Name="unknown"  X="240"  Y="390"  Width="120"  Height="150"  ScaleX="1"  ScaleY="1"  Rotation="0"  Flip="False"  Tag=""  LevelType="0"  CollidesTop="False" CollidesBottom="True" CollidesRight="True" CollidesLeft="False" />
		<GameObject Type="BorderObj" Name="unknown"  X="120"  Y="540"  Width="120"  Height="270"  ScaleX="1"  ScaleY="1"  Rotation="0"  Flip="False"  Tag=""  LevelType="0"  CollidesTop="False" CollidesBottom="True" CollidesRight="True" CollidesLeft="False" />
		<GameObject Type="BorderObj" Name="unknown"  X="60"  Y="810"  Width="60"  Height="150"  ScaleX="1"  ScaleY="1"  Rotation="0"  Flip="False"  Tag=""  LevelType="0"  CollidesTop="False" CollidesBottom="False" CollidesRight="True" CollidesLeft="False" />
		<GameObject Type="BorderObj" Name="unknown"  X="120"  Y="1140"  Width="210"  Height="60"  ScaleX="1"  ScaleY="1"  Rotation="0"  Flip="False"  Tag=""  LevelType="0"  CollidesTop="True" CollidesBottom="False" CollidesRight="False" CollidesLeft="False" />
		<GameObject Type="BorderObj" Name="unknown"  X="450"  Y="1020"  Width="210"  Height="60"  ScaleX="1"  ScaleY="1"  Rotation="0"  Flip="False"  Tag=""  LevelType="0"  CollidesTop="True" CollidesBottom="False" CollidesRight="False" CollidesLeft="False" />
		<GameObject Type="BorderObj" Name="unknown"  X="720"  Y="960"  Width="120"  Height="60"  ScaleX="1"  ScaleY="1"  Rotation="0"  Flip="False"  Tag=""  LevelType="0"  CollidesTop="True" CollidesBottom="False" CollidesRight="False" CollidesLeft="False" />
		<GameObject Type="BorderObj" Name="unknown"  X="900"  Y="1020"  Width="60"  Height="60"  ScaleX="1"  ScaleY="1"  Rotation="0"  Flip="False"  Tag=""  LevelType="0"  CollidesTop="True" CollidesBottom="False" CollidesRight="False" CollidesLeft="False" />
		<GameObject Type="BorderObj" Name="unknown"  X="960"  Y="1020"  Width="60"  Height="180"  ScaleX="1"  ScaleY="1"  Rotation="0"  Flip="False"  Tag=""  LevelType="0"  CollidesTop="True" CollidesBottom="True" CollidesRight="True" CollidesLeft="False" />
		<GameObject Type="BorderObj" Name="unknown"  X="870"  Y="1140"  Width="90"  Height="60"  ScaleX="1"  ScaleY="1"  Rotation="0"  Flip="False"  Tag=""  LevelType="0"  CollidesTop="False" CollidesBottom="True" CollidesRight="False" CollidesLeft="False" />
		<GameObject Type="BorderObj" Name="unknown"  X="810"  Y="1200"  Width="60"  Height="240"  ScaleX="1"  ScaleY="1"  Rotation="0"  Flip="False"  Tag=""  LevelType="0"  CollidesTop="False" CollidesBottom="False" CollidesRight="True" CollidesLeft="False" />
		<GameObject Type="BorderObj" Name="unknown"  X="1350"  Y="1350"  Width="60"  Height="90"  ScaleX="1"  ScaleY="1"  Rotation="0"  Flip="False"  Tag=""  LevelType="0"  CollidesTop="False" CollidesBottom="False" CollidesRight="False" CollidesLeft="True" />
		<GameObject Type="BorderObj" Name="unknown"  X="1530"  Y="1020"  Width="120"  Height="150"  ScaleX="1"  ScaleY="1"  Rotation="0"  Flip="False"  Tag=""  LevelType="0"  CollidesTop="True" CollidesBottom="False" CollidesRight="False" CollidesLeft="True" />
		<GameObject Type="BorderObj" Name="unknown"  X="120"  Y="150"  Width="339"  Height="170"  ScaleX="1"  ScaleY="1"  Rotation="45"  Flip="False"  Tag=""  LevelType="0"  CollidesTop="True" CollidesBottom="False" CollidesRight="False" CollidesLeft="False" />
		<GameObject Type="BorderObj" Name="unknown"  X="330"  Y="1140"  Width="170"  Height="85"  ScaleX="1"  ScaleY="1"  Rotation="-45"  Flip="False"  Tag=""  LevelType="0"  CollidesTop="True" CollidesBottom="False" CollidesRight="False" CollidesLeft="False" />
		<GameObject Type="BorderObj" Name="unknown"  X="660"  Y="1020"  Width="85"  Height="60"  ScaleX="1"  ScaleY="1"  Rotation="-45"  Flip="False"  Tag=""  LevelType="0"  CollidesTop="True" CollidesBottom="False" CollidesRight="False" CollidesLeft="False" />
		<GameObject Type="BorderObj" Name="unknown"  X="840"  Y="960"  Width="85"  Height="60"  ScaleX="1"  ScaleY="1"  Rotation="45"  Flip="False"  Tag=""  LevelType="0"  CollidesTop="True" CollidesBottom="False" CollidesRight="False" CollidesLeft="False" />
		<GameObject Type="BorderObj" Name="unknown"  X="1350"  Y="1350"  Width="255"  Height="127"  ScaleX="1"  ScaleY="1"  Rotation="-45"  Flip="False"  Tag=""  LevelType="0"  CollidesTop="True" CollidesBottom="False" CollidesRight="False" CollidesLeft="False" />
		<GameObject Type="BorderObj" Name="unknown"  X="1650"  Y="1020"  Width="170"  Height="85"  ScaleX="1"  ScaleY="1"  Rotation="-45"  Flip="False"  Tag=""  LevelType="0"  CollidesTop="True" CollidesBottom="False" CollidesRight="False" CollidesLeft="False" />
		<GameObject Type="CollHullObj" Name="unknown"  X="120"  Y="0"  Width="3840"  Height="30"  ScaleX="1"  ScaleY="1"  Rotation="0"  Flip="False"  Tag=""  LevelType="0"  CollidesTop="True" CollidesBottom="True" CollidesRight="True" CollidesLeft="True" />
		<GameObject Type="CollHullObj" Name="unknown"  X="120"  Y="30"  Width="3840"  Height="30"  ScaleX="1"  ScaleY="1"  Rotation="0"  Flip="False"  Tag=""  LevelType="0"  CollidesTop="True" CollidesBottom="True" CollidesRight="True" CollidesLeft="True" />
		<GameObject Type="CollHullObj" Name="unknown"  X="3930"  Y="60"  Width="840"  Height="30"  ScaleX="1"  ScaleY="1"  Rotation="90"  Flip="False"  Tag=""  LevelType="0"  CollidesTop="True" CollidesBottom="True" CollidesRight="True" CollidesLeft="True" />
		<GameObject Type="CollHullObj" Name="unknown"  X="3960"  Y="60"  Width="840"  Height="30"  ScaleX="1"  ScaleY="1"  Rotation="90"  Flip="False"  Tag=""  LevelType="0"  CollidesTop="True" CollidesBottom="True" CollidesRight="True" CollidesLeft="True" />
		<GameObject Type="SpriteObj" Name="unknown"  X="150"  Y="1140"  Width="60"  Height="60"  ScaleX="2"  ScaleY="2"  Rotation="0"  Flip="False"  Tag=""  LevelType="0"  BGLayer="True" SpriteName="GardenBush1_Sprite" />
		<GameObject Type="SpriteObj" Name="unknown"  X="570"  Y="1020"  Width="60"  Height="60"  ScaleX="2"  ScaleY="2"  Rotation="0"  Flip="False"  Tag=""  LevelType="0"  BGLayer="True" SpriteName="GardenBush2_Sprite" />
		<GameObject Type="SpriteObj" Name="unknown"  X="1890"  Y="900"  Width="60"  Height="60"  ScaleX="2"  ScaleY="2"  Rotation="0"  Flip="False"  Tag=""  LevelType="0"  BGLayer="True" SpriteName="GardenBush2_Sprite" />
		<GameObject Type="SpriteObj" Name="unknown"  X="3840"  Y="900"  Width="60"  Height="60"  ScaleX="2"  ScaleY="2"  Rotation="0"  Flip="False"  Tag=""  LevelType="0"  BGLayer="True" SpriteName="GardenBush1_Sprite" />
		<GameObject Type="BorderObj" Name="unknown"  X="120"  Y="1170"  Width="180"  Height="60"  ScaleX="1"  ScaleY="1"  Rotation="0"  Flip="False"  Tag=""  LevelType="0"  CollidesTop="True" CollidesBottom="False" CollidesRight="False" CollidesLeft="False" />
		<GameObject Type="BorderObj" Name="unknown"  X="480"  Y="1050"  Width="120"  Height="60"  ScaleX="1"  ScaleY="1"  Rotation="0"  Flip="False"  Tag=""  LevelType="0"  CollidesTop="True" CollidesBottom="False" CollidesRight="False" CollidesLeft="False" />
		<GameObject Type="BorderObj" Name="unknown"  X="1800"  Y="930"  Width="120"  Height="60"  ScaleX="1"  ScaleY="1"  Rotation="0"  Flip="False"  Tag=""  LevelType="0"  CollidesTop="True" CollidesBottom="False" CollidesRight="False" CollidesLeft="False" />
		<GameObject Type="BorderObj" Name="unknown"  X="2160"  Y="990"  Width="270"  Height="60"  ScaleX="1"  ScaleY="1"  Rotation="0"  Flip="False"  Tag=""  LevelType="0"  CollidesTop="True" CollidesBottom="False" CollidesRight="False" CollidesLeft="False" />
		<GameObject Type="BorderObj" Name="unknown"  X="2670"  Y="990"  Width="180"  Height="60"  ScaleX="1"  ScaleY="1"  Rotation="0"  Flip="False"  Tag=""  LevelType="0"  CollidesTop="True" CollidesBottom="False" CollidesRight="False" CollidesLeft="False" />
		<GameObject Type="BorderObj" Name="unknown"  X="3150"  Y="990"  Width="360"  Height="60"  ScaleX="1"  ScaleY="1"  Rotation="0"  Flip="False"  Tag=""  LevelType="0"  CollidesTop="True" CollidesBottom="False" CollidesRight="False" CollidesLeft="False" />
		<GameObject Type="BorderObj" Name="unknown"  X="2970"  Y="990"  Width="120"  Height="60"  ScaleX="1"  ScaleY="1"  Rotation="0"  Flip="False"  Tag=""  LevelType="0"  CollidesTop="True" CollidesBottom="False" CollidesRight="False" CollidesLeft="False" />
		<GameObject Type="BorderObj" Name="unknown"  X="3720"  Y="930"  Width="210"  Height="60"  ScaleX="1"  ScaleY="1"  Rotation="0"  Flip="False"  Tag=""  LevelType="0"  CollidesTop="True" CollidesBottom="False" CollidesRight="False" CollidesLeft="False" />
		<GameObject Type="BorderObj" Name="unknown"  X="2370"  Y="1020"  Width="150"  Height="60"  ScaleX="1"  ScaleY="1"  Rotation="0"  Flip="False"  Tag=""  LevelType="0"  CollidesTop="True" CollidesBottom="False" CollidesRight="False" CollidesLeft="False" />
		<GameObject Type="BorderObj" Name="unknown"  X="2790"  Y="1020"  Width="240"  Height="60"  ScaleX="1"  ScaleY="1"  Rotation="0"  Flip="False"  Tag=""  LevelType="0"  CollidesTop="True" CollidesBottom="False" CollidesRight="False" CollidesLeft="False" />
		<GameObject Type="BorderObj" Name="unknown"  X="3330"  Y="1020"  Width="120"  Height="60"  ScaleX="1"  ScaleY="1"  Rotation="0"  Flip="False"  Tag=""  LevelType="0"  CollidesTop="True" CollidesBottom="False" CollidesRight="False" CollidesLeft="False" />
		<GameObject Type="BorderObj" Name="unknown"  X="840"  Y="1230"  Width="150"  Height="60"  ScaleX="1"  ScaleY="1"  Rotation="90"  Flip="False"  Tag=""  LevelType="0"  CollidesTop="True" CollidesBottom="False" CollidesRight="False" CollidesLeft="False" />
		<GameObject Type="BorderObj" Name="unknown"  X="540"  Y="1140"  Width="210"  Height="60"  ScaleX="1"  ScaleY="1"  Rotation="0"  Flip="False"  Tag=""  LevelType="0"  CollidesTop="True" CollidesBottom="False" CollidesRight="False" CollidesLeft="False" />
		<GameObject Type="BorderObj" Name="unknown"  X="1920"  Y="1080"  Width="150"  Height="60"  ScaleX="1"  ScaleY="1"  Rotation="0"  Flip="False"  Tag=""  LevelType="0"  CollidesTop="True" CollidesBottom="False" CollidesRight="False" CollidesLeft="False" />
		<GameObject Type="BorderObj" Name="unknown"  X="2640"  Y="1170"  Width="270"  Height="60"  ScaleX="1"  ScaleY="1"  Rotation="0"  Flip="False"  Tag=""  LevelType="0"  CollidesTop="True" CollidesBottom="False" CollidesRight="False" CollidesLeft="False" />
		<GameObject Type="BorderObj" Name="unknown"  X="3600"  Y="1110"  Width="240"  Height="60"  ScaleX="1"  ScaleY="1"  Rotation="0"  Flip="False"  Tag=""  LevelType="0"  CollidesTop="True" CollidesBottom="False" CollidesRight="False" CollidesLeft="False" />
		<GameObject Type="BorderObj" Name="unknown"  X="360"  Y="1260"  Width="210"  Height="60"  ScaleX="1"  ScaleY="1"  Rotation="0"  Flip="False"  Tag=""  LevelType="0"  CollidesTop="True" CollidesBottom="False" CollidesRight="False" CollidesLeft="False" />
		<GameObject Type="BorderObj" Name="unknown"  X="1710"  Y="1170"  Width="120"  Height="60"  ScaleX="1"  ScaleY="1"  Rotation="0"  Flip="False"  Tag=""  LevelType="0"  CollidesTop="True" CollidesBottom="False" CollidesRight="False" CollidesLeft="False" />
		<GameObject Type="PhysicsObjContainer" Name="unknown"  X="2520"  Y="720"  Width="60"  Height="60"  ScaleX="2"  ScaleY="2"  Rotation="0"  Flip="True"  Tag=""  LevelType="0"  BGLayer="False" Weighted="False" Collidable="False" Breakable="True" SpriteName="GardenLampPost1_Character" />
		<GameObject Type="PhysicsObjContainer" Name="unknown"  X="2340"  Y="780"  Width="60"  Height="60"  ScaleX="2"  ScaleY="2"  Rotation="0"  Flip="True"  Tag=""  LevelType="0"  BGLayer="False" Weighted="False" Collidable="False" Breakable="True" SpriteName="GardenLampPost1_Character" />
		<GameObject Type="PhysicsObjContainer" Name="unknown"  X="3180"  Y="720"  Width="60"  Height="60"  ScaleX="2"  ScaleY="2"  Rotation="0"  Flip="False"  Tag=""  LevelType="0"  BGLayer="False" Weighted="False" Collidable="False" Breakable="True" SpriteName="GardenLampPost1_Character" />
		<GameObject Type="PhysicsObjContainer" Name="unknown"  X="3360"  Y="780"  Width="60"  Height="60"  ScaleX="2"  ScaleY="2"  Rotation="0"  Flip="False"  Tag=""  LevelType="0"  BGLayer="False" Weighted="False" Collidable="False" Breakable="True" SpriteName="GardenLampPost1_Character" />
		<GameObject Type="ObjContainer" Name="unknown"  X="2160"  Y="570"  Width="60"  Height="60"  ScaleX="2"  ScaleY="2"  Rotation="0"  Flip="False"  Tag=""  LevelType="0"  BGLayer="False" Weighted="False" Collidable="False" Breakable="False" SpriteName="CastleAssetBackTorch_Character" />
		<GameObject Type="ObjContainer" Name="unknown"  X="2340"  Y="510"  Width="60"  Height="60"  ScaleX="2"  ScaleY="2"  Rotation="0"  Flip="False"  Tag=""  LevelType="0"  BGLayer="False" Weighted="False" Collidable="False" Breakable="False" SpriteName="CastleAssetBackTorch_Character" />
		<GameObject Type="ObjContainer" Name="unknown"  X="2520"  Y="450"  Width="60"  Height="60"  ScaleX="2"  ScaleY="2"  Rotation="0"  Flip="False"  Tag=""  LevelType="0"  BGLayer="False" Weighted="False" Collidable="False" Breakable="False" SpriteName="CastleAssetBackTorch_Character" />
		<GameObject Type="ObjContainer" Name="unknown"  X="2700"  Y="390"  Width="60"  Height="60"  ScaleX="2"  ScaleY="2"  Rotation="0"  Flip="False"  Tag=""  LevelType="0"  BGLayer="False" Weighted="False" Collidable="False" Breakable="False" SpriteName="CastleAssetBackTorch_Character" />
		<GameObject Type="ObjContainer" Name="unknown"  X="3000"  Y="390"  Width="60"  Height="60"  ScaleX="2"  ScaleY="2"  Rotation="0"  Flip="True"  Tag=""  LevelType="0"  BGLayer="False" Weighted="False" Collidable="False" Breakable="False" SpriteName="CastleAssetBackTorch_Character" />
		<GameObject Type="ObjContainer" Name="unknown"  X="3180"  Y="450"  Width="60"  Height="60"  ScaleX="2"  ScaleY="2"  Rotation="0"  Flip="True"  Tag=""  LevelType="0"  BGLayer="False" Weighted="False" Collidable="False" Breakable="False" SpriteName="CastleAssetBackTorch_Character" />
		<GameObject Type="ObjContainer" Name="unknown"  X="3360"  Y="510"  Width="60"  Height="60"  ScaleX="2"  ScaleY="2"  Rotation="0"  Flip="True"  Tag=""  LevelType="0"  BGLayer="False" Weighted="False" Collidable="False" Breakable="False" SpriteName="CastleAssetBackTorch_Character" />
		<GameObject Type="ObjContainer" Name="unknown"  X="3540"  Y="570"  Width="60"  Height="60"  ScaleX="2"  ScaleY="2"  Rotation="0"  Flip="True"  Tag=""  LevelType="0"  BGLayer="False" Weighted="False" Collidable="False" Breakable="False" SpriteName="CastleAssetBackTorch_Character" />
		<GameObject Type="SpriteObj" Name="unknown"  X="2010"  Y="900"  Width="60"  Height="60"  ScaleX="2"  ScaleY="2"  Rotation="0"  Flip="False"  Tag=""  LevelType="0"  BGLayer="True" SpriteName="StartRoomGrass1_Sprite" />
		<GameObject Type="SpriteObj" Name="unknown"  X="1590"  Y="1020"  Width="60"  Height="60"  ScaleX="2"  ScaleY="2"  Rotation="0"  Flip="False"  Tag=""  LevelType="0"  BGLayer="True" SpriteName="StartRoomGrass2_Sprite" />
		<GameObject Type="SpriteObj" Name="unknown"  X="960"  Y="1020"  Width="60"  Height="60"  ScaleX="2"  ScaleY="2"  Rotation="0"  Flip="False"  Tag=""  LevelType="0"  BGLayer="True" SpriteName="StartRoomGrass3_Sprite" />
		<GameObject Type="SpriteObj" Name="unknown"  X="480"  Y="1020"  Width="60"  Height="60"  ScaleX="2"  ScaleY="2"  Rotation="0"  Flip="False"  Tag=""  LevelType="0"  BGLayer="True" SpriteName="StartRoomGrass1_Sprite" />
		<GameObject Type="SpriteObj" Name="unknown"  X="270"  Y="1140"  Width="60"  Height="60"  ScaleX="2"  ScaleY="2"  Rotation="0"  Flip="False"  Tag=""  LevelType="0"  BGLayer="True" SpriteName="StartRoomGrass2_Sprite" />
		<GameObject Type="SpriteObj" Name="unknown"  X="3690"  Y="900"  Width="60"  Height="60"  ScaleX="2"  ScaleY="2"  Rotation="0"  Flip="False"  Tag=""  LevelType="0"  BGLayer="True" SpriteName="StartRoomGrass3_Sprite" />
		<GameObject Type="PhysicsObjContainer" Name="Health"  X="2160"  Y="840"  Width="60"  Height="60"  ScaleX="2"  ScaleY="2"  Rotation="0"  Flip="False"  Tag=""  LevelType="0"  BGLayer="False" Weighted="False" Collidable="False" Breakable="True" SpriteName="CherubStatue_Character" />
		<GameObject Type="PhysicsObjContainer" Name="Health"  X="3540"  Y="840"  Width="60"  Height="60"  ScaleX="2"  ScaleY="2"  Rotation="0"  Flip="True"  Tag=""  LevelType="0"  BGLayer="False" Weighted="False" Collidable="False" Breakable="True" SpriteName="CherubStatue_Character" />
		<GameObject Type="PhysicsObjContainer" Name="unknown"  X="300"  Y="540"  Width="60"  Height="60"  ScaleX="2"  ScaleY="2"  Rotation="0"  Flip="True"  Tag=""  LevelType="0"  BGLayer="False" Weighted="False" Collidable="False" Breakable="True" SpriteName="GardenVine2_Character" />
		<GameObject Type="PhysicsObjContainer" Name="unknown"  X="2340"  Y="360"  Width="60"  Height="60"  ScaleX="2"  ScaleY="2"  Rotation="0"  Flip="True"  Tag=""  LevelType="0"  BGLayer="False" Weighted="False" Collidable="False" Breakable="True" SpriteName="GardenVine1_Character" />
		<GameObject Type="PhysicsObjContainer" Name="unknown"  X="3360"  Y="360"  Width="60"  Height="60"  ScaleX="2"  ScaleY="2"  Rotation="0"  Flip="False"  Tag=""  LevelType="0"  BGLayer="False" Weighted="False" Collidable="False" Breakable="True" SpriteName="GardenVine1_Character" />
		<GameObject Type="PhysicsObjContainer" Name="unknown"  X="2850"  Y="240"  Width="60"  Height="60"  ScaleX="2"  ScaleY="2"  Rotation="0"  Flip="False"  Tag=""  LevelType="0"  BGLayer="False" Weighted="False" Collidable="False" Breakable="True" SpriteName="GardenVine2_Character" />
		<GameObject Type="BorderObj" Name="unknown"  X="210"  Y="600"  Width="120"  Height="60"  ScaleX="1"  ScaleY="1"  Rotation="90"  Flip="False"  Tag=""  LevelType="0"  CollidesTop="True" CollidesBottom="False" CollidesRight="False" CollidesLeft="False" />
		<GameObject Type="BorderObj" Name="unknown"  X="180"  Y="330"  Width="150"  Height="60"  ScaleX="1"  ScaleY="1"  Rotation="45"  Flip="False"  Tag=""  LevelType="0"  CollidesTop="True" CollidesBottom="False" CollidesRight="False" CollidesLeft="False" />
		<GameObject Type="EnemyObj" Name="unknown"  X="1530"  Y="870"  Width="60"  Height="60"  ScaleX="1"  ScaleY="1"  Rotation="0"  Flip="False"  Tag=""  LevelType="0"  EnemyType="19" Difficulty="BASIC" InitialDelay="0" Procedural="False" SpriteName="EnemyWargIdle_Character" />
		<GameObject Type="EnemyObj" Name="unknown"  X="1050"  Y="870"  Width="60"  Height="60"  ScaleX="1"  ScaleY="1"  Rotation="0"  Flip="False"  Tag=""  LevelType="0"  EnemyType="19" Difficulty="BASIC" InitialDelay="0" Procedural="False" SpriteName="EnemyWargIdle_Character" />
		<GameObject Type="EnemyObj" Name="unknown"  X="540"  Y="960"  Width="60"  Height="60"  ScaleX="1"  ScaleY="1"  Rotation="0"  Flip="False"  Tag=""  LevelType="0"  EnemyType="22" Difficulty="BASIC" InitialDelay="0" Procedural="False" SpriteName="EnemyPlantIdle_Character" />
		<GameObject Type="EnemyObj" Name="unknown"  X="3780"  Y="840"  Width="60"  Height="60"  ScaleX="1"  ScaleY="1"  Rotation="0"  Flip="False"  Tag=""  LevelType="0"  EnemyType="22" Difficulty="BASIC" InitialDelay="0" Procedural="False" SpriteName="EnemyPlantIdle_Character" />
		<GameObject Type="EnemyObj" Name="unknown"  X="1920"  Y="840"  Width="60"  Height="60"  ScaleX="1"  ScaleY="1"  Rotation="0"  Flip="False"  Tag=""  LevelType="0"  EnemyType="22" Difficulty="BASIC" InitialDelay="0" Procedural="False" SpriteName="EnemyPlantIdle_Character" />
		<GameObject Type="EnemyObj" Name="unknown"  X="2760"  Y="600"  Width="60"  Height="60"  ScaleX="1"  ScaleY="1"  Rotation="0"  Flip="False"  Tag=""  LevelType="0"  EnemyType="25" Difficulty="BASIC" InitialDelay="0" Procedural="False" SpriteName="EnemySkeletonArcherIdle_Character" />
		<GameObject Type="EnemyObj" Name="unknown"  X="2940"  Y="600"  Width="60"  Height="60"  ScaleX="1"  ScaleY="1"  Rotation="0"  Flip="False"  Tag=""  LevelType="0"  EnemyType="25" Difficulty="BASIC" InitialDelay="0" Procedural="False" SpriteName="EnemySkeletonArcherIdle_Character" />
		<GameObject Type="BorderObj" Name="unknown"  X="150"  Y="240"  Width="120"  Height="60"  ScaleX="1"  ScaleY="1"  Rotation="45"  Flip="False"  Tag=""  LevelType="0"  CollidesTop="True" CollidesBottom="False" CollidesRight="False" CollidesLeft="False" />
		<GameObject Type="PhysicsObjContainer" Name="unknown"  X="240"  Y="1140"  Width="60"  Height="60"  ScaleX="2"  ScaleY="2"  Rotation="0"  Flip="False"  Tag=""  LevelType="1"  BGLayer="False" Weighted="False" Collidable="False" Breakable="True" SpriteName="BreakableChair2_Character" />
		<GameObject Type="PhysicsObjContainer" Name="unknown"  X="600"  Y="1020"  Width="60"  Height="60"  ScaleX="2"  ScaleY="2"  Rotation="0"  Flip="False"  Tag=""  LevelType="1"  BGLayer="False" Weighted="False" Collidable="False" Breakable="True" SpriteName="BreakableChair1_Character" />
		<GameObject Type="PhysicsObjContainer" Name="unknown"  X="810"  Y="960"  Width="60"  Height="60"  ScaleX="2"  ScaleY="2"  Rotation="0"  Flip="True"  Tag=""  LevelType="1"  BGLayer="False" Weighted="False" Collidable="False" Breakable="True" SpriteName="BreakableChair2_Character" />
		<GameObject Type="PhysicsObjContainer" Name="unknown"  X="1080"  Y="960"  Width="60"  Height="60"  ScaleX="2"  ScaleY="2"  Rotation="0"  Flip="True"  Tag=""  LevelType="1"  BGLayer="False" Weighted="False" Collidable="False" Breakable="True" SpriteName="BreakableChair1_Character" />
		<GameObject Type="PhysicsObjContainer" Name="unknown"  X="1380"  Y="960"  Width="60"  Height="60"  ScaleX="2"  ScaleY="2"  Rotation="0"  Flip="False"  Tag=""  LevelType="1"  BGLayer="False" Weighted="False" Collidable="False" Breakable="True" SpriteName="BreakableChair2_Character" />
		<GameObject Type="PhysicsObjContainer" Name="unknown"  X="1560"  Y="960"  Width="60"  Height="60"  ScaleX="2"  ScaleY="2"  Rotation="0"  Flip="False"  Tag=""  LevelType="1"  BGLayer="False" Weighted="False" Collidable="False" Breakable="True" SpriteName="BreakableChair1_Character" />
		<GameObject Type="PhysicsObjContainer" Name="unknown"  X="1860"  Y="900"  Width="60"  Height="60"  ScaleX="2"  ScaleY="2"  Rotation="0"  Flip="True"  Tag=""  LevelType="1"  BGLayer="False" Weighted="False" Collidable="False" Breakable="True" SpriteName="BreakableChair2_Character" />
		<GameObject Type="PhysicsObjContainer" Name="unknown"  X="3870"  Y="900"  Width="60"  Height="60"  ScaleX="2"  ScaleY="2"  Rotation="0"  Flip="True"  Tag=""  LevelType="1"  BGLayer="False" Weighted="False" Collidable="False" Breakable="True" SpriteName="BreakableChair1_Character" />
		<GameObject Type="ObjContainer" Name="unknown"  X="300"  Y="900"  Width="60"  Height="60"  ScaleX="2"  ScaleY="2"  Rotation="0"  Flip="False"  Tag=""  LevelType="1"  BGLayer="False" Weighted="False" Collidable="False" Breakable="False" SpriteName="CastleAssetBackTorch_Character" />
		<GameObject Type="ObjContainer" Name="unknown"  X="750"  Y="570"  Width="60"  Height="60"  ScaleX="2"  ScaleY="2"  Rotation="0"  Flip="False"  Tag=""  LevelType="1"  BGLayer="False" Weighted="False" Collidable="False" Breakable="False" SpriteName="CastleAssetBackTorch_Character" />
		<GameObject Type="ObjContainer" Name="unknown"  X="510"  Y="240"  Width="60"  Height="60"  ScaleX="2"  ScaleY="2"  Rotation="0"  Flip="False"  Tag=""  LevelType="1"  BGLayer="False" Weighted="False" Collidable="False" Breakable="False" SpriteName="CastleAssetBackTorch_Character" />
		<GameObject Type="ObjContainer" Name="unknown"  X="1170"  Y="750"  Width="60"  Height="60"  ScaleX="2"  ScaleY="2"  Rotation="0"  Flip="False"  Tag=""  LevelType="1"  BGLayer="False" Weighted="False" Collidable="False" Breakable="False" SpriteName="CastleAssetBackTorch_Character" />
		<GameObject Type="ObjContainer" Name="unknown"  X="1050"  Y="360"  Width="60"  Height="60"  ScaleX="2"  ScaleY="2"  Rotation="0"  Flip="False"  Tag=""  LevelType="1"  BGLayer="False" Weighted="False" Collidable="False" Breakable="False" SpriteName="CastleAssetBackTorch_Character" />
		<GameObject Type="ObjContainer" Name="unknown"  X="1350"  Y="150"  Width="60"  Height="60"  ScaleX="2"  ScaleY="2"  Rotation="0"  Flip="False"  Tag=""  LevelType="1"  BGLayer="False" Weighted="False" Collidable="False" Breakable="False" SpriteName="CastleAssetBackTorch_Character" />
		<GameObject Type="ObjContainer" Name="unknown"  X="1470"  Y="480"  Width="60"  Height="60"  ScaleX="2"  ScaleY="2"  Rotation="0"  Flip="False"  Tag=""  LevelType="1"  BGLayer="False" Weighted="False" Collidable="False" Breakable="False" SpriteName="CastleAssetBackTorch_Character" />
		<GameObject Type="ObjContainer" Name="unknown"  X="1650"  Y="810"  Width="60"  Height="60"  ScaleX="2"  ScaleY="2"  Rotation="0"  Flip="False"  Tag=""  LevelType="1"  BGLayer="False" Weighted="False" Collidable="False" Breakable="False" SpriteName="CastleAssetBackTorch_Character" />
		<GameObject Type="ObjContainer" Name="unknown"  X="1770"  Y="210"  Width="60"  Height="60"  ScaleX="2"  ScaleY="2"  Rotation="0"  Flip="False"  Tag=""  LevelType="1"  BGLayer="False" Weighted="False" Collidable="False" Breakable="False" SpriteName="CastleAssetBackTorch_Character" />
		<GameObject Type="ObjContainer" Name="unknown"  X="1920"  Y="540"  Width="60"  Height="60"  ScaleX="2"  ScaleY="2"  Rotation="0"  Flip="False"  Tag=""  LevelType="1"  BGLayer="False" Weighted="False" Collidable="False" Breakable="False" SpriteName="CastleAssetBackTorch_Character" />
		<GameObject Type="ObjContainer" Name="unknown"  X="3840"  Y="630"  Width="60"  Height="60"  ScaleX="2"  ScaleY="2"  Rotation="0"  Flip="False"  Tag=""  LevelType="1"  BGLayer="False" Weighted="False" Collidable="False" Breakable="False" SpriteName="CastleAssetBackTorch_Character" />
		<GameObject Type="ObjContainer" Name="unknown"  X="3750"  Y="210"  Width="60"  Height="60"  ScaleX="2"  ScaleY="2"  Rotation="0"  Flip="False"  Tag=""  LevelType="1"  BGLayer="False" Weighted="False" Collidable="False" Breakable="False" SpriteName="CastleAssetBackTorch_Character" />
		<GameObject Type="ObjContainer" Name="unknown"  X="2850"  Y="390"  Width="60"  Height="60"  ScaleX="2"  ScaleY="2"  Rotation="0"  Flip="False"  Tag=""  LevelType="1"  BGLayer="False" Weighted="False" Collidable="False" Breakable="False" SpriteName="CastleAssetBackTorch_Character" />
	</RoomObject>
</Map>