﻿<?xml version="1.0" encoding="utf-8"?>
<Map>
	<Spritesheet Name="startingRoomSpritesheet" />
	<Spritesheet Name="castleTerrainSpritesheet" />
	<Spritesheet Name="dungeonTerrainSpritesheet" />
	<Spritesheet Name="towerTerrainSpritesheet" />
	<Spritesheet Name="gardenTerrainSpritesheet" />
	<RoomObject Name="Bonus" X="0" Y="0" Width="1320" Height="720" ScaleX="1" ScaleY="1" Tag="10" SelectionMode="0" DisplayBG="False" CastlePool="True" GardenPool="True" TowerPool="True" DungeonPool="True">
		<GameObject Type="CollHullObj" Name="unknown"  X="0"  Y="0"  Width="120"  Height="720"  ScaleX="1"  ScaleY="1"  Rotation="0"  Flip="False"  Tag=""  LevelType="0"  CollidesTop="True" CollidesBottom="True" CollidesRight="True" CollidesLeft="True" />
		<GameObject Type="CollHullObj" Name="unknown"  X="1200"  Y="0"  Width="120"  Height="720"  ScaleX="1"  ScaleY="1"  Rotation="0"  Flip="False"  Tag=""  LevelType="0"  CollidesTop="True" CollidesBottom="True" CollidesRight="True" CollidesLeft="True" />
		<GameObject Type="CollHullObj" Name="unknown"  X="120"  Y="0"  Width="1080"  Height="60"  ScaleX="1"  ScaleY="1"  Rotation="0"  Flip="False"  Tag=""  LevelType="0"  CollidesTop="True" CollidesBottom="True" CollidesRight="True" CollidesLeft="True" />
		<GameObject Type="EnemyObj" Name="unknown"  X="1110"  Y="600"  Width="60"  Height="60"  ScaleX="1"  ScaleY="1"  Rotation="0"  Flip="False"  Tag=""  LevelType="0"  EnemyType="13" Difficulty="MINIBOSS" InitialDelay="0" Procedural="False" SpriteName="EnemyNinjaIdle_Character" />
		<GameObject Type="ChestObj" Name="unknown"  X="630"  Y="600"  Width="60"  Height="60"  ScaleX="1"  ScaleY="1"  Rotation="0"  Flip="False"  Tag=""  LevelType="0"  Fairy="False" />
		<GameObject Type="BorderObj" Name="unknown"  X="240"  Y="0"  Width="150"  Height="60"  ScaleX="1"  ScaleY="1"  Rotation="0"  Flip="False"  Tag=""  LevelType="0"  CollidesTop="False" CollidesBottom="True" CollidesRight="False" CollidesLeft="False" />
		<GameObject Type="BorderObj" Name="unknown"  X="1200"  Y="510"  Width="60"  Height="150"  ScaleX="1"  ScaleY="1"  Rotation="0"  Flip="False"  Tag=""  LevelType="0"  CollidesTop="False" CollidesBottom="False" CollidesRight="False" CollidesLeft="True" />
		<GameObject Type="CollHullObj" Name="unknown"  X="780"  Y="660"  Width="420"  Height="60"  ScaleX="1"  ScaleY="1"  Rotation="0"  Flip="False"  Tag=""  LevelType="0"  CollidesTop="True" CollidesBottom="True" CollidesRight="True" CollidesLeft="True" />
		<GameObject Type="DoorObj" Name="unknown"  X="540"  Y="660"  Width="240"  Height="60"  ScaleX="1"  ScaleY="1"  Rotation="0"  Flip="False"  Tag=""  LevelType="0"  DoorPos="Bottom" BossDoor="False" />
		<GameObject Type="BorderObj" Name="unknown"  X="780"  Y="660"  Width="420"  Height="60"  ScaleX="1"  ScaleY="1"  Rotation="0"  Flip="False"  Tag=""  LevelType="0"  CollidesTop="True" CollidesBottom="False" CollidesRight="False" CollidesLeft="False" />
		<GameObject Type="PhysicsObjContainer" Name="unknown"  X="1020"  Y="660"  Width="60"  Height="60"  ScaleX="2"  ScaleY="2"  Rotation="0"  Flip="False"  Tag=""  LevelType="0"  BGLayer="False" Weighted="False" Collidable="False" Breakable="True" SpriteName="CastleAssetDemonStatue_Character" />
		<GameObject Type="CollHullObj" Name="unknown"  X="120"  Y="660"  Width="420"  Height="60"  ScaleX="1"  ScaleY="1"  Rotation="0"  Flip="False"  Tag=""  LevelType="0"  CollidesTop="True" CollidesBottom="True" CollidesRight="True" CollidesLeft="True" />
		<GameObject Type="CollHullObj" Name="unknown"  X="570"  Y="60"  Width="150"  Height="210"  ScaleX="1"  ScaleY="1"  Rotation="0"  Flip="False"  Tag=""  LevelType="0"  CollidesTop="True" CollidesBottom="True" CollidesRight="True" CollidesLeft="True" />
		<GameObject Type="CollHullObj" Name="unknown"  X="720"  Y="60"  Width="120"  Height="390"  ScaleX="1"  ScaleY="1"  Rotation="0"  Flip="False"  Tag=""  LevelType="0"  CollidesTop="True" CollidesBottom="True" CollidesRight="True" CollidesLeft="True" />
		<GameObject Type="CollHullObj" Name="unknown"  X="840"  Y="60"  Width="150"  Height="270"  ScaleX="1"  ScaleY="1"  Rotation="0"  Flip="False"  Tag=""  LevelType="0"  CollidesTop="True" CollidesBottom="True" CollidesRight="True" CollidesLeft="True" />
		<GameObject Type="CollHullObj" Name="unknown"  X="990"  Y="60"  Width="120"  Height="360"  ScaleX="1"  ScaleY="1"  Rotation="0"  Flip="False"  Tag=""  LevelType="0"  CollidesTop="True" CollidesBottom="True" CollidesRight="True" CollidesLeft="True" />
		<GameObject Type="CollHullObj" Name="unknown"  X="1110"  Y="60"  Width="90"  Height="450"  ScaleX="1"  ScaleY="1"  Rotation="0"  Flip="False"  Tag=""  LevelType="0"  CollidesTop="True" CollidesBottom="True" CollidesRight="True" CollidesLeft="True" />
		<GameObject Type="EnemyObj" Name="unknown"  X="1110"  Y="630"  Width="60"  Height="60"  ScaleX="1"  ScaleY="1"  Rotation="0"  Flip="False"  Tag=""  LevelType="0"  EnemyType="24" Difficulty="BASIC" InitialDelay="1" Procedural="False" SpriteName="EnemySpark_Character" />
		<GameObject Type="EnemyObj" Name="unknown"  X="1110"  Y="630"  Width="60"  Height="60"  ScaleX="1"  ScaleY="1"  Rotation="0"  Flip="False"  Tag=""  LevelType="0"  EnemyType="24" Difficulty="ADVANCED" InitialDelay="1" Procedural="False" SpriteName="EnemySpark_Character" />
		<GameObject Type="CollHullObj" Name="unknown"  X="450"  Y="60"  Width="120"  Height="330"  ScaleX="1"  ScaleY="1"  Rotation="0"  Flip="False"  Tag=""  LevelType="0"  CollidesTop="True" CollidesBottom="True" CollidesRight="True" CollidesLeft="True" />
		<GameObject Type="CollHullObj" Name="unknown"  X="270"  Y="300"  Width="180"  Height="360"  ScaleX="1"  ScaleY="1"  Rotation="0"  Flip="False"  Tag=""  LevelType="0"  CollidesTop="True" CollidesBottom="True" CollidesRight="True" CollidesLeft="True" />
		<GameObject Type="CollHullObj" Name="unknown"  X="120"  Y="390"  Width="150"  Height="270"  ScaleX="1"  ScaleY="1"  Rotation="0"  Flip="False"  Tag=""  LevelType="0"  CollidesTop="True" CollidesBottom="True" CollidesRight="True" CollidesLeft="True" />
		<GameObject Type="CollHullObj" Name="unknown"  X="120"  Y="60"  Width="120"  Height="120"  ScaleX="1"  ScaleY="1"  Rotation="0"  Flip="False"  Tag=""  LevelType="0"  CollidesTop="True" CollidesBottom="True" CollidesRight="True" CollidesLeft="True" />
		<GameObject Type="EnemyObj" Name="unknown"  X="300"  Y="240"  Width="60"  Height="60"  ScaleX="1"  ScaleY="1"  Rotation="0"  Flip="False"  Tag=""  LevelType="0"  EnemyType="24" Difficulty="BASIC" InitialDelay="0" Procedural="False" SpriteName="EnemySpark_Character" />
		<GameObject Type="BorderObj" Name="unknown"  X="1110"  Y="420"  Width="90"  Height="90"  ScaleX="1"  ScaleY="1"  Rotation="0"  Flip="False"  Tag=""  LevelType="0"  CollidesTop="False" CollidesBottom="True" CollidesRight="False" CollidesLeft="True" />
		<GameObject Type="BorderObj" Name="unknown"  X="990"  Y="330"  Width="120"  Height="90"  ScaleX="1"  ScaleY="1"  Rotation="0"  Flip="False"  Tag=""  LevelType="0"  CollidesTop="False" CollidesBottom="True" CollidesRight="False" CollidesLeft="True" />
		<GameObject Type="BorderObj" Name="unknown"  X="840"  Y="270"  Width="150"  Height="60"  ScaleX="1"  ScaleY="1"  Rotation="0"  Flip="False"  Tag=""  LevelType="0"  CollidesTop="False" CollidesBottom="True" CollidesRight="False" CollidesLeft="False" />
		<GameObject Type="BorderObj" Name="unknown"  X="720"  Y="330"  Width="120"  Height="120"  ScaleX="1"  ScaleY="1"  Rotation="0"  Flip="False"  Tag=""  LevelType="0"  CollidesTop="False" CollidesBottom="True" CollidesRight="True" CollidesLeft="True" />
		<GameObject Type="BorderObj" Name="unknown"  X="720"  Y="270"  Width="60"  Height="60"  ScaleX="1"  ScaleY="1"  Rotation="0"  Flip="False"  Tag=""  LevelType="0"  CollidesTop="False" CollidesBottom="False" CollidesRight="False" CollidesLeft="True" />
		<GameObject Type="BorderObj" Name="unknown"  X="570"  Y="210"  Width="150"  Height="60"  ScaleX="1"  ScaleY="1"  Rotation="0"  Flip="False"  Tag=""  LevelType="0"  CollidesTop="False" CollidesBottom="True" CollidesRight="False" CollidesLeft="False" />
		<GameObject Type="BorderObj" Name="unknown"  X="450"  Y="270"  Width="120"  Height="120"  ScaleX="1"  ScaleY="1"  Rotation="0"  Flip="False"  Tag=""  LevelType="0"  CollidesTop="False" CollidesBottom="True" CollidesRight="True" CollidesLeft="False" />
		<GameObject Type="BorderObj" Name="unknown"  X="390"  Y="390"  Width="60"  Height="270"  ScaleX="1"  ScaleY="1"  Rotation="0"  Flip="False"  Tag=""  LevelType="0"  CollidesTop="False" CollidesBottom="False" CollidesRight="True" CollidesLeft="False" />
		<GameObject Type="BorderObj" Name="unknown"  X="780"  Y="660"  Width="420"  Height="60"  ScaleX="1"  ScaleY="1"  Rotation="0"  Flip="False"  Tag=""  LevelType="0"  CollidesTop="True" CollidesBottom="False" CollidesRight="False" CollidesLeft="False" />
		<GameObject Type="BorderObj" Name="unknown"  X="270"  Y="300"  Width="120"  Height="90"  ScaleX="1"  ScaleY="1"  Rotation="0"  Flip="False"  Tag=""  LevelType="0"  CollidesTop="True" CollidesBottom="False" CollidesRight="False" CollidesLeft="True" />
		<GameObject Type="BorderObj" Name="unknown"  X="390"  Y="60"  Width="60"  Height="240"  ScaleX="1"  ScaleY="1"  Rotation="0"  Flip="False"  Tag=""  LevelType="0"  CollidesTop="False" CollidesBottom="False" CollidesRight="False" CollidesLeft="True" />
		<GameObject Type="BorderObj" Name="unknown"  X="120"  Y="60"  Width="120"  Height="120"  ScaleX="1"  ScaleY="1"  Rotation="0"  Flip="False"  Tag=""  LevelType="0"  CollidesTop="False" CollidesBottom="True" CollidesRight="True" CollidesLeft="False" />
		<GameObject Type="BorderObj" Name="unknown"  X="60"  Y="180"  Width="60"  Height="210"  ScaleX="1"  ScaleY="1"  Rotation="0"  Flip="False"  Tag=""  LevelType="0"  CollidesTop="False" CollidesBottom="False" CollidesRight="True" CollidesLeft="False" />
		<GameObject Type="BorderObj" Name="unknown"  X="120"  Y="390"  Width="150"  Height="60"  ScaleX="1"  ScaleY="1"  Rotation="0"  Flip="False"  Tag=""  LevelType="0"  CollidesTop="True" CollidesBottom="False" CollidesRight="False" CollidesLeft="False" />
		<GameObject Type="BorderObj" Name="unknown"  X="450"  Y="660"  Width="90"  Height="60"  ScaleX="1"  ScaleY="1"  Rotation="0"  Flip="False"  Tag=""  LevelType="0"  CollidesTop="True" CollidesBottom="False" CollidesRight="False" CollidesLeft="False" />
		<GameObject Type="CollHullObj" Name="unknown"  X="390"  Y="60"  Width="60"  Height="240"  ScaleX="1"  ScaleY="1"  Rotation="0"  Flip="False"  Tag=""  LevelType="0"  CollidesTop="True" CollidesBottom="True" CollidesRight="True" CollidesLeft="True" />
		<GameObject Type="ObjContainer" Name="unknown"  X="900"  Y="330"  Width="60"  Height="60"  ScaleX="2"  ScaleY="2"  Rotation="0"  Flip="False"  Tag=""  LevelType="1"  BGLayer="True" Weighted="False" Collidable="False" Breakable="False" SpriteName="CastleBGPillar_Character" />
		<GameObject Type="ObjContainer" Name="unknown"  X="630"  Y="450"  Width="60"  Height="60"  ScaleX="2"  ScaleY="2"  Rotation="0"  Flip="False"  Tag=""  LevelType="1"  BGLayer="False" Weighted="False" Collidable="False" Breakable="False" SpriteName="CastleAssetBackTorch_Character" />
		<GameObject Type="PhysicsObjContainer" Name="unknown"  X="195"  Y="390"  Width="60"  Height="60"  ScaleX="2"  ScaleY="2"  Rotation="0"  Flip="False"  Tag=""  LevelType="1"  BGLayer="False" Weighted="False" Collidable="False" Breakable="True" SpriteName="CastleAssetCandle2_Character" />
		<GameObject Type="PhysicsObjContainer" Name="unknown"  X="570"  Y="660"  Width="60"  Height="60"  ScaleX="2"  ScaleY="2"  Rotation="0"  Flip="True"  Tag=""  LevelType="1"  BGLayer="False" Weighted="False" Collidable="False" Breakable="True" SpriteName="CastleAssetCandle1_Character" />
		<GameObject Type="SpriteObj" Name="unknown"  X="390"  Y="60"  Width="60"  Height="60"  ScaleX="1"  ScaleY="1"  Rotation="0"  Flip="True"  Tag=""  LevelType="1"  BGLayer="True" SpriteName="CastleAssetWeb2_Sprite" />
	</RoomObject>
</Map>