<?xml version="1.0" encoding="utf-8"?>
<Map>
	<Spritesheet Name="startingRoomSpritesheet" />
	<Spritesheet Name="castleTerrainSpritesheet" />
	<Spritesheet Name="dungeonTerrainSpritesheet" />
	<Spritesheet Name="towerTerrainSpritesheet" />
	<Spritesheet Name="gardenTerrainSpritesheet" />
	<RoomObject Name="Bonus" X="0" Y="0" Width="3960" Height="1440" ScaleX="1" ScaleY="1" Tag="4" SelectionMode="0" DisplayBG="False" CastlePool="False" GardenPool="False" TowerPool="False" DungeonPool="True">
		<GameObject Type="SpriteObj" Name="pedestal"  X="1710"  Y="840"  Width="60"  Height="60"  ScaleX="1"  ScaleY="1"  Rotation="0"  Flip="False"  Tag=""  LevelType="0"  BGLayer="True" SpriteName="CarnivalTent_Sprite" />
		<GameObject Type="CollHullObj" Name="unknown"  X="0"  Y="1140"  Width="120"  Height="300"  ScaleX="1"  ScaleY="1"  Rotation="0"  Flip="False"  Tag=""  LevelType="0"  CollidesTop="True" CollidesBottom="True" CollidesRight="True" CollidesLeft="True" />
		<GameObject Type="CollHullObj" Name="unknown"  X="120"  Y="1380"  Width="3720"  Height="60"  ScaleX="1"  ScaleY="1"  Rotation="0"  Flip="False"  Tag=""  LevelType="0"  CollidesTop="True" CollidesBottom="True" CollidesRight="True" CollidesLeft="True" />
		<GameObject Type="CollHullObj" Name="unknown"  X="3840"  Y="420"  Width="120"  Height="1020"  ScaleX="1"  ScaleY="1"  Rotation="0"  Flip="False"  Tag=""  LevelType="0"  CollidesTop="True" CollidesBottom="True" CollidesRight="True" CollidesLeft="True" />
		<GameObject Type="CollHullObj" Name="unknown"  X="3840"  Y="0"  Width="120"  Height="240"  ScaleX="1"  ScaleY="1"  Rotation="0"  Flip="False"  Tag=""  LevelType="0"  CollidesTop="True" CollidesBottom="True" CollidesRight="True" CollidesLeft="True" />
		<GameObject Type="CollHullObj" Name="unknown"  X="120"  Y="0"  Width="3720"  Height="60"  ScaleX="1"  ScaleY="1"  Rotation="0"  Flip="False"  Tag=""  LevelType="0"  CollidesTop="True" CollidesBottom="True" CollidesRight="True" CollidesLeft="True" />
		<GameObject Type="CollHullObj" Name="unknown"  X="0"  Y="0"  Width="120"  Height="960"  ScaleX="1"  ScaleY="1"  Rotation="0"  Flip="False"  Tag=""  LevelType="0"  CollidesTop="True" CollidesBottom="True" CollidesRight="True" CollidesLeft="True" />
		<GameObject Type="DoorObj" Name="unknown"  X="0"  Y="960"  Width="120"  Height="180"  ScaleX="1"  ScaleY="1"  Rotation="0"  Flip="False"  Tag=""  LevelType="0"  DoorPos="Left" BossDoor="False" />
		<GameObject Type="DoorObj" Name="unknown"  X="3840"  Y="240"  Width="120"  Height="180"  ScaleX="1"  ScaleY="1"  Rotation="0"  Flip="False"  Tag=""  LevelType="0"  DoorPos="Right" BossDoor="False" />
		<GameObject Type="CollHullObj" Name="unknown"  X="120"  Y="1140"  Width="120"  Height="240"  ScaleX="1"  ScaleY="1"  Rotation="0"  Flip="False"  Tag=""  LevelType="0"  CollidesTop="True" CollidesBottom="True" CollidesRight="True" CollidesLeft="True" />
		<GameObject Type="CollHullObj" Name="unknown"  X="240"  Y="1320"  Width="600"  Height="60"  ScaleX="1"  ScaleY="1"  Rotation="0"  Flip="False"  Tag=""  LevelType="0"  CollidesTop="True" CollidesBottom="True" CollidesRight="True" CollidesLeft="True" />
		<GameObject Type="CollHullObj" Name="unknown"  X="840"  Y="1200"  Width="360"  Height="180"  ScaleX="1"  ScaleY="1"  Rotation="0"  Flip="False"  Tag=""  LevelType="0"  CollidesTop="True" CollidesBottom="True" CollidesRight="True" CollidesLeft="True" />
		<GameObject Type="CollHullObj" Name="unknown"  X="1200"  Y="1020"  Width="360"  Height="360"  ScaleX="1"  ScaleY="1"  Rotation="0"  Flip="False"  Tag=""  LevelType="0"  CollidesTop="True" CollidesBottom="True" CollidesRight="True" CollidesLeft="True" />
		<GameObject Type="CollHullObj" Name="unknown"  X="1560"  Y="840"  Width="300"  Height="540"  ScaleX="1"  ScaleY="1"  Rotation="0"  Flip="False"  Tag=""  LevelType="0"  CollidesTop="True" CollidesBottom="True" CollidesRight="True" CollidesLeft="True" />
		<GameObject Type="CollHullObj" Name="unknown"  X="1860"  Y="960"  Width="510"  Height="420"  ScaleX="1"  ScaleY="1"  Rotation="0"  Flip="False"  Tag=""  LevelType="0"  CollidesTop="True" CollidesBottom="True" CollidesRight="True" CollidesLeft="True" />
		<GameObject Type="CollHullObj" Name="unknown"  X="2370"  Y="780"  Width="300"  Height="600"  ScaleX="1"  ScaleY="1"  Rotation="0"  Flip="False"  Tag=""  LevelType="0"  CollidesTop="True" CollidesBottom="True" CollidesRight="True" CollidesLeft="True" />
		<GameObject Type="CollHullObj" Name="unknown"  X="2670"  Y="660"  Width="270"  Height="720"  ScaleX="1"  ScaleY="1"  Rotation="0"  Flip="False"  Tag=""  LevelType="0"  CollidesTop="True" CollidesBottom="True" CollidesRight="True" CollidesLeft="True" />
		<GameObject Type="CollHullObj" Name="unknown"  X="2940"  Y="480"  Width="180"  Height="900"  ScaleX="1"  ScaleY="1"  Rotation="0"  Flip="False"  Tag=""  LevelType="0"  CollidesTop="True" CollidesBottom="True" CollidesRight="True" CollidesLeft="True" />
		<GameObject Type="CollHullObj" Name="unknown"  X="3120"  Y="600"  Width="600"  Height="780"  ScaleX="1"  ScaleY="1"  Rotation="0"  Flip="False"  Tag=""  LevelType="0"  CollidesTop="True" CollidesBottom="True" CollidesRight="True" CollidesLeft="True" />
		<GameObject Type="CollHullObj" Name="unknown"  X="3720"  Y="420"  Width="120"  Height="960"  ScaleX="1"  ScaleY="1"  Rotation="0"  Flip="False"  Tag=""  LevelType="0"  CollidesTop="True" CollidesBottom="True" CollidesRight="True" CollidesLeft="True" />
		<GameObject Type="CollHullObj" Name="unknown"  X="240"  Y="1140"  Width="285"  Height="127"  ScaleX="1"  ScaleY="1"  Rotation="45"  Flip="False"  Tag=""  LevelType="0"  CollidesTop="True" CollidesBottom="True" CollidesRight="True" CollidesLeft="True" />
		<GameObject Type="CollHullObj" Name="unknown"  X="840"  Y="1200"  Width="85"  Height="200"  ScaleX="1"  ScaleY="1"  Rotation="45"  Flip="False"  Tag=""  LevelType="0"  CollidesTop="True" CollidesBottom="True" CollidesRight="True" CollidesLeft="True" />
		<GameObject Type="CollHullObj" Name="unknown"  X="1200"  Y="1020"  Width="127"  Height="285"  ScaleX="1"  ScaleY="1"  Rotation="45"  Flip="False"  Tag=""  LevelType="0"  CollidesTop="True" CollidesBottom="True" CollidesRight="True" CollidesLeft="True" />
		<GameObject Type="CollHullObj" Name="unknown"  X="1560"  Y="840"  Width="127"  Height="285"  ScaleX="1"  ScaleY="1"  Rotation="45"  Flip="False"  Tag=""  LevelType="0"  CollidesTop="True" CollidesBottom="True" CollidesRight="True" CollidesLeft="True" />
		<GameObject Type="CollHullObj" Name="unknown"  X="1860"  Y="840"  Width="200"  Height="85"  ScaleX="1"  ScaleY="1"  Rotation="45"  Flip="False"  Tag=""  LevelType="0"  CollidesTop="True" CollidesBottom="True" CollidesRight="True" CollidesLeft="True" />
		<GameObject Type="CollHullObj" Name="unknown"  X="2370"  Y="780"  Width="127"  Height="285"  ScaleX="1"  ScaleY="1"  Rotation="45"  Flip="False"  Tag=""  LevelType="0"  CollidesTop="True" CollidesBottom="True" CollidesRight="True" CollidesLeft="True" />
		<GameObject Type="CollHullObj" Name="unknown"  X="2670"  Y="660"  Width="85"  Height="200"  ScaleX="1"  ScaleY="1"  Rotation="45"  Flip="False"  Tag=""  LevelType="0"  CollidesTop="True" CollidesBottom="True" CollidesRight="True" CollidesLeft="True" />
		<GameObject Type="CollHullObj" Name="unknown"  X="2940"  Y="480"  Width="127"  Height="285"  ScaleX="1"  ScaleY="1"  Rotation="45"  Flip="False"  Tag=""  LevelType="0"  CollidesTop="True" CollidesBottom="True" CollidesRight="True" CollidesLeft="True" />
		<GameObject Type="CollHullObj" Name="unknown"  X="3120"  Y="480"  Width="200"  Height="85"  ScaleX="1"  ScaleY="1"  Rotation="45"  Flip="False"  Tag=""  LevelType="0"  CollidesTop="True" CollidesBottom="True" CollidesRight="True" CollidesLeft="True" />
		<GameObject Type="CollHullObj" Name="unknown"  X="3720"  Y="420"  Width="127"  Height="285"  ScaleX="1"  ScaleY="1"  Rotation="45"  Flip="False"  Tag=""  LevelType="0"  CollidesTop="True" CollidesBottom="True" CollidesRight="True" CollidesLeft="True" />
		<GameObject Type="SpriteObj" Name="unknown"  X="570"  Y="1320"  Width="60"  Height="60"  ScaleX="1"  ScaleY="1"  Rotation="0"  Flip="False"  Tag=""  LevelType="0"  BGLayer="True" SpriteName="CarnivalTent_Sprite" />
		<GameObject Type="SpriteObj" Name="unknown"  X="3390"  Y="600"  Width="60"  Height="60"  ScaleX="1"  ScaleY="1"  Rotation="0"  Flip="False"  Tag=""  LevelType="0"  BGLayer="True" SpriteName="CarnivalTent_Sprite" />
		<GameObject Type="CollHullObj" Name="unknown"  X="120"  Y="60"  Width="300"  Height="900"  ScaleX="1"  ScaleY="1"  Rotation="0"  Flip="False"  Tag=""  LevelType="0"  CollidesTop="True" CollidesBottom="True" CollidesRight="True" CollidesLeft="True" />
		<GameObject Type="CollHullObj" Name="unknown"  X="420"  Y="60"  Width="210"  Height="960"  ScaleX="1"  ScaleY="1"  Rotation="0"  Flip="False"  Tag=""  LevelType="0"  CollidesTop="True" CollidesBottom="True" CollidesRight="True" CollidesLeft="True" />
		<GameObject Type="CollHullObj" Name="unknown"  X="630"  Y="60"  Width="210"  Height="780"  ScaleX="1"  ScaleY="1"  Rotation="0"  Flip="False"  Tag=""  LevelType="0"  CollidesTop="True" CollidesBottom="True" CollidesRight="True" CollidesLeft="True" />
		<GameObject Type="CollHullObj" Name="unknown"  X="840"  Y="60"  Width="180"  Height="840"  ScaleX="1"  ScaleY="1"  Rotation="0"  Flip="False"  Tag=""  LevelType="0"  CollidesTop="True" CollidesBottom="True" CollidesRight="True" CollidesLeft="True" />
		<GameObject Type="CollHullObj" Name="unknown"  X="1020"  Y="60"  Width="300"  Height="660"  ScaleX="1"  ScaleY="1"  Rotation="0"  Flip="False"  Tag=""  LevelType="0"  CollidesTop="True" CollidesBottom="True" CollidesRight="True" CollidesLeft="True" />
		<GameObject Type="CollHullObj" Name="unknown"  X="1320"  Y="60"  Width="150"  Height="480"  ScaleX="1"  ScaleY="1"  Rotation="0"  Flip="False"  Tag=""  LevelType="0"  CollidesTop="True" CollidesBottom="True" CollidesRight="True" CollidesLeft="True" />
		<GameObject Type="CollHullObj" Name="unknown"  X="1470"  Y="60"  Width="300"  Height="300"  ScaleX="1"  ScaleY="1"  Rotation="0"  Flip="False"  Tag=""  LevelType="0"  CollidesTop="True" CollidesBottom="True" CollidesRight="True" CollidesLeft="True" />
		<GameObject Type="CollHullObj" Name="unknown"  X="1770"  Y="60"  Width="300"  Height="240"  ScaleX="1"  ScaleY="1"  Rotation="0"  Flip="False"  Tag=""  LevelType="0"  CollidesTop="True" CollidesBottom="True" CollidesRight="True" CollidesLeft="True" />
		<GameObject Type="CollHullObj" Name="unknown"  X="2070"  Y="60"  Width="150"  Height="450"  ScaleX="1"  ScaleY="1"  Rotation="0"  Flip="False"  Tag=""  LevelType="0"  CollidesTop="True" CollidesBottom="True" CollidesRight="True" CollidesLeft="True" />
		<GameObject Type="CollHullObj" Name="unknown"  X="2220"  Y="60"  Width="180"  Height="510"  ScaleX="1"  ScaleY="1"  Rotation="0"  Flip="False"  Tag=""  LevelType="0"  CollidesTop="True" CollidesBottom="True" CollidesRight="True" CollidesLeft="True" />
		<GameObject Type="CollHullObj" Name="unknown"  X="2400"  Y="60"  Width="210"  Height="390"  ScaleX="1"  ScaleY="1"  Rotation="0"  Flip="False"  Tag=""  LevelType="0"  CollidesTop="True" CollidesBottom="True" CollidesRight="True" CollidesLeft="True" />
		<GameObject Type="CollHullObj" Name="unknown"  X="2610"  Y="60"  Width="210"  Height="240"  ScaleX="1"  ScaleY="1"  Rotation="0"  Flip="False"  Tag=""  LevelType="0"  CollidesTop="True" CollidesBottom="True" CollidesRight="True" CollidesLeft="True" />
		<GameObject Type="CollHullObj" Name="unknown"  X="2820"  Y="60"  Width="330"  Height="150"  ScaleX="1"  ScaleY="1"  Rotation="0"  Flip="False"  Tag=""  LevelType="0"  CollidesTop="True" CollidesBottom="True" CollidesRight="True" CollidesLeft="True" />
		<GameObject Type="CollHullObj" Name="unknown"  X="3150"  Y="60"  Width="300"  Height="210"  ScaleX="1"  ScaleY="1"  Rotation="0"  Flip="False"  Tag=""  LevelType="0"  CollidesTop="True" CollidesBottom="True" CollidesRight="True" CollidesLeft="True" />
		<GameObject Type="CollHullObj" Name="unknown"  X="3450"  Y="60"  Width="180"  Height="90"  ScaleX="1"  ScaleY="1"  Rotation="0"  Flip="False"  Tag=""  LevelType="0"  CollidesTop="True" CollidesBottom="True" CollidesRight="True" CollidesLeft="True" />
		<GameObject Type="CollHullObj" Name="unknown"  X="3630"  Y="60"  Width="210"  Height="180"  ScaleX="1"  ScaleY="1"  Rotation="0"  Flip="False"  Tag=""  LevelType="0"  CollidesTop="True" CollidesBottom="True" CollidesRight="True" CollidesLeft="True" />
		<GameObject Type="BorderObj" Name="unknown"  X="120"  Y="1140"  Width="120"  Height="60"  ScaleX="1"  ScaleY="1"  Rotation="0"  Flip="False"  Tag=""  LevelType="0"  CollidesTop="True" CollidesBottom="False" CollidesRight="False" CollidesLeft="False" />
		<GameObject Type="BorderObj" Name="unknown"  X="420"  Y="1320"  Width="300"  Height="60"  ScaleX="1"  ScaleY="1"  Rotation="0"  Flip="False"  Tag=""  LevelType="0"  CollidesTop="True" CollidesBottom="False" CollidesRight="False" CollidesLeft="False" />
		<GameObject Type="BorderObj" Name="unknown"  X="840"  Y="1200"  Width="180"  Height="60"  ScaleX="1"  ScaleY="1"  Rotation="0"  Flip="False"  Tag=""  LevelType="0"  CollidesTop="True" CollidesBottom="False" CollidesRight="False" CollidesLeft="False" />
		<GameObject Type="BorderObj" Name="unknown"  X="1200"  Y="1020"  Width="180"  Height="60"  ScaleX="1"  ScaleY="1"  Rotation="0"  Flip="False"  Tag=""  LevelType="0"  CollidesTop="True" CollidesBottom="False" CollidesRight="False" CollidesLeft="False" />
		<GameObject Type="BorderObj" Name="unknown"  X="1560"  Y="840"  Width="300"  Height="60"  ScaleX="1"  ScaleY="1"  Rotation="0"  Flip="False"  Tag=""  LevelType="0"  CollidesTop="True" CollidesBottom="False" CollidesRight="False" CollidesLeft="False" />
		<GameObject Type="BorderObj" Name="unknown"  X="1980"  Y="960"  Width="210"  Height="60"  ScaleX="1"  ScaleY="1"  Rotation="0"  Flip="False"  Tag=""  LevelType="0"  CollidesTop="True" CollidesBottom="False" CollidesRight="False" CollidesLeft="False" />
		<GameObject Type="BorderObj" Name="unknown"  X="2370"  Y="780"  Width="180"  Height="60"  ScaleX="1"  ScaleY="1"  Rotation="0"  Flip="False"  Tag=""  LevelType="0"  CollidesTop="True" CollidesBottom="False" CollidesRight="False" CollidesLeft="False" />
		<GameObject Type="BorderObj" Name="unknown"  X="2670"  Y="660"  Width="90"  Height="60"  ScaleX="1"  ScaleY="1"  Rotation="0"  Flip="False"  Tag=""  LevelType="0"  CollidesTop="True" CollidesBottom="False" CollidesRight="False" CollidesLeft="False" />
		<GameObject Type="BorderObj" Name="unknown"  X="2940"  Y="480"  Width="180"  Height="60"  ScaleX="1"  ScaleY="1"  Rotation="0"  Flip="False"  Tag=""  LevelType="0"  CollidesTop="True" CollidesBottom="False" CollidesRight="False" CollidesLeft="False" />
		<GameObject Type="BorderObj" Name="unknown"  X="3240"  Y="600"  Width="300"  Height="60"  ScaleX="1"  ScaleY="1"  Rotation="0"  Flip="False"  Tag=""  LevelType="0"  CollidesTop="True" CollidesBottom="False" CollidesRight="False" CollidesLeft="False" />
		<GameObject Type="BorderObj" Name="unknown"  X="3720"  Y="420"  Width="120"  Height="60"  ScaleX="1"  ScaleY="1"  Rotation="0"  Flip="False"  Tag=""  LevelType="0"  CollidesTop="True" CollidesBottom="False" CollidesRight="False" CollidesLeft="False" />
		<GameObject Type="BorderObj" Name="unknown"  X="3630"  Y="150"  Width="210"  Height="90"  ScaleX="1"  ScaleY="1"  Rotation="0"  Flip="False"  Tag=""  LevelType="0"  CollidesTop="False" CollidesBottom="True" CollidesRight="False" CollidesLeft="True" />
		<GameObject Type="BorderObj" Name="unknown"  X="3450"  Y="90"  Width="180"  Height="60"  ScaleX="1"  ScaleY="1"  Rotation="0"  Flip="False"  Tag=""  LevelType="0"  CollidesTop="False" CollidesBottom="True" CollidesRight="False" CollidesLeft="False" />
		<GameObject Type="BorderObj" Name="unknown"  X="3390"  Y="150"  Width="60"  Height="60"  ScaleX="1"  ScaleY="1"  Rotation="0"  Flip="False"  Tag=""  LevelType="0"  CollidesTop="False" CollidesBottom="False" CollidesRight="True" CollidesLeft="False" />
		<GameObject Type="BorderObj" Name="unknown"  X="3150"  Y="210"  Width="300"  Height="60"  ScaleX="1"  ScaleY="1"  Rotation="0"  Flip="False"  Tag=""  LevelType="0"  CollidesTop="False" CollidesBottom="True" CollidesRight="True" CollidesLeft="True" />
		<GameObject Type="BorderObj" Name="unknown"  X="2820"  Y="150"  Width="330"  Height="60"  ScaleX="1"  ScaleY="1"  Rotation="0"  Flip="False"  Tag=""  LevelType="0"  CollidesTop="False" CollidesBottom="True" CollidesRight="False" CollidesLeft="False" />
		<GameObject Type="BorderObj" Name="unknown"  X="2610"  Y="210"  Width="210"  Height="90"  ScaleX="1"  ScaleY="1"  Rotation="0"  Flip="False"  Tag=""  LevelType="0"  CollidesTop="False" CollidesBottom="True" CollidesRight="True" CollidesLeft="False" />
		<GameObject Type="BorderObj" Name="unknown"  X="2400"  Y="300"  Width="210"  Height="150"  ScaleX="1"  ScaleY="1"  Rotation="0"  Flip="False"  Tag=""  LevelType="0"  CollidesTop="False" CollidesBottom="True" CollidesRight="True" CollidesLeft="False" />
		<GameObject Type="BorderObj" Name="unknown"  X="2340"  Y="450"  Width="60"  Height="60"  ScaleX="1"  ScaleY="1"  Rotation="0"  Flip="False"  Tag=""  LevelType="0"  CollidesTop="False" CollidesBottom="False" CollidesRight="True" CollidesLeft="False" />
		<GameObject Type="BorderObj" Name="unknown"  X="2220"  Y="510"  Width="180"  Height="60"  ScaleX="1"  ScaleY="1"  Rotation="0"  Flip="False"  Tag=""  LevelType="0"  CollidesTop="False" CollidesBottom="True" CollidesRight="True" CollidesLeft="True" />
		<GameObject Type="BorderObj" Name="unknown"  X="2070"  Y="300"  Width="150"  Height="210"  ScaleX="1"  ScaleY="1"  Rotation="0"  Flip="False"  Tag=""  LevelType="0"  CollidesTop="False" CollidesBottom="True" CollidesRight="False" CollidesLeft="True" />
		<GameObject Type="BorderObj" Name="unknown"  X="1770"  Y="240"  Width="300"  Height="60"  ScaleX="1"  ScaleY="1"  Rotation="0"  Flip="False"  Tag=""  LevelType="0"  CollidesTop="False" CollidesBottom="True" CollidesRight="False" CollidesLeft="False" />
		<GameObject Type="BorderObj" Name="unknown"  X="1470"  Y="300"  Width="300"  Height="60"  ScaleX="1"  ScaleY="1"  Rotation="0"  Flip="False"  Tag=""  LevelType="0"  CollidesTop="False" CollidesBottom="True" CollidesRight="True" CollidesLeft="False" />
		<GameObject Type="BorderObj" Name="unknown"  X="1320"  Y="360"  Width="150"  Height="180"  ScaleX="1"  ScaleY="1"  Rotation="0"  Flip="False"  Tag=""  LevelType="0"  CollidesTop="False" CollidesBottom="True" CollidesRight="True" CollidesLeft="False" />
		<GameObject Type="BorderObj" Name="unknown"  X="1020"  Y="540"  Width="300"  Height="180"  ScaleX="1"  ScaleY="1"  Rotation="0"  Flip="False"  Tag=""  LevelType="0"  CollidesTop="False" CollidesBottom="True" CollidesRight="True" CollidesLeft="False" />
		<GameObject Type="BorderObj" Name="unknown"  X="960"  Y="720"  Width="60"  Height="120"  ScaleX="1"  ScaleY="1"  Rotation="0"  Flip="False"  Tag=""  LevelType="0"  CollidesTop="False" CollidesBottom="False" CollidesRight="True" CollidesLeft="False" />
		<GameObject Type="BorderObj" Name="unknown"  X="840"  Y="840"  Width="180"  Height="60"  ScaleX="1"  ScaleY="1"  Rotation="0"  Flip="False"  Tag=""  LevelType="0"  CollidesTop="False" CollidesBottom="True" CollidesRight="True" CollidesLeft="True" />
		<GameObject Type="BorderObj" Name="unknown"  X="630"  Y="780"  Width="210"  Height="60"  ScaleX="1"  ScaleY="1"  Rotation="0"  Flip="False"  Tag=""  LevelType="0"  CollidesTop="False" CollidesBottom="True" CollidesRight="False" CollidesLeft="False" />
		<GameObject Type="BorderObj" Name="unknown"  X="570"  Y="840"  Width="60"  Height="120"  ScaleX="1"  ScaleY="1"  Rotation="0"  Flip="False"  Tag=""  LevelType="0"  CollidesTop="False" CollidesBottom="False" CollidesRight="True" CollidesLeft="False" />
		<GameObject Type="BorderObj" Name="unknown"  X="420"  Y="960"  Width="210"  Height="60"  ScaleX="1"  ScaleY="1"  Rotation="0"  Flip="False"  Tag=""  LevelType="0"  CollidesTop="False" CollidesBottom="True" CollidesRight="True" CollidesLeft="True" />
		<GameObject Type="BorderObj" Name="unknown"  X="120"  Y="900"  Width="300"  Height="60"  ScaleX="1"  ScaleY="1"  Rotation="0"  Flip="False"  Tag=""  LevelType="0"  CollidesTop="False" CollidesBottom="True" CollidesRight="False" CollidesLeft="False" />
		<GameObject Type="BorderObj" Name="unknown"  X="240"  Y="1140"  Width="255"  Height="60"  ScaleX="1"  ScaleY="1"  Rotation="45"  Flip="False"  Tag=""  LevelType="0"  CollidesTop="True" CollidesBottom="False" CollidesRight="False" CollidesLeft="False" />
		<GameObject Type="BorderObj" Name="unknown"  X="720"  Y="1320"  Width="170"  Height="60"  ScaleX="1"  ScaleY="1"  Rotation="-45"  Flip="False"  Tag=""  LevelType="0"  CollidesTop="True" CollidesBottom="False" CollidesRight="False" CollidesLeft="False" />
		<GameObject Type="BorderObj" Name="unknown"  X="1020"  Y="1200"  Width="255"  Height="60"  ScaleX="1"  ScaleY="1"  Rotation="-45"  Flip="False"  Tag=""  LevelType="0"  CollidesTop="True" CollidesBottom="False" CollidesRight="False" CollidesLeft="False" />
		<GameObject Type="BorderObj" Name="unknown"  X="1380"  Y="1020"  Width="255"  Height="60"  ScaleX="1"  ScaleY="1"  Rotation="-45"  Flip="False"  Tag=""  LevelType="0"  CollidesTop="True" CollidesBottom="False" CollidesRight="False" CollidesLeft="False" />
		<GameObject Type="BorderObj" Name="unknown"  X="1860"  Y="840"  Width="170"  Height="60"  ScaleX="1"  ScaleY="1"  Rotation="45"  Flip="False"  Tag=""  LevelType="0"  CollidesTop="True" CollidesBottom="False" CollidesRight="False" CollidesLeft="False" />
		<GameObject Type="BorderObj" Name="unknown"  X="2190"  Y="960"  Width="255"  Height="60"  ScaleX="1"  ScaleY="1"  Rotation="-45"  Flip="False"  Tag=""  LevelType="0"  CollidesTop="True" CollidesBottom="False" CollidesRight="False" CollidesLeft="False" />
		<GameObject Type="BorderObj" Name="unknown"  X="2550"  Y="780"  Width="170"  Height="60"  ScaleX="1"  ScaleY="1"  Rotation="-45"  Flip="False"  Tag=""  LevelType="0"  CollidesTop="True" CollidesBottom="False" CollidesRight="False" CollidesLeft="False" />
		<GameObject Type="BorderObj" Name="unknown"  X="2760"  Y="660"  Width="255"  Height="60"  ScaleX="1"  ScaleY="1"  Rotation="-45"  Flip="False"  Tag=""  LevelType="0"  CollidesTop="True" CollidesBottom="False" CollidesRight="False" CollidesLeft="False" />
		<GameObject Type="BorderObj" Name="unknown"  X="3120"  Y="480"  Width="170"  Height="60"  ScaleX="1"  ScaleY="1"  Rotation="45"  Flip="False"  Tag=""  LevelType="0"  CollidesTop="True" CollidesBottom="False" CollidesRight="False" CollidesLeft="False" />
		<GameObject Type="BorderObj" Name="unknown"  X="3540"  Y="600"  Width="255"  Height="60"  ScaleX="1"  ScaleY="1"  Rotation="-45"  Flip="False"  Tag=""  LevelType="0"  CollidesTop="True" CollidesBottom="False" CollidesRight="False" CollidesLeft="False" />
		<GameObject Type="ObjContainer" Name="unknown"  X="930"  Y="1200"  Width="60"  Height="60"  ScaleX="2"  ScaleY="2"  Rotation="0"  Flip="False"  Tag=""  LevelType="0"  BGLayer="True" Weighted="False" Collidable="False" Breakable="False" SpriteName="DungeonMaiden3_Character" />
		<GameObject Type="ObjContainer" Name="unknown"  X="1290"  Y="1020"  Width="60"  Height="60"  ScaleX="2"  ScaleY="2"  Rotation="0"  Flip="False"  Tag=""  LevelType="0"  BGLayer="True" Weighted="False" Collidable="False" Breakable="False" SpriteName="DungeonMaiden2_Character" />
		<GameObject Type="ObjContainer" Name="unknown"  X="2085"  Y="960"  Width="60"  Height="60"  ScaleX="2"  ScaleY="2"  Rotation="0"  Flip="False"  Tag=""  LevelType="0"  BGLayer="True" Weighted="False" Collidable="False" Breakable="False" SpriteName="DungeonMaiden1_Character" />
		<GameObject Type="ObjContainer" Name="unknown"  X="2460"  Y="780"  Width="60"  Height="60"  ScaleX="2"  ScaleY="2"  Rotation="0"  Flip="False"  Tag=""  LevelType="0"  BGLayer="True" Weighted="False" Collidable="False" Breakable="False" SpriteName="DungeonMaiden2_Character" />
		<GameObject Type="ObjContainer" Name="unknown"  X="3030"  Y="480"  Width="60"  Height="60"  ScaleX="2"  ScaleY="2"  Rotation="0"  Flip="False"  Tag=""  LevelType="0"  BGLayer="True" Weighted="False" Collidable="False" Breakable="False" SpriteName="DungeonMaiden3_Character" />
		<GameObject Type="EnemyObj" Name="unknown"  X="1650"  Y="750"  Width="60"  Height="60"  ScaleX="1"  ScaleY="1"  Rotation="0"  Flip="False"  Tag=""  LevelType="0"  EnemyType="10" Difficulty="ADVANCED" InitialDelay="0" Procedural="False" SpriteName="EnemyHorseRun_Character" />
		<GameObject Type="EnemyObj" Name="unknown"  X="1770"  Y="750"  Width="60"  Height="60"  ScaleX="1"  ScaleY="1"  Rotation="0"  Flip="False"  Tag=""  LevelType="0"  EnemyType="2" Difficulty="EXPERT" InitialDelay="0" Procedural="False" SpriteName="EnemyBlobIdle_Character" />
		<GameObject Type="PhysicsObjContainer" Name="Mana"  X="1620"  Y="840"  Width="60"  Height="60"  ScaleX="2"  ScaleY="2"  Rotation="0"  Flip="False"  Tag=""  LevelType="0"  BGLayer="True" Weighted="False" Collidable="False" Breakable="True" SpriteName="CastleAssetDemonStatue_Character" />
		<GameObject Type="PhysicsObjContainer" Name="Mana"  X="1800"  Y="840"  Width="60"  Height="60"  ScaleX="2"  ScaleY="2"  Rotation="0"  Flip="True"  Tag=""  LevelType="0"  BGLayer="True" Weighted="False" Collidable="False" Breakable="True" SpriteName="CastleAssetDemonStatue_Character" />
		<GameObject Type="PhysicsObjContainer" Name="Health"  X="1650"  Y="360"  Width="60"  Height="60"  ScaleX="2"  ScaleY="2"  Rotation="0"  Flip="False"  Tag=""  LevelType="1"  BGLayer="False" Weighted="False" Collidable="False" Breakable="True" SpriteName="CastleAssetChandelier2_Character" />
		<GameObject Type="PhysicsObjContainer" Name="Health"  X="1830"  Y="300"  Width="60"  Height="60"  ScaleX="2"  ScaleY="2"  Rotation="0"  Flip="False"  Tag=""  LevelType="1"  BGLayer="False" Weighted="False" Collidable="False" Breakable="True" SpriteName="CastleAssetChandelier2_Character" />
		<GameObject Type="PhysicsObjContainer" Name="Health"  X="1950"  Y="300"  Width="60"  Height="60"  ScaleX="2"  ScaleY="2"  Rotation="0"  Flip="False"  Tag=""  LevelType="1"  BGLayer="False" Weighted="False" Collidable="False" Breakable="True" SpriteName="CastleAssetChandelier1_Character" />
		<GameObject Type="PhysicsObjContainer" Name="unknown"  X="480"  Y="1320"  Width="60"  Height="60"  ScaleX="2"  ScaleY="2"  Rotation="0"  Flip="False"  Tag=""  LevelType="1"  BGLayer="True" Weighted="False" Collidable="False" Breakable="True" SpriteName="CastleAssetCandle1_Character" />
		<GameObject Type="PhysicsObjContainer" Name="unknown"  X="2715"  Y="660"  Width="60"  Height="60"  ScaleX="2"  ScaleY="2"  Rotation="0"  Flip="False"  Tag=""  LevelType="1"  BGLayer="True" Weighted="False" Collidable="False" Breakable="True" SpriteName="CastleAssetCandle1_Character" />
		<GameObject Type="PhysicsObjContainer" Name="unknown"  X="3300"  Y="600"  Width="60"  Height="60"  ScaleX="2"  ScaleY="2"  Rotation="0"  Flip="False"  Tag=""  LevelType="1"  BGLayer="True" Weighted="False" Collidable="False" Breakable="True" SpriteName="CastleAssetCandle2_Character" />
		<GameObject Type="PhysicsObjContainer" Name="unknown"  X="660"  Y="1320"  Width="60"  Height="60"  ScaleX="2"  ScaleY="2"  Rotation="0"  Flip="True"  Tag=""  LevelType="1"  BGLayer="True" Weighted="False" Collidable="False" Breakable="True" SpriteName="CastleAssetCandle2_Character" />
		<GameObject Type="PhysicsObjContainer" Name="unknown"  X="3480"  Y="600"  Width="60"  Height="60"  ScaleX="2"  ScaleY="2"  Rotation="0"  Flip="True"  Tag=""  LevelType="1"  BGLayer="True" Weighted="False" Collidable="False" Breakable="True" SpriteName="CastleAssetCandle1_Character" />
		<GameObject Type="ObjContainer" Name="unknown"  X="525"  Y="1320"  Width="60"  Height="60"  ScaleX="6"  ScaleY="4"  Rotation="0"  Flip="False"  Tag=""  LevelType="0"  BGLayer="True" Weighted="False" Collidable="False" Breakable="False" SpriteName="CastleAssetBackTorch_Character" />
		<GameObject Type="ObjContainer" Name="unknown"  X="615"  Y="1320"  Width="60"  Height="60"  ScaleX="6"  ScaleY="4"  Rotation="0"  Flip="True"  Tag=""  LevelType="0"  BGLayer="True" Weighted="False" Collidable="False" Breakable="False" SpriteName="CastleAssetBackTorch_Character" />
		<GameObject Type="ObjContainer" Name="unknown"  X="480"  Y="1320"  Width="60"  Height="60"  ScaleX="6"  ScaleY="4"  Rotation="0"  Flip="True"  Tag=""  LevelType="0"  BGLayer="True" Weighted="False" Collidable="False" Breakable="False" SpriteName="CastleAssetBackTorch_Character" />
		<GameObject Type="ObjContainer" Name="unknown"  X="570"  Y="1320"  Width="60"  Height="60"  ScaleX="6"  ScaleY="4"  Rotation="0"  Flip="True"  Tag=""  LevelType="0"  BGLayer="True" Weighted="False" Collidable="False" Breakable="False" SpriteName="CastleAssetBackTorch_Character" />
		<GameObject Type="ObjContainer" Name="unknown"  X="660"  Y="1320"  Width="60"  Height="60"  ScaleX="6"  ScaleY="4"  Rotation="0"  Flip="False"  Tag=""  LevelType="0"  BGLayer="True" Weighted="False" Collidable="False" Breakable="False" SpriteName="CastleAssetBackTorch_Character" />
		<GameObject Type="ObjContainer" Name="unknown"  X="1665"  Y="840"  Width="60"  Height="60"  ScaleX="6"  ScaleY="4"  Rotation="0"  Flip="False"  Tag=""  LevelType="0"  BGLayer="True" Weighted="False" Collidable="False" Breakable="False" SpriteName="CastleAssetBackTorch_Character" />
		<GameObject Type="ObjContainer" Name="unknown"  X="1755"  Y="840"  Width="60"  Height="60"  ScaleX="6"  ScaleY="4"  Rotation="0"  Flip="True"  Tag=""  LevelType="0"  BGLayer="True" Weighted="False" Collidable="False" Breakable="False" SpriteName="CastleAssetBackTorch_Character" />
		<GameObject Type="ObjContainer" Name="unknown"  X="1580"  Y="845"  Width="60"  Height="60"  ScaleX="6"  ScaleY="4"  Rotation="0"  Flip="False"  Tag=""  LevelType="0"  BGLayer="True" Weighted="False" Collidable="False" Breakable="False" SpriteName="CastleAssetSideTorch_Character" />
		<GameObject Type="ObjContainer" Name="unknown"  X="1710"  Y="840"  Width="60"  Height="60"  ScaleX="6"  ScaleY="4"  Rotation="0"  Flip="True"  Tag=""  LevelType="0"  BGLayer="True" Weighted="False" Collidable="False" Breakable="False" SpriteName="CastleAssetBackTorch_Character" />
		<GameObject Type="ObjContainer" Name="unknown"  X="1840"  Y="845"  Width="60"  Height="60"  ScaleX="6"  ScaleY="4"  Rotation="0"  Flip="True"  Tag=""  LevelType="0"  BGLayer="True" Weighted="False" Collidable="False" Breakable="False" SpriteName="CastleAssetSideTorch_Character" />
		<GameObject Type="ObjContainer" Name="unknown"  X="3345"  Y="600"  Width="60"  Height="60"  ScaleX="6"  ScaleY="4"  Rotation="0"  Flip="False"  Tag=""  LevelType="0"  BGLayer="True" Weighted="False" Collidable="False" Breakable="False" SpriteName="CastleAssetBackTorch_Character" />
		<GameObject Type="ObjContainer" Name="unknown"  X="3435"  Y="600"  Width="60"  Height="60"  ScaleX="6"  ScaleY="4"  Rotation="0"  Flip="True"  Tag=""  LevelType="0"  BGLayer="True" Weighted="False" Collidable="False" Breakable="False" SpriteName="CastleAssetBackTorch_Character" />
		<GameObject Type="ObjContainer" Name="unknown"  X="3300"  Y="600"  Width="60"  Height="60"  ScaleX="6"  ScaleY="4"  Rotation="0"  Flip="True"  Tag=""  LevelType="0"  BGLayer="True" Weighted="False" Collidable="False" Breakable="False" SpriteName="CastleAssetBackTorch_Character" />
		<GameObject Type="ObjContainer" Name="unknown"  X="3390"  Y="600"  Width="60"  Height="60"  ScaleX="6"  ScaleY="4"  Rotation="0"  Flip="True"  Tag=""  LevelType="0"  BGLayer="True" Weighted="False" Collidable="False" Breakable="False" SpriteName="CastleAssetBackTorch_Character" />
		<GameObject Type="ObjContainer" Name="unknown"  X="3480"  Y="600"  Width="60"  Height="60"  ScaleX="6"  ScaleY="4"  Rotation="0"  Flip="False"  Tag=""  LevelType="0"  BGLayer="True" Weighted="False" Collidable="False" Breakable="False" SpriteName="CastleAssetBackTorch_Character" />
		<GameObject Type="ObjContainer" Name="unknown"  X="845"  Y="1205"  Width="60"  Height="60"  ScaleX="6"  ScaleY="4"  Rotation="0"  Flip="False"  Tag=""  LevelType="0"  BGLayer="True" Weighted="False" Collidable="False" Breakable="False" SpriteName="CastleAssetSideTorch_Character" />
		<GameObject Type="ObjContainer" Name="unknown"  X="975"  Y="1200"  Width="60"  Height="60"  ScaleX="6"  ScaleY="4"  Rotation="0"  Flip="True"  Tag=""  LevelType="0"  BGLayer="True" Weighted="False" Collidable="False" Breakable="False" SpriteName="CastleAssetBackTorch_Character" />
		<GameObject Type="ObjContainer" Name="unknown"  X="930"  Y="1200"  Width="60"  Height="60"  ScaleX="6"  ScaleY="4"  Rotation="0"  Flip="False"  Tag=""  LevelType="0"  BGLayer="True" Weighted="False" Collidable="False" Breakable="False" SpriteName="CastleAssetBackTorch_Character" />
		<GameObject Type="ObjContainer" Name="unknown"  X="1205"  Y="1025"  Width="60"  Height="60"  ScaleX="6"  ScaleY="4"  Rotation="0"  Flip="False"  Tag=""  LevelType="0"  BGLayer="True" Weighted="False" Collidable="False" Breakable="False" SpriteName="CastleAssetSideTorch_Character" />
		<GameObject Type="ObjContainer" Name="unknown"  X="1335"  Y="1020"  Width="60"  Height="60"  ScaleX="6"  ScaleY="4"  Rotation="0"  Flip="True"  Tag=""  LevelType="0"  BGLayer="True" Weighted="False" Collidable="False" Breakable="False" SpriteName="CastleAssetBackTorch_Character" />
		<GameObject Type="ObjContainer" Name="unknown"  X="1290"  Y="1020"  Width="60"  Height="60"  ScaleX="6"  ScaleY="4"  Rotation="0"  Flip="True"  Tag=""  LevelType="0"  BGLayer="True" Weighted="False" Collidable="False" Breakable="False" SpriteName="CastleAssetBackTorch_Character" />
		<GameObject Type="ObjContainer" Name="unknown"  X="2040"  Y="960"  Width="60"  Height="60"  ScaleX="6"  ScaleY="4"  Rotation="0"  Flip="False"  Tag=""  LevelType="0"  BGLayer="True" Weighted="False" Collidable="False" Breakable="False" SpriteName="CastleAssetBackTorch_Character" />
		<GameObject Type="ObjContainer" Name="unknown"  X="2130"  Y="960"  Width="60"  Height="60"  ScaleX="6"  ScaleY="4"  Rotation="0"  Flip="True"  Tag=""  LevelType="0"  BGLayer="True" Weighted="False" Collidable="False" Breakable="False" SpriteName="CastleAssetBackTorch_Character" />
		<GameObject Type="ObjContainer" Name="unknown"  X="2085"  Y="960"  Width="60"  Height="60"  ScaleX="6"  ScaleY="4"  Rotation="0"  Flip="False"  Tag=""  LevelType="0"  BGLayer="True" Weighted="False" Collidable="False" Breakable="False" SpriteName="CastleAssetBackTorch_Character" />
		<GameObject Type="ObjContainer" Name="unknown"  X="2375"  Y="785"  Width="60"  Height="60"  ScaleX="6"  ScaleY="4"  Rotation="0"  Flip="False"  Tag=""  LevelType="0"  BGLayer="True" Weighted="False" Collidable="False" Breakable="False" SpriteName="CastleAssetSideTorch_Character" />
		<GameObject Type="ObjContainer" Name="unknown"  X="2505"  Y="780"  Width="60"  Height="60"  ScaleX="6"  ScaleY="4"  Rotation="0"  Flip="True"  Tag=""  LevelType="0"  BGLayer="True" Weighted="False" Collidable="False" Breakable="False" SpriteName="CastleAssetBackTorch_Character" />
		<GameObject Type="ObjContainer" Name="unknown"  X="2460"  Y="780"  Width="60"  Height="60"  ScaleX="6"  ScaleY="4"  Rotation="0"  Flip="True"  Tag=""  LevelType="0"  BGLayer="True" Weighted="False" Collidable="False" Breakable="False" SpriteName="CastleAssetBackTorch_Character" />
		<GameObject Type="ObjContainer" Name="unknown"  X="2675"  Y="665"  Width="60"  Height="60"  ScaleX="6"  ScaleY="4"  Rotation="0"  Flip="False"  Tag=""  LevelType="0"  BGLayer="True" Weighted="False" Collidable="False" Breakable="False" SpriteName="CastleAssetSideTorch_Character" />
		<GameObject Type="ObjContainer" Name="unknown"  X="2945"  Y="485"  Width="60"  Height="60"  ScaleX="6"  ScaleY="4"  Rotation="0"  Flip="False"  Tag=""  LevelType="0"  BGLayer="True" Weighted="False" Collidable="False" Breakable="False" SpriteName="CastleAssetSideTorch_Character" />
		<GameObject Type="ObjContainer" Name="unknown"  X="3115"  Y="485"  Width="60"  Height="60"  ScaleX="6"  ScaleY="4"  Rotation="0"  Flip="True"  Tag=""  LevelType="0"  BGLayer="True" Weighted="False" Collidable="False" Breakable="False" SpriteName="CastleAssetSideTorch_Character" />
		<GameObject Type="ObjContainer" Name="unknown"  X="3030"  Y="480"  Width="60"  Height="60"  ScaleX="6"  ScaleY="4"  Rotation="0"  Flip="False"  Tag=""  LevelType="0"  BGLayer="True" Weighted="False" Collidable="False" Breakable="False" SpriteName="CastleAssetBackTorch_Character" />
		<GameObject Type="SpriteObj" Name="unknown"  X="675"  Y="885"  Width="60"  Height="60"  ScaleX="2"  ScaleY="2"  Rotation="-45"  Flip="False"  Tag=""  LevelType="0"  BGLayer="False" SpriteName="CarnivalFlags_Sprite" />
		<GameObject Type="SpriteObj" Name="unknown"  X="1515"  Y="405"  Width="60"  Height="60"  ScaleX="2"  ScaleY="2"  Rotation="-45"  Flip="False"  Tag=""  LevelType="0"  BGLayer="False" SpriteName="CarnivalFlags_Sprite" />
		<GameObject Type="SpriteObj" Name="unknown"  X="3495"  Y="195"  Width="60"  Height="60"  ScaleX="2"  ScaleY="2"  Rotation="-45"  Flip="False"  Tag=""  LevelType="0"  BGLayer="False" SpriteName="CarnivalFlags_Sprite" />
		<GameObject Type="SpriteObj" Name="unknown"  X="2025"  Y="345"  Width="60"  Height="60"  ScaleX="2"  ScaleY="2"  Rotation="45"  Flip="True"  Tag=""  LevelType="0"  BGLayer="False" SpriteName="CarnivalFlags_Sprite" />
		<GameObject Type="SpriteObj" Name="unknown"  X="1530"  Y="690"  Width="60"  Height="60"  ScaleX="2"  ScaleY="2"  Rotation="0"  Flip="False"  Tag=""  LevelType="0"  BGLayer="True" SpriteName="CarnivalPoster3_Sprite" />
		<GameObject Type="SpriteObj" Name="unknown"  X="1890"  Y="690"  Width="60"  Height="60"  ScaleX="2"  ScaleY="2"  Rotation="0"  Flip="False"  Tag=""  LevelType="0"  BGLayer="True" SpriteName="CarnivalPoster2_Sprite" />
		<GameObject Type="SpriteObj" Name="unknown"  X="750"  Y="1110"  Width="60"  Height="60"  ScaleX="2"  ScaleY="2"  Rotation="0"  Flip="False"  Tag=""  LevelType="0"  BGLayer="True" SpriteName="CarnivalPoster1_Sprite" />
		<GameObject Type="SpriteObj" Name="unknown"  X="3570"  Y="390"  Width="60"  Height="60"  ScaleX="2"  ScaleY="2"  Rotation="0"  Flip="False"  Tag=""  LevelType="0"  BGLayer="True" SpriteName="CarnivalPoster1_Sprite" />
		<GameObject Type="ObjContainer" Name="unknown"  X="330"  Y="960"  Width="60"  Height="60"  ScaleX="2"  ScaleY="2"  Rotation="0"  Flip="False"  Tag=""  LevelType="0"  BGLayer="True" Weighted="False" Collidable="False" Breakable="False" SpriteName="DungeonChain1_Character" />
		<GameObject Type="ObjContainer" Name="unknown"  X="480"  Y="1020"  Width="60"  Height="60"  ScaleX="2"  ScaleY="2"  Rotation="0"  Flip="False"  Tag=""  LevelType="0"  BGLayer="True" Weighted="False" Collidable="False" Breakable="False" SpriteName="DungeonChain1_Character" />
		<GameObject Type="ObjContainer" Name="unknown"  X="540"  Y="960"  Width="60"  Height="60"  ScaleX="2"  ScaleY="2"  Rotation="0"  Flip="False"  Tag=""  LevelType="0"  BGLayer="True" Weighted="False" Collidable="False" Breakable="False" SpriteName="DungeonChain1_Character" />
		<GameObject Type="ObjContainer" Name="unknown"  X="870"  Y="900"  Width="60"  Height="60"  ScaleX="2"  ScaleY="2"  Rotation="0"  Flip="False"  Tag=""  LevelType="0"  BGLayer="True" Weighted="False" Collidable="False" Breakable="False" SpriteName="DungeonChain1_Character" />
		<GameObject Type="ObjContainer" Name="unknown"  X="960"  Y="840"  Width="60"  Height="60"  ScaleX="2"  ScaleY="2"  Rotation="0"  Flip="False"  Tag=""  LevelType="0"  BGLayer="True" Weighted="False" Collidable="False" Breakable="False" SpriteName="DungeonChain1_Character" />
		<GameObject Type="ObjContainer" Name="unknown"  X="1200"  Y="660"  Width="60"  Height="60"  ScaleX="2"  ScaleY="2"  Rotation="0"  Flip="False"  Tag=""  LevelType="0"  BGLayer="True" Weighted="False" Collidable="False" Breakable="False" SpriteName="DungeonChain1_Character" />
		<GameObject Type="ObjContainer" Name="unknown"  X="1200"  Y="780"  Width="60"  Height="60"  ScaleX="2"  ScaleY="2"  Rotation="0"  Flip="False"  Tag=""  LevelType="0"  BGLayer="True" Weighted="False" Collidable="False" Breakable="False" SpriteName="DungeonChain1_Character" />
		<GameObject Type="ObjContainer" Name="unknown"  X="1260"  Y="720"  Width="60"  Height="60"  ScaleX="2"  ScaleY="2"  Rotation="0"  Flip="False"  Tag=""  LevelType="0"  BGLayer="True" Weighted="False" Collidable="False" Breakable="False" SpriteName="DungeonChain1_Character" />
		<GameObject Type="ObjContainer" Name="unknown"  X="1380"  Y="480"  Width="60"  Height="60"  ScaleX="2"  ScaleY="2"  Rotation="0"  Flip="False"  Tag=""  LevelType="0"  BGLayer="True" Weighted="False" Collidable="False" Breakable="False" SpriteName="DungeonChain1_Character" />
		<GameObject Type="ObjContainer" Name="unknown"  X="1380"  Y="600"  Width="60"  Height="60"  ScaleX="2"  ScaleY="2"  Rotation="0"  Flip="False"  Tag=""  LevelType="0"  BGLayer="True" Weighted="False" Collidable="False" Breakable="False" SpriteName="DungeonChain1_Character" />
		<GameObject Type="ObjContainer" Name="unknown"  X="2250"  Y="510"  Width="60"  Height="60"  ScaleX="2"  ScaleY="2"  Rotation="0"  Flip="False"  Tag=""  LevelType="0"  BGLayer="True" Weighted="False" Collidable="False" Breakable="False" SpriteName="DungeonChain1_Character" />
		<GameObject Type="ObjContainer" Name="unknown"  X="2250"  Y="630"  Width="60"  Height="60"  ScaleX="2"  ScaleY="2"  Rotation="0"  Flip="False"  Tag=""  LevelType="0"  BGLayer="True" Weighted="False" Collidable="False" Breakable="False" SpriteName="DungeonChain1_Character" />
		<GameObject Type="ObjContainer" Name="unknown"  X="2310"  Y="510"  Width="60"  Height="60"  ScaleX="2"  ScaleY="2"  Rotation="0"  Flip="False"  Tag=""  LevelType="0"  BGLayer="True" Weighted="False" Collidable="False" Breakable="False" SpriteName="DungeonChain1_Character" />
		<GameObject Type="ObjContainer" Name="unknown"  X="2550"  Y="450"  Width="60"  Height="60"  ScaleX="2"  ScaleY="2"  Rotation="0"  Flip="False"  Tag=""  LevelType="0"  BGLayer="True" Weighted="False" Collidable="False" Breakable="False" SpriteName="DungeonChain1_Character" />
		<GameObject Type="ObjContainer" Name="unknown"  X="2670"  Y="240"  Width="60"  Height="60"  ScaleX="2"  ScaleY="2"  Rotation="0"  Flip="False"  Tag=""  LevelType="0"  BGLayer="True" Weighted="False" Collidable="False" Breakable="False" SpriteName="DungeonChain1_Character" />
		<GameObject Type="ObjContainer" Name="unknown"  X="2760"  Y="300"  Width="60"  Height="60"  ScaleX="2"  ScaleY="2"  Rotation="0"  Flip="False"  Tag=""  LevelType="0"  BGLayer="True" Weighted="False" Collidable="False" Breakable="False" SpriteName="DungeonChain1_Character" />
		<GameObject Type="ObjContainer" Name="unknown"  X="2880"  Y="150"  Width="60"  Height="60"  ScaleX="2"  ScaleY="2"  Rotation="0"  Flip="False"  Tag=""  LevelType="0"  BGLayer="True" Weighted="False" Collidable="False" Breakable="False" SpriteName="DungeonChain1_Character" />
		<GameObject Type="ObjContainer" Name="unknown"  X="2670"  Y="360"  Width="60"  Height="60"  ScaleX="2"  ScaleY="2"  Rotation="0"  Flip="False"  Tag=""  LevelType="0"  BGLayer="True" Weighted="False" Collidable="False" Breakable="False" SpriteName="DungeonChain1_Character" />
		<GameObject Type="ObjContainer" Name="unknown"  X="3060"  Y="210"  Width="60"  Height="60"  ScaleX="2"  ScaleY="2"  Rotation="0"  Flip="False"  Tag=""  LevelType="0"  BGLayer="True" Weighted="False" Collidable="False" Breakable="False" SpriteName="DungeonChain1_Character" />
		<GameObject Type="ObjContainer" Name="unknown"  X="3240"  Y="270"  Width="60"  Height="60"  ScaleX="2"  ScaleY="2"  Rotation="0"  Flip="False"  Tag=""  LevelType="0"  BGLayer="True" Weighted="False" Collidable="False" Breakable="False" SpriteName="DungeonChain1_Character" />
		<GameObject Type="ObjContainer" Name="unknown"  X="3570"  Y="150"  Width="60"  Height="60"  ScaleX="2"  ScaleY="2"  Rotation="0"  Flip="False"  Tag=""  LevelType="0"  BGLayer="True" Weighted="False" Collidable="False" Breakable="False" SpriteName="DungeonChain1_Character" />
		<GameObject Type="ObjContainer" Name="unknown"  X="3720"  Y="180"  Width="60"  Height="60"  ScaleX="2"  ScaleY="2"  Rotation="0"  Flip="False"  Tag=""  LevelType="0"  BGLayer="True" Weighted="False" Collidable="False" Breakable="False" SpriteName="DungeonChain1_Character" />
		<GameObject Type="ObjContainer" Name="unknown"  X="3330"  Y="270"  Width="60"  Height="60"  ScaleX="2"  ScaleY="2"  Rotation="0"  Flip="False"  Tag=""  LevelType="0"  BGLayer="True" Weighted="False" Collidable="False" Breakable="False" SpriteName="DungeonChain2_Character" />
		<GameObject Type="ObjContainer" Name="unknown"  X="2970"  Y="210"  Width="60"  Height="60"  ScaleX="2"  ScaleY="2"  Rotation="0"  Flip="True"  Tag=""  LevelType="0"  BGLayer="True" Weighted="False" Collidable="False" Breakable="False" SpriteName="DungeonChain2_Character" />
		<GameObject Type="ObjContainer" Name="unknown"  X="2460"  Y="450"  Width="60"  Height="60"  ScaleX="2"  ScaleY="2"  Rotation="0"  Flip="False"  Tag=""  LevelType="0"  BGLayer="True" Weighted="False" Collidable="False" Breakable="False" SpriteName="DungeonChain2_Character" />
		<GameObject Type="ObjContainer" Name="unknown"  X="2130"  Y="510"  Width="60"  Height="60"  ScaleX="2"  ScaleY="2"  Rotation="0"  Flip="True"  Tag=""  LevelType="0"  BGLayer="True" Weighted="False" Collidable="False" Breakable="False" SpriteName="DungeonChain2_Character" />
		<GameObject Type="ObjContainer" Name="unknown"  X="1110"  Y="720"  Width="60"  Height="60"  ScaleX="2"  ScaleY="2"  Rotation="0"  Flip="False"  Tag=""  LevelType="0"  BGLayer="True" Weighted="False" Collidable="False" Breakable="False" SpriteName="DungeonChain2_Character" />
		<GameObject Type="ObjContainer" Name="unknown"  X="780"  Y="840"  Width="60"  Height="60"  ScaleX="2"  ScaleY="2"  Rotation="0"  Flip="True"  Tag=""  LevelType="0"  BGLayer="True" Weighted="False" Collidable="False" Breakable="False" SpriteName="DungeonChain2_Character" />
		<GameObject Type="ObjContainer" Name="unknown"  X="210"  Y="960"  Width="60"  Height="60"  ScaleX="2"  ScaleY="2"  Rotation="0"  Flip="False"  Tag=""  LevelType="0"  BGLayer="True" Weighted="False" Collidable="False" Breakable="False" SpriteName="DungeonChain2_Character" />
		<GameObject Type="SpriteObj" Name="unknown"  X="1080"  Y="960"  Width="60"  Height="60"  ScaleX="2"  ScaleY="2"  Rotation="0"  Flip="False"  Tag=""  LevelType="1"  BGLayer="True" SpriteName="CastleAssetWindow1_Sprite" />
		<GameObject Type="SpriteObj" Name="unknown"  X="2100"  Y="750"  Width="60"  Height="60"  ScaleX="2"  ScaleY="2"  Rotation="0"  Flip="False"  Tag=""  LevelType="1"  BGLayer="True" SpriteName="CastleAssetWindow2_Sprite" />
		<GameObject Type="SpriteObj" Name="unknown"  X="2760"  Y="480"  Width="60"  Height="60"  ScaleX="2"  ScaleY="2"  Rotation="0"  Flip="True"  Tag=""  LevelType="1"  BGLayer="True" SpriteName="CastleAssetWindow1_Sprite" />
	</RoomObject>
</Map>