﻿<?xml version="1.0" encoding="utf-8"?>
<Map>
	<Spritesheet Name="startingRoomSpritesheet" />
	<Spritesheet Name="castleTerrainSpritesheet" />
	<Spritesheet Name="dungeonTerrainSpritesheet" />
	<Spritesheet Name="towerTerrainSpritesheet" />
	<Spritesheet Name="gardenTerrainSpritesheet" />
	<RoomObject Name="Bonus" X="0" Y="0" Width="1320" Height="720" ScaleX="1" ScaleY="1" Tag="10" SelectionMode="0" DisplayBG="False" CastlePool="True" GardenPool="True" TowerPool="True" DungeonPool="True">
		<GameObject Type="CollHullObj" Name="unknown"  X="0"  Y="420"  Width="120"  Height="300"  ScaleX="1"  ScaleY="1"  Rotation="0"  Flip="False"  Tag=""  LevelType="0"  CollidesTop="True" CollidesBottom="True" CollidesRight="True" CollidesLeft="True" />
		<GameObject Type="CollHullObj" Name="unknown"  X="120"  Y="540"  Width="1080"  Height="180"  ScaleX="1"  ScaleY="1"  Rotation="0"  Flip="False"  Tag=""  LevelType="0"  CollidesTop="True" CollidesBottom="True" CollidesRight="True" CollidesLeft="True" />
		<GameObject Type="CollHullObj" Name="unknown"  X="1200"  Y="0"  Width="120"  Height="720"  ScaleX="1"  ScaleY="1"  Rotation="0"  Flip="False"  Tag=""  LevelType="0"  CollidesTop="True" CollidesBottom="True" CollidesRight="True" CollidesLeft="True" />
		<GameObject Type="CollHullObj" Name="unknown"  X="1080"  Y="0"  Width="120"  Height="240"  ScaleX="1"  ScaleY="1"  Rotation="0"  Flip="False"  Tag=""  LevelType="0"  CollidesTop="True" CollidesBottom="True" CollidesRight="True" CollidesLeft="True" />
		<GameObject Type="CollHullObj" Name="unknown"  X="0"  Y="0"  Width="120"  Height="240"  ScaleX="1"  ScaleY="1"  Rotation="0"  Flip="False"  Tag=""  LevelType="0"  CollidesTop="True" CollidesBottom="True" CollidesRight="True" CollidesLeft="True" />
		<GameObject Type="CollHullObj" Name="unknown"  X="120"  Y="0"  Width="960"  Height="60"  ScaleX="1"  ScaleY="1"  Rotation="0"  Flip="False"  Tag=""  LevelType="0"  CollidesTop="True" CollidesBottom="True" CollidesRight="True" CollidesLeft="True" />
		<GameObject Type="CollHullObj" Name="unknown"  X="120"  Y="420"  Width="960"  Height="60"  ScaleX="1"  ScaleY="1"  Rotation="0"  Flip="False"  Tag=""  LevelType="0"  CollidesTop="True" CollidesBottom="False" CollidesRight="False" CollidesLeft="False" />
		<GameObject Type="CollHullObj" Name="unknown"  X="1080"  Y="420"  Width="120"  Height="120"  ScaleX="1"  ScaleY="1"  Rotation="0"  Flip="False"  Tag=""  LevelType="0"  CollidesTop="True" CollidesBottom="True" CollidesRight="True" CollidesLeft="True" />
		<GameObject Type="BorderObj" Name="unknown"  X="120"  Y="420"  Width="960"  Height="30"  ScaleX="1"  ScaleY="1"  Rotation="0"  Flip="False"  Tag=""  LevelType="0"  CollidesTop="True" CollidesBottom="False" CollidesRight="False" CollidesLeft="False" />
		<GameObject Type="EnemyObj" Name="unknown"  X="150"  Y="540"  Width="60"  Height="60"  ScaleX="1"  ScaleY="1"  Rotation="0"  Flip="False"  Tag=""  LevelType="0"  EnemyType="21" Difficulty="BASIC" InitialDelay="0" Procedural="False" SpriteName="EnemySpikeTrap_Character" />
		<GameObject Type="EnemyObj" Name="unknown"  X="210"  Y="540"  Width="60"  Height="60"  ScaleX="1"  ScaleY="1"  Rotation="0"  Flip="False"  Tag=""  LevelType="0"  EnemyType="21" Difficulty="BASIC" InitialDelay="0" Procedural="False" SpriteName="EnemySpikeTrap_Character" />
		<GameObject Type="EnemyObj" Name="unknown"  X="270"  Y="540"  Width="60"  Height="60"  ScaleX="1"  ScaleY="1"  Rotation="0"  Flip="False"  Tag=""  LevelType="0"  EnemyType="21" Difficulty="BASIC" InitialDelay="0" Procedural="False" SpriteName="EnemySpikeTrap_Character" />
		<GameObject Type="EnemyObj" Name="unknown"  X="330"  Y="540"  Width="60"  Height="60"  ScaleX="1"  ScaleY="1"  Rotation="0"  Flip="False"  Tag=""  LevelType="0"  EnemyType="21" Difficulty="BASIC" InitialDelay="0" Procedural="False" SpriteName="EnemySpikeTrap_Character" />
		<GameObject Type="EnemyObj" Name="unknown"  X="390"  Y="540"  Width="60"  Height="60"  ScaleX="1"  ScaleY="1"  Rotation="0"  Flip="False"  Tag=""  LevelType="0"  EnemyType="21" Difficulty="BASIC" InitialDelay="0" Procedural="False" SpriteName="EnemySpikeTrap_Character" />
		<GameObject Type="EnemyObj" Name="unknown"  X="450"  Y="540"  Width="60"  Height="60"  ScaleX="1"  ScaleY="1"  Rotation="0"  Flip="False"  Tag=""  LevelType="0"  EnemyType="21" Difficulty="BASIC" InitialDelay="0" Procedural="False" SpriteName="EnemySpikeTrap_Character" />
		<GameObject Type="EnemyObj" Name="unknown"  X="510"  Y="540"  Width="60"  Height="60"  ScaleX="1"  ScaleY="1"  Rotation="0"  Flip="False"  Tag=""  LevelType="0"  EnemyType="21" Difficulty="BASIC" InitialDelay="0" Procedural="False" SpriteName="EnemySpikeTrap_Character" />
		<GameObject Type="EnemyObj" Name="unknown"  X="570"  Y="540"  Width="60"  Height="60"  ScaleX="1"  ScaleY="1"  Rotation="0"  Flip="False"  Tag=""  LevelType="0"  EnemyType="21" Difficulty="BASIC" InitialDelay="0" Procedural="False" SpriteName="EnemySpikeTrap_Character" />
		<GameObject Type="EnemyObj" Name="unknown"  X="630"  Y="540"  Width="60"  Height="60"  ScaleX="1"  ScaleY="1"  Rotation="0"  Flip="False"  Tag=""  LevelType="0"  EnemyType="21" Difficulty="BASIC" InitialDelay="0" Procedural="False" SpriteName="EnemySpikeTrap_Character" />
		<GameObject Type="EnemyObj" Name="unknown"  X="690"  Y="540"  Width="60"  Height="60"  ScaleX="1"  ScaleY="1"  Rotation="0"  Flip="False"  Tag=""  LevelType="0"  EnemyType="21" Difficulty="BASIC" InitialDelay="0" Procedural="False" SpriteName="EnemySpikeTrap_Character" />
		<GameObject Type="EnemyObj" Name="unknown"  X="750"  Y="540"  Width="60"  Height="60"  ScaleX="1"  ScaleY="1"  Rotation="0"  Flip="False"  Tag=""  LevelType="0"  EnemyType="21" Difficulty="BASIC" InitialDelay="0" Procedural="False" SpriteName="EnemySpikeTrap_Character" />
		<GameObject Type="EnemyObj" Name="unknown"  X="810"  Y="540"  Width="60"  Height="60"  ScaleX="1"  ScaleY="1"  Rotation="0"  Flip="False"  Tag=""  LevelType="0"  EnemyType="21" Difficulty="BASIC" InitialDelay="0" Procedural="False" SpriteName="EnemySpikeTrap_Character" />
		<GameObject Type="EnemyObj" Name="unknown"  X="870"  Y="540"  Width="60"  Height="60"  ScaleX="1"  ScaleY="1"  Rotation="0"  Flip="False"  Tag=""  LevelType="0"  EnemyType="21" Difficulty="BASIC" InitialDelay="0" Procedural="False" SpriteName="EnemySpikeTrap_Character" />
		<GameObject Type="EnemyObj" Name="unknown"  X="930"  Y="540"  Width="60"  Height="60"  ScaleX="1"  ScaleY="1"  Rotation="0"  Flip="False"  Tag=""  LevelType="0"  EnemyType="21" Difficulty="BASIC" InitialDelay="0" Procedural="False" SpriteName="EnemySpikeTrap_Character" />
		<GameObject Type="EnemyObj" Name="unknown"  X="990"  Y="540"  Width="60"  Height="60"  ScaleX="1"  ScaleY="1"  Rotation="0"  Flip="False"  Tag=""  LevelType="0"  EnemyType="21" Difficulty="BASIC" InitialDelay="0" Procedural="False" SpriteName="EnemySpikeTrap_Character" />
		<GameObject Type="EnemyObj" Name="unknown"  X="1050"  Y="540"  Width="60"  Height="60"  ScaleX="1"  ScaleY="1"  Rotation="0"  Flip="False"  Tag=""  LevelType="0"  EnemyType="21" Difficulty="BASIC" InitialDelay="0" Procedural="False" SpriteName="EnemySpikeTrap_Character" />
		<GameObject Type="EnemyObj" Name="unknown"  X="150"  Y="480"  Width="60"  Height="60"  ScaleX="1"  ScaleY="1"  Rotation="0"  Flip="False"  Tag=""  LevelType="0"  EnemyType="21" Difficulty="BASIC" InitialDelay="0" Procedural="False" SpriteName="EnemySpikeTrap_Character" />
		<GameObject Type="EnemyObj" Name="unknown"  X="210"  Y="480"  Width="60"  Height="60"  ScaleX="1"  ScaleY="1"  Rotation="0"  Flip="False"  Tag=""  LevelType="0"  EnemyType="21" Difficulty="BASIC" InitialDelay="0" Procedural="False" SpriteName="EnemySpikeTrap_Character" />
		<GameObject Type="EnemyObj" Name="unknown"  X="270"  Y="480"  Width="60"  Height="60"  ScaleX="1"  ScaleY="1"  Rotation="0"  Flip="False"  Tag=""  LevelType="0"  EnemyType="21" Difficulty="BASIC" InitialDelay="0" Procedural="False" SpriteName="EnemySpikeTrap_Character" />
		<GameObject Type="EnemyObj" Name="unknown"  X="330"  Y="480"  Width="60"  Height="60"  ScaleX="1"  ScaleY="1"  Rotation="0"  Flip="False"  Tag=""  LevelType="0"  EnemyType="21" Difficulty="BASIC" InitialDelay="0" Procedural="False" SpriteName="EnemySpikeTrap_Character" />
		<GameObject Type="EnemyObj" Name="unknown"  X="390"  Y="480"  Width="60"  Height="60"  ScaleX="1"  ScaleY="1"  Rotation="0"  Flip="False"  Tag=""  LevelType="0"  EnemyType="21" Difficulty="BASIC" InitialDelay="0" Procedural="False" SpriteName="EnemySpikeTrap_Character" />
		<GameObject Type="EnemyObj" Name="unknown"  X="450"  Y="480"  Width="60"  Height="60"  ScaleX="1"  ScaleY="1"  Rotation="0"  Flip="False"  Tag=""  LevelType="0"  EnemyType="21" Difficulty="BASIC" InitialDelay="0" Procedural="False" SpriteName="EnemySpikeTrap_Character" />
		<GameObject Type="EnemyObj" Name="unknown"  X="510"  Y="480"  Width="60"  Height="60"  ScaleX="1"  ScaleY="1"  Rotation="0"  Flip="False"  Tag=""  LevelType="0"  EnemyType="21" Difficulty="BASIC" InitialDelay="0" Procedural="False" SpriteName="EnemySpikeTrap_Character" />
		<GameObject Type="EnemyObj" Name="unknown"  X="570"  Y="480"  Width="60"  Height="60"  ScaleX="1"  ScaleY="1"  Rotation="0"  Flip="False"  Tag=""  LevelType="0"  EnemyType="21" Difficulty="BASIC" InitialDelay="0" Procedural="False" SpriteName="EnemySpikeTrap_Character" />
		<GameObject Type="EnemyObj" Name="unknown"  X="630"  Y="480"  Width="60"  Height="60"  ScaleX="1"  ScaleY="1"  Rotation="0"  Flip="False"  Tag=""  LevelType="0"  EnemyType="21" Difficulty="BASIC" InitialDelay="0" Procedural="False" SpriteName="EnemySpikeTrap_Character" />
		<GameObject Type="EnemyObj" Name="unknown"  X="690"  Y="480"  Width="60"  Height="60"  ScaleX="1"  ScaleY="1"  Rotation="0"  Flip="False"  Tag=""  LevelType="0"  EnemyType="21" Difficulty="BASIC" InitialDelay="0" Procedural="False" SpriteName="EnemySpikeTrap_Character" />
		<GameObject Type="EnemyObj" Name="unknown"  X="750"  Y="480"  Width="60"  Height="60"  ScaleX="1"  ScaleY="1"  Rotation="0"  Flip="False"  Tag=""  LevelType="0"  EnemyType="21" Difficulty="BASIC" InitialDelay="0" Procedural="False" SpriteName="EnemySpikeTrap_Character" />
		<GameObject Type="EnemyObj" Name="unknown"  X="810"  Y="480"  Width="60"  Height="60"  ScaleX="1"  ScaleY="1"  Rotation="0"  Flip="False"  Tag=""  LevelType="0"  EnemyType="21" Difficulty="BASIC" InitialDelay="0" Procedural="False" SpriteName="EnemySpikeTrap_Character" />
		<GameObject Type="EnemyObj" Name="unknown"  X="870"  Y="480"  Width="60"  Height="60"  ScaleX="1"  ScaleY="1"  Rotation="0"  Flip="False"  Tag=""  LevelType="0"  EnemyType="21" Difficulty="BASIC" InitialDelay="0" Procedural="False" SpriteName="EnemySpikeTrap_Character" />
		<GameObject Type="EnemyObj" Name="unknown"  X="930"  Y="480"  Width="60"  Height="60"  ScaleX="1"  ScaleY="1"  Rotation="0"  Flip="False"  Tag=""  LevelType="0"  EnemyType="21" Difficulty="BASIC" InitialDelay="0" Procedural="False" SpriteName="EnemySpikeTrap_Character" />
		<GameObject Type="EnemyObj" Name="unknown"  X="990"  Y="480"  Width="60"  Height="60"  ScaleX="1"  ScaleY="1"  Rotation="0"  Flip="False"  Tag=""  LevelType="0"  EnemyType="21" Difficulty="BASIC" InitialDelay="0" Procedural="False" SpriteName="EnemySpikeTrap_Character" />
		<GameObject Type="EnemyObj" Name="unknown"  X="1050"  Y="480"  Width="60"  Height="60"  ScaleX="1"  ScaleY="1"  Rotation="0"  Flip="False"  Tag=""  LevelType="0"  EnemyType="21" Difficulty="BASIC" InitialDelay="0" Procedural="False" SpriteName="EnemySpikeTrap_Character" />
		<GameObject Type="EnemyObj" Name="unknown"  X="870"  Y="270"  Width="60"  Height="60"  ScaleX="1"  ScaleY="1"  Rotation="0"  Flip="False"  Tag=""  LevelType="0"  EnemyType="10" Difficulty="MINIBOSS" InitialDelay="0" Procedural="False" SpriteName="EnemyHorseRun_Character" />
		<GameObject Type="BorderObj" Name="unknown"  X="60"  Y="60"  Width="60"  Height="180"  ScaleX="1"  ScaleY="1"  Rotation="0"  Flip="False"  Tag=""  LevelType="0"  CollidesTop="False" CollidesBottom="False" CollidesRight="True" CollidesLeft="False" />
		<GameObject Type="BorderObj" Name="unknown"  X="60"  Y="420"  Width="60"  Height="120"  ScaleX="1"  ScaleY="1"  Rotation="0"  Flip="False"  Tag=""  LevelType="0"  CollidesTop="False" CollidesBottom="False" CollidesRight="True" CollidesLeft="False" />
		<GameObject Type="BorderObj" Name="unknown"  X="120"  Y="540"  Width="960"  Height="60"  ScaleX="1"  ScaleY="1"  Rotation="0"  Flip="False"  Tag=""  LevelType="0"  CollidesTop="True" CollidesBottom="False" CollidesRight="False" CollidesLeft="False" />
		<GameObject Type="BorderObj" Name="unknown"  X="1080"  Y="420"  Width="120"  Height="120"  ScaleX="1"  ScaleY="1"  Rotation="0"  Flip="False"  Tag=""  LevelType="0"  CollidesTop="True" CollidesBottom="False" CollidesRight="False" CollidesLeft="True" />
		<GameObject Type="BorderObj" Name="unknown"  X="1200"  Y="240"  Width="60"  Height="180"  ScaleX="1"  ScaleY="1"  Rotation="0"  Flip="False"  Tag=""  LevelType="0"  CollidesTop="False" CollidesBottom="False" CollidesRight="False" CollidesLeft="True" />
		<GameObject Type="BorderObj" Name="unknown"  X="1080"  Y="60"  Width="120"  Height="180"  ScaleX="1"  ScaleY="1"  Rotation="0"  Flip="False"  Tag=""  LevelType="0"  CollidesTop="False" CollidesBottom="True" CollidesRight="False" CollidesLeft="True" />
		<GameObject Type="BorderObj" Name="unknown"  X="120"  Y="0"  Width="960"  Height="60"  ScaleX="1"  ScaleY="1"  Rotation="0"  Flip="False"  Tag=""  LevelType="0"  CollidesTop="False" CollidesBottom="True" CollidesRight="False" CollidesLeft="False" />
		<GameObject Type="SpriteObj" Name="unknown"  X="390"  Y="240"  Width="60"  Height="60"  ScaleX="2"  ScaleY="2"  Rotation="0"  Flip="False"  Tag=""  LevelType="1"  BGLayer="True" SpriteName="CastleAssetWindow1_Sprite" />
		<GameObject Type="SpriteObj" Name="unknown"  X="810"  Y="240"  Width="60"  Height="60"  ScaleX="2"  ScaleY="2"  Rotation="0"  Flip="True"  Tag=""  LevelType="1"  BGLayer="True" SpriteName="CastleAssetWindow1_Sprite" />
		<GameObject Type="SpriteObj" Name="unknown"  X="120"  Y="60"  Width="60"  Height="60"  ScaleX="2"  ScaleY="2"  Rotation="0"  Flip="False"  Tag=""  LevelType="1"  BGLayer="False" SpriteName="CastleAssetWeb2_Sprite" />
		<GameObject Type="SpriteObj" Name="unknown"  X="1200"  Y="240"  Width="60"  Height="60"  ScaleX="1"  ScaleY="1"  Rotation="0"  Flip="True"  Tag=""  LevelType="1"  BGLayer="False" SpriteName="CastleAssetWeb1_Sprite" />
		<GameObject Type="PhysicsObjContainer" Name="unknown"  X="450"  Y="420"  Width="60"  Height="60"  ScaleX="2"  ScaleY="2"  Rotation="0"  Flip="False"  Tag=""  LevelType="1"  BGLayer="False" Weighted="False" Collidable="False" Breakable="True" SpriteName="BreakableBarrel2_Character" />
		<GameObject Type="PhysicsObjContainer" Name="unknown"  X="750"  Y="420"  Width="60"  Height="60"  ScaleX="2"  ScaleY="2"  Rotation="0"  Flip="False"  Tag=""  LevelType="1"  BGLayer="False" Weighted="True" Collidable="False" Breakable="True" SpriteName="BreakableBarrel1_Character" />
		<GameObject Type="PhysicsObjContainer" Name="unknown"  X="840"  Y="420"  Width="60"  Height="60"  ScaleX="2"  ScaleY="2"  Rotation="0"  Flip="False"  Tag=""  LevelType="1"  BGLayer="False" Weighted="True" Collidable="False" Breakable="True" SpriteName="BreakableBarrel1_Character" />
		<GameObject Type="ChestObj" Name="unknown"  X="570"  Y="360"  Width="60"  Height="60"  ScaleX="1"  ScaleY="1"  Rotation="0"  Flip="False"  Tag=""  LevelType="0"  Fairy="False" />
		<GameObject Type="DoorObj" Name="unknown"  X="0"  Y="240"  Width="120"  Height="180"  ScaleX="1"  ScaleY="1"  Rotation="0"  Flip="False"  Tag=""  LevelType="0"  DoorPos="Left" BossDoor="False" />
		<GameObject Type="ObjContainer" Name="unknown"  X="600"  Y="180"  Width="60"  Height="60"  ScaleX="2"  ScaleY="2"  Rotation="0"  Flip="False"  Tag=""  LevelType="1"  BGLayer="False" Weighted="False" Collidable="False" Breakable="False" SpriteName="CastleAssetBackTorch_Character" />
	</RoomObject>
</Map>